# Alias OBJ Model File
# Exported from SketchUp, (c) 2000-2012 Trimble Navigation Limited
# File units = meters

mtllib speaker_frame.mtl

g Mesh1 Component_3 Model

usemtl _auto_
v -0.0724602 1.38836 -0.170803
vt 2.8325 -1.5643
vn 1.11947e-15 -0.943878 -0.330294
v -0.0716944 1.38836 -0.170803
vt 2.80235 -1.5643
v -0.0716944 1.38803 -0.169863
vt 2.80235 -1.60353
vn 1.38588e-15 -0.915054 -0.403331
v -0.0724602 1.38803 -0.169863
vt 2.8325 -1.60353
f 1/1/1 2/2/1 3/3/2 4/4/2 

vt 2.80235 -0.41883
vn 4.44608e-16 -0.983927 -0.178572
vt 2.8325 -0.41883
v -0.0724602 1.38854 -0.171784
vt 2.8325 -0.3796
vn 2.20409e-16 -0.994904 -0.100824
v -0.0716944 1.38854 -0.171784
vt 2.80235 -0.3796
f 2/5/3 1/6/3 5/7/4 6/8/4 

v -0.0724602 1.37608 -0.174045
vt -0.0326536 -7.86286
vn -1 -3.59791e-16 4.74208e-16
v -0.0724602 1.37641 -0.174985
vt -0.0710252 -7.8547
vn -1 -4.20175e-16 7.02966e-16
v -0.0724602 1.37689 -0.175863
vt -0.107648 -7.84064
v -0.0724602 1.37749 -0.176655
vt -0.14162 -7.82102
v -0.0724602 1.37821 -0.177344
vt -0.172105 -7.79633
v -0.0724602 1.37903 -0.177912
vt -0.198352 -7.76717
v -0.0724602 1.37993 -0.178344
vt -0.219715 -7.73427
v -0.0724602 1.38088 -0.17863
vt -0.235668 -7.69843
v -0.0724602 1.38187 -0.178764
vt -0.245818 -7.66054
v -0.0724602 1.38286 -0.178742
vt -0.249915 -7.62152
v -0.0724602 1.38384 -0.178564
vt -0.247858 -7.58235
v -0.0724602 1.38478 -0.178235
vt -0.239699 -7.54397
v -0.0724602 1.38566 -0.177763
vt -0.225637 -7.50735
v -0.0724602 1.38646 -0.177159
vt -0.206019 -7.47338
v -0.0724602 1.38714 -0.176439
vt -0.181328 -7.4429
v -0.0724602 1.38771 -0.17562
vt -0.152173 -7.41665
v -0.0724602 1.38814 -0.174722
vt -0.11927 -7.39529
v -0.0724602 1.38843 -0.173767
vt -0.0834307 -7.37933
v -0.0724602 1.38856 -0.17278
vt -0.045537 -7.36918
vt -0.006522 -7.36509
vt 0.0326536 -7.36714
vt 0.0710252 -7.3753
v -0.0724602 1.38756 -0.168986
vt 0.107648 -7.38936
v -0.0724602 1.38696 -0.168193
vt 0.14162 -7.40898
v -0.0724602 1.38624 -0.167504
vt 0.172105 -7.43367
v -0.0724602 1.38542 -0.166937
vt 0.198352 -7.46283
v -0.0724602 1.38452 -0.166504
vt 0.219715 -7.49573
v -0.0724602 1.38357 -0.166218
vt 0.235668 -7.53157
v -0.0724602 1.38258 -0.166084
vt 0.245818 -7.56946
v -0.0724602 1.38158 -0.166106
vt 0.249915 -7.60848
v -0.0724602 1.3806 -0.166284
vt 0.247858 -7.64765
v -0.0724602 1.37966 -0.166614
vt 0.239699 -7.68603
v -0.0724602 1.37879 -0.167086
vt 0.225637 -7.72265
v -0.0724602 1.37799 -0.167689
vt 0.206019 -7.75662
v -0.0724602 1.3773 -0.16841
vt 0.181328 -7.7871
v -0.0724602 1.37674 -0.169229
vt 0.152173 -7.81335
v -0.0724602 1.3763 -0.170126
vt 0.11927 -7.83471
v -0.0724602 1.37602 -0.171081
vt 0.0834307 -7.85067
v -0.0724602 1.37588 -0.172068
vt 0.045537 -7.86082
v -0.0724602 1.37591 -0.173064
vt 0.006522 -7.86491
v -0.0724602 1.36994 -0.175665
vt -0.0653072 -8.11072
v -0.0724602 1.36959 -0.173705
vt 0.013044 -8.11483
v -0.0724602 1.36954 -0.171712
vt 0.091074 -8.10664
v -0.0724602 1.36981 -0.169737
vt 0.166861 -8.08634
v -0.0724602 1.37038 -0.167829
vt 0.23854 -8.05443
v -0.0724602 1.37125 -0.166033
vt 0.304345 -8.0117
v -0.0724602 1.37238 -0.164395
vt 0.362657 -7.95921
v -0.0724602 1.37376 -0.162955
vt 0.412038 -7.89824
v -0.0724602 1.37535 -0.161747
vt 0.451273 -7.8303
v -0.0724602 1.3771 -0.160803
vt 0.479397 -7.75705
v -0.0724602 1.37898 -0.160145
vt 0.495717 -7.68031
v -0.0724602 1.38094 -0.159789
vt 0.49983 -7.60196
v -0.0724602 1.38294 -0.159744
vt 0.491636 -7.52393
v -0.0724602 1.38491 -0.160012
vt 0.471336 -7.44814
v -0.0724602 1.38682 -0.160585
vt 0.43943 -7.37646
v -0.0724602 1.38861 -0.161449
vt 0.396704 -7.31065
v -0.0724602 1.39025 -0.162584
vt 0.34421 -7.25234
v -0.0724602 1.39169 -0.163961
vt 0.28324 -7.20296
v -0.0724602 1.3929 -0.165547
vt 0.215296 -7.16373
v -0.0724602 1.39384 -0.167302
vt 0.14205 -7.1356
v -0.0724602 1.3945 -0.169183
vt 0.0653072 -7.11928
v -0.0724602 1.39486 -0.171144
vt -0.013044 -7.11517
v -0.0724602 1.3949 -0.173136
vt -0.091074 -7.12336
v -0.0724602 1.39464 -0.175111
vt -0.166861 -7.14366
v -0.0724602 1.39406 -0.17702
vt -0.23854 -7.17557
v -0.0724602 1.3932 -0.178815
vt -0.304345 -7.2183
v -0.0724602 1.39206 -0.180453
vt -0.362657 -7.27079
v -0.0724602 1.39069 -0.181894
vt -0.412038 -7.33176
v -0.0724602 1.3891 -0.183101
vt -0.451273 -7.3997
v -0.0724602 1.38735 -0.184045
vt -0.479397 -7.47295
v -0.0724602 1.38547 -0.184704
vt -0.495717 -7.54969
v -0.0724602 1.3835 -0.185059
vt -0.49983 -7.62804
v -0.0724602 1.38151 -0.185104
vt -0.491636 -7.70607
v -0.0724602 1.37954 -0.184837
vt -0.471336 -7.78186
v -0.0724602 1.37763 -0.184264
vt -0.43943 -7.85354
v -0.0724602 1.37583 -0.183399
vt -0.396704 -7.91935
v -0.0724602 1.37419 -0.182264
vt -0.34421 -7.97766
v -0.0724602 1.37275 -0.180887
vt -0.28324 -8.02704
v -0.0724602 1.37155 -0.179301
vt -0.215296 -8.06627
v -0.0724602 1.3706 -0.177546
vt -0.14205 -8.0944
f 7/9/5 8/10/6 9/11/6 10/12/6 11/13/6 12/14/6 13/15/6 14/16/6 15/17/6 16/18/6 17/19/6 18/20/6 19/21/6 20/22/6 21/23/6 22/24/6 23/25/6 24/26/6 25/27/6 5/28/6 1/29/6 4/30/6 26/31/6 27/32/6 28/33/6 29/34/6 30/35/6 31/36/6 32/37/6 33/38/6 34/39/6 35/40/6 36/41/6 37/42/6 38/43/6 39/44/6 40/45/6 41/46/6 42/47/6 43/48/5 44/49/5 45/50/6 46/51/6 47/52/6 48/53/6 49/54/6 50/55/6 51/56/6 52/57/6 53/58/6 54/59/6 55/60/6 56/61/6 57/62/6 58/63/6 59/64/6 60/65/6 61/66/6 62/67/6 63/68/6 64/69/6 65/70/6 66/71/6 67/72/6 68/73/6 69/74/6 70/75/6 71/76/6 72/77/6 73/78/6 74/79/6 75/80/6 76/81/6 77/82/6 78/83/6 79/84/6 80/85/6 81/86/6 82/87/6 83/88/5 

vt -2.8325 -1.60353
vn -8.89481e-18 0.966883 0.25522
v -0.0716944 1.37608 -0.174045
vt -2.80235 -1.60353
v -0.0716944 1.37641 -0.174985
vt -2.80235 -1.5643
vn 4.68196e-16 0.915054 0.403331
vt -2.8325 -1.5643
f 7/89/7 84/90/7 85/91/8 8/92/8 

vt -2.8325 -0.41883
vn -2.98029e-16 0.994904 0.100824
v -0.0716944 1.37591 -0.173064
vt -2.80235 -0.41883
vt -2.80235 -0.3796
vt -2.8325 -0.3796
f 43/93/9 86/94/9 84/95/7 7/96/7 

vt 2.8325 -0.775696
vn -5.17458e-16 0.998428 -0.0560551
v -0.0716944 1.37588 -0.172068
vt 2.80235 -0.775696
vt 2.80235 -0.814925
vt 2.8325 -0.814925
f 42/97/10 87/98/10 86/99/9 43/100/9 

vt 2.8325 -1.95064
vn -7.20111e-16 0.977366 -0.211553
v -0.0716944 1.37602 -0.171081
vt 2.80235 -1.95064
vt 2.80235 -1.98987
vt 2.8325 -1.98987
f 41/101/11 88/102/11 87/103/10 42/104/10 

vt 2.80235 -3.1163
vt 2.8325 -3.1163
vt 2.8325 -3.07707
vn -7.19017e-16 0.932239 -0.361843
v -0.0716944 1.3763 -0.170126
vt 2.80235 -3.07707
f 88/105/11 41/106/11 40/107/12 89/108/12 

vt 2.8325 -4.12724
vn -5.12559e-16 0.864157 -0.503222
v -0.0716944 1.37674 -0.169229
vt 2.80235 -4.12724
vt 2.80235 -4.16647
vt 2.8325 -4.16647
f 39/109/13 90/110/13 89/111/12 40/112/12 

vt 2.80235 -5.11454
vt 2.8325 -5.11454
vt 2.8325 -5.07531
vn -5.73105e-16 0.774797 -0.632211
v -0.0716944 1.3773 -0.16841
vt 2.80235 -5.07531
f 90/113/13 39/114/13 38/115/14 91/116/14 

vt 2.8325 -5.89793
vn -1.3585e-15 0.666358 -0.745632
v -0.0716944 1.37799 -0.167689
vt 2.80235 -5.89793
vt 2.80235 -5.93715
vt 2.8325 -5.93715
f 37/117/15 92/118/15 91/119/14 38/120/14 

vt 2.8325 -6.57483
vn -2.01715e-15 0.541512 -0.840693
v -0.0716944 1.37879 -0.167086
vt 2.80235 -6.57483
vt 2.80235 -6.61406
vt 2.8325 -6.61406
f 36/121/16 93/122/16 92/123/15 37/124/15 

vt 2.80235 -7.12859
vt 2.8325 -7.12859
vt 2.8325 -7.08936
vn -1.65017e-15 0.403331 -0.915054
v -0.0716944 1.37966 -0.166614
vt 2.80235 -7.08936
f 93/125/16 36/126/16 35/127/17 94/128/17 

vt 2.8325 -7.42884
vn -9.89528e-16 0.25522 -0.966883
v -0.0716944 1.3806 -0.166284
vt 2.80235 -7.42884
vt 2.80235 -7.46807
vt 2.8325 -7.46807
f 34/129/18 95/130/18 94/131/17 35/132/17 

vt 2.80235 -7.62414
vt 2.8325 -7.62414
vt 2.8325 -7.58491
vn -8.18249e-16 0.100824 -0.994904
v -0.0716944 1.38158 -0.166106
vt 2.80235 -7.58491
f 95/133/18 34/134/18 33/135/19 96/136/19 

vt 2.8325 -7.55374
vn -1.55838e-15 -0.0560551 -0.998428
v -0.0716944 1.38258 -0.166084
vt 2.80235 -7.55374
vt 2.80235 -7.59297
vt 2.8325 -7.59297
f 32/137/20 97/138/20 96/139/19 33/140/19 

vt 2.8325 -7.33609
vn -1.40355e-16 -0.211553 -0.977366
v -0.0716944 1.38357 -0.166218
vt 2.80235 -7.33609
vt 2.80235 -7.37532
vt 2.8325 -7.37532
f 31/141/21 98/142/21 97/143/20 32/144/20 

vt 2.80235 -6.97654
vt 2.8325 -6.97654
vt 2.8325 -6.93731
vn 2.08558e-15 -0.361843 -0.932239
v -0.0716944 1.38452 -0.166504
vt 2.80235 -6.93731
f 98/145/21 31/146/21 30/147/22 99/148/22 

vt 2.8325 -6.36723
vn 2.4597e-15 -0.503222 -0.864157
v -0.0716944 1.38542 -0.166937
vt 2.80235 -6.36723
vt 2.80235 -6.40646
vt 2.8325 -6.40646
f 29/149/23 100/150/23 99/151/22 30/152/22 

vt 2.80235 -5.67912
vt 2.8325 -5.67912
vt 2.8325 -5.63989
vn 2.67084e-15 -0.632211 -0.774797
v -0.0716944 1.38624 -0.167504
vt 2.80235 -5.63989
f 100/153/23 29/154/23 28/155/24 101/156/24 

vt 2.8325 -4.77319
vn 2.35149e-15 -0.745632 -0.666358
v -0.0716944 1.38696 -0.168193
vt 2.80235 -4.77319
vt 2.80235 -4.81242
vt 2.8325 -4.81242
f 27/157/25 102/158/25 101/159/24 28/160/24 

vt 2.8325 -3.78847
vn 1.85653e-15 -0.840693 -0.541512
v -0.0716944 1.38756 -0.168986
vt 2.80235 -3.78847
vt 2.80235 -3.8277
vt 2.8325 -3.8277
f 26/161/26 103/162/26 102/163/25 27/164/25 

vt 2.80235 -2.74922
vt 2.8325 -2.74922
vt 2.8325 -2.70999
vt 2.80235 -2.70999
f 103/165/26 26/166/26 4/167/2 3/168/2 

vn -1 -1.30143e-14 1.49632e-14
vn -1 -6.83206e-16 2.20924e-15
v -0.0716944 1.38856 -0.17278
v -0.0716944 1.38843 -0.173767
v -0.0716944 1.38814 -0.174722
v -0.0716944 1.38771 -0.17562
v -0.0716944 1.38714 -0.176439
v -0.0716944 1.38646 -0.177159
v -0.0716944 1.38566 -0.177763
v -0.0716944 1.38478 -0.178235
v -0.0716944 1.38384 -0.178564
v -0.0716944 1.38286 -0.178742
v -0.0716944 1.38187 -0.178764
v -0.0716944 1.38088 -0.17863
v -0.0716944 1.37993 -0.178344
v -0.0716944 1.37903 -0.177912
v -0.0716944 1.37821 -0.177344
v -0.0716944 1.37749 -0.176655
v -0.0716944 1.37689 -0.175863
v -0.0716944 1.37836 -0.169774
vt 0.122776 -7.75256
v -0.0716944 1.37793 -0.170118
vt 0.111479 -7.77099
v -0.0716944 1.37757 -0.170524
vt 0.097436 -7.78744
v -0.0716944 1.37726 -0.170984
vt 0.080994 -7.80148
v -0.0716944 1.37704 -0.171485
vt 0.0625577 -7.81278
v -0.0716944 1.3769 -0.172015
vt 0.0425811 -7.82105
v -0.0716944 1.37684 -0.172561
vt 0.0215559 -7.8261
v -0.0716944 1.37686 -0.173109
vt 1.57211e-14 -7.8278
v -0.0716944 1.37697 -0.173647
vt -0.0215559 -7.8261
v -0.0716944 1.37717 -0.17416
vt -0.0425811 -7.82105
v -0.0716944 1.37744 -0.174637
vt -0.0625577 -7.81278
v -0.0716944 1.37779 -0.175065
vt -0.080994 -7.80148
v -0.0716944 1.37819 -0.175434
vt -0.097436 -7.78744
v -0.0716944 1.37865 -0.175735
vt -0.111479 -7.77099
v -0.0716944 1.37915 -0.17596
vt -0.122776 -7.75256
v -0.0716944 1.37968 -0.176104
vt -0.131051 -7.73258
v -0.0716944 1.38023 -0.176164
vt -0.136099 -7.71156
v -0.0716944 1.38078 -0.176137
vt -0.137795 -7.69
v -0.0716944 1.38456 -0.175654
vt -0.137795 -7.54
v -0.0716944 1.38509 -0.175542
vt -0.136099 -7.51844
v -0.0716944 1.38561 -0.175347
vt -0.131051 -7.49742
v -0.0716944 1.38608 -0.175075
vt -0.122776 -7.47744
v -0.0716944 1.38651 -0.174731
vt -0.111479 -7.45901
v -0.0716944 1.38688 -0.174324
vt -0.097436 -7.44256
v -0.0716944 1.38718 -0.173864
vt -0.080994 -7.42852
v -0.0716944 1.38741 -0.173364
vt -0.0625577 -7.41722
v -0.0716944 1.38755 -0.172834
vt -0.0425811 -7.40895
v -0.0716944 1.38761 -0.172288
vt -0.0215559 -7.4039
v -0.0716944 1.38759 -0.171739
vt 1.57211e-14 -7.4022
v -0.0716944 1.38747 -0.171201
vt 0.0215559 -7.4039
v -0.0716944 1.38728 -0.170688
vt 0.0425811 -7.40895
v -0.0716944 1.38701 -0.170211
vt 0.0625577 -7.41722
v -0.0716944 1.38666 -0.169783
vt 0.080994 -7.42852
v -0.0716944 1.38625 -0.169414
vt 0.097436 -7.44256
v -0.0716944 1.3858 -0.169113
vt 0.111479 -7.45901
v -0.0716944 1.38529 -0.168888
vt 0.122776 -7.47744
v -0.0716944 1.38476 -0.168744
vt 0.131051 -7.49742
v -0.0716944 1.38422 -0.168684
vt 0.136099 -7.51844
v -0.0716944 1.38367 -0.168711
vt 0.137795 -7.54
v -0.0716944 1.37989 -0.169194
vt 0.137795 -7.69
v -0.0716944 1.37935 -0.169306
vt 0.136099 -7.71156
v -0.0716944 1.37884 -0.169501
vt 0.131051 -7.73258
f 92/42/27 93/41/28 94/40/28 95/39/28 96/38/28 97/37/28 98/36/28 99/35/28 100/34/28 101/33/28 102/32/28 103/31/28 3/30/28 2/29/28 6/28/28 104/27/28 105/26/28 106/25/28 107/24/28 108/23/28 109/22/28 110/21/28 111/20/28 112/19/28 113/18/28 114/17/28 115/16/28 116/15/28 117/14/28 118/13/28 119/12/28 120/11/28 85/10/28 84/9/28 86/48/28 87/47/28 88/46/28 89/45/28 90/44/28 91/43/27 121/169/27 122/170/28 123/171/28 124/172/28 125/173/28 126/174/28 127/175/28 128/176/28 129/177/28 130/178/28 131/179/28 132/180/28 133/181/28 134/182/28 135/183/28 136/184/28 137/185/28 138/186/28 139/187/28 140/188/28 141/189/28 142/190/28 143/191/28 144/192/28 145/193/28 146/194/28 147/195/28 148/196/28 149/197/28 150/198/28 151/199/28 152/200/28 153/201/28 154/202/28 155/203/28 156/204/28 157/205/28 158/206/28 159/207/28 160/208/28 161/209/28 162/210/27 

vt -2.8325 -0.814925
vn -1.77766e-16 -0.998428 0.0560551
vt -2.80235 -0.814925
vt -2.80235 -0.775696
vt -2.8325 -0.775696
f 25/211/29 104/212/29 6/213/4 5/214/4 

vt -2.8325 -1.98987
vn -4.07683e-16 -0.977366 0.211553
vt -2.80235 -1.98987
vt -2.80235 -1.95064
vt -2.8325 -1.95064
f 24/215/30 105/216/30 104/217/29 25/218/29 

vt -2.80235 -3.07707
vt -2.8325 -3.07707
vt -2.8325 -3.1163
vn -6.79041e-16 -0.932239 0.361843
vt -2.80235 -3.1163
f 105/219/30 24/220/30 23/221/31 106/222/31 

vt -2.8325 -4.16647
vn -1.17357e-15 -0.864157 0.503222
vt -2.80235 -4.16647
vt -2.80235 -4.12724
vt -2.8325 -4.12724
f 22/223/32 107/224/32 106/225/31 23/226/31 

vt -2.80235 -5.07531
vt -2.8325 -5.07531
vt -2.8325 -5.11454
vn -1.42829e-15 -0.774797 0.632211
vt -2.80235 -5.11454
f 107/227/32 22/228/32 21/229/33 108/230/33 

vt -2.8325 -5.93715
vn -1.12105e-15 -0.666358 0.745632
vt -2.80235 -5.93715
vt -2.80235 -5.89793
vt -2.8325 -5.89793
f 20/231/34 109/232/34 108/233/33 21/234/33 

vt -2.8325 -6.61406
vn -4.5663e-16 -0.541512 0.840693
vt -2.80235 -6.61406
vt -2.80235 -6.57483
vt -2.8325 -6.57483
f 19/235/35 110/236/35 109/237/34 20/238/34 

vt -2.80235 -7.08936
vt -2.8325 -7.08936
vt -2.8325 -7.12859
vn 1.21641e-16 -0.403331 0.915054
vt -2.80235 -7.12859
f 110/239/35 19/240/35 18/241/36 111/242/36 

vt -2.8325 -7.46807
vn 5.37914e-16 -0.25522 0.966883
vt -2.80235 -7.46807
vt -2.80235 -7.42884
vt -2.8325 -7.42884
f 17/243/37 112/244/37 111/245/36 18/246/36 

vt -2.80235 -7.58491
vt -2.8325 -7.58491
vt -2.8325 -7.62414
vn 1.95359e-16 -0.100824 0.994904
vt -2.80235 -7.62414
f 112/247/37 17/248/37 16/249/38 113/250/38 

vt -2.8325 -7.59297
vn -1.54593e-15 0.0560551 0.998428
vt -2.80235 -7.59297
vt -2.80235 -7.55374
vt -2.8325 -7.55374
f 15/251/39 114/252/39 113/253/38 16/254/38 

vt -2.8325 -7.37532
vn -6.58636e-16 0.211553 0.977366
vt -2.80235 -7.37532
vt -2.80235 -7.33609
vt -2.8325 -7.33609
f 14/255/40 115/256/40 114/257/39 15/258/39 

vt -2.80235 -6.93731
vt -2.8325 -6.93731
vt -2.8325 -6.97654
vn 1.71483e-15 0.361843 0.932239
vt -2.80235 -6.97654
f 115/259/40 14/260/40 13/261/41 116/262/41 

vt -2.8325 -6.40646
vn 2.04986e-15 0.503222 0.864157
vt -2.80235 -6.40646
vt -2.80235 -6.36723
vt -2.8325 -6.36723
f 12/263/42 117/264/42 116/265/41 13/266/41 

vt -2.80235 -5.63989
vt -2.8325 -5.63989
vt -2.8325 -5.67912
vn 1.75205e-15 0.632211 0.774797
vt -2.80235 -5.67912
f 117/267/42 12/268/42 11/269/43 118/270/43 

vt -2.8325 -4.81242
vn 1.20738e-15 0.745632 0.666358
vt -2.80235 -4.81242
vt -2.80235 -4.77319
vt -2.8325 -4.77319
f 10/271/44 119/272/44 118/273/43 11/274/43 

vt -2.8325 -3.8277
vn 8.69993e-16 0.840693 0.541512
vt -2.80235 -3.8277
vt -2.80235 -3.78847
vt -2.8325 -3.78847
f 9/275/45 120/276/45 119/277/44 10/278/44 

vt -2.80235 -2.70999
vt -2.8325 -2.70999
vt -2.8325 -2.74922
vt -2.80235 -2.74922
f 120/279/45 9/280/45 8/281/8 85/282/8 

f 91/43/27 92/42/27 162/210/27 121/169/27 

v -0.0671986 1.37836 -0.169774
vt 2.62535 -7.11544
vn -3.69232e-15 0.563259 -0.82628
vt 2.80235 -7.11544
vt 2.80235 -7.09382
vn -3.92912e-15 0.427066 -0.904221
v -0.0671986 1.37884 -0.169501
vt 2.62535 -7.09382
f 163/283/46 121/284/46 162/285/47 164/286/47 

vt 2.80235 -6.54599
vt 2.62535 -6.54599
v -0.0671986 1.37793 -0.170118
vt 2.62535 -6.56761
vn -3.3362e-15 0.685583 -0.727994
vt 2.80235 -6.56761
f 121/287/46 163/288/46 165/289/48 122/290/48 

v -0.0671986 1.38456 -0.175654
vn 1 -2.65252e-15 1.54187e-14
v -0.0671986 1.38078 -0.176137
vn 1 3.52184e-16 -7.68382e-16
v -0.0671986 1.38023 -0.176164
v -0.0671986 1.37968 -0.176104
v -0.0671986 1.37915 -0.17596
v -0.0671986 1.37865 -0.175735
v -0.0671986 1.37819 -0.175434
v -0.0671986 1.37779 -0.175065
v -0.0671986 1.37744 -0.174637
v -0.0671986 1.37717 -0.17416
v -0.0671986 1.37697 -0.173647
v -0.0671986 1.37686 -0.173109
vt -1.99369e-14 -7.8278
v -0.0671986 1.37684 -0.172561
v -0.0671986 1.3769 -0.172015
v -0.0671986 1.37704 -0.171485
v -0.0671986 1.37726 -0.170984
v -0.0671986 1.37757 -0.170524
v -0.0671986 1.37935 -0.169306
v -0.0671986 1.37989 -0.169194
v -0.0671986 1.38367 -0.168711
v -0.0671986 1.38422 -0.168684
v -0.0671986 1.38476 -0.168744
v -0.0671986 1.38529 -0.168888
v -0.0671986 1.3858 -0.169113
v -0.0671986 1.38625 -0.169414
v -0.0671986 1.38666 -0.169783
v -0.0671986 1.38701 -0.170211
v -0.0671986 1.38728 -0.170688
v -0.0671986 1.38747 -0.171201
v -0.0671986 1.38759 -0.171739
vt -1.99369e-14 -7.4022
v -0.0671986 1.38761 -0.172288
v -0.0671986 1.38755 -0.172834
v -0.0671986 1.38741 -0.173364
v -0.0671986 1.38718 -0.173864
v -0.0671986 1.38688 -0.174324
v -0.0671986 1.38651 -0.174731
v -0.0671986 1.38608 -0.175075
v -0.0671986 1.38561 -0.175347
v -0.0671986 1.38509 -0.175542
v -0.0671986 1.38507 -0.1781
vt 0.235873 -7.53215
v -0.0671986 1.38592 -0.177585
vt 0.220008 -7.49627
v -0.0671986 1.38669 -0.176943
vt 0.198727 -7.46332
v -0.0671986 1.38734 -0.176189
vt 0.172552 -7.4341
v -0.0671986 1.38786 -0.175343
vt 0.142128 -7.40933
v -0.0671986 1.38825 -0.174425
vt 0.108204 -7.38963
v -0.0671986 1.38849 -0.173457
vt 0.0716162 -7.37548
v -0.0671986 1.38857 -0.172465
vt 0.0332649 -7.36722
v -0.0671986 1.3885 -0.171471
vt -0.00590548 -7.36507
v -0.0671986 1.38828 -0.1705
vt -0.0449305 -7.36907
v -0.0671986 1.3879 -0.169577
vt -0.0828491 -7.37913
v -0.0671986 1.38738 -0.168724
vt -0.118728 -7.39499
v -0.0671986 1.38674 -0.167963
vt -0.151683 -7.41627
v -0.0671986 1.38599 -0.167311
vt -0.180903 -7.44245
v -0.0671986 1.38514 -0.166785
vt -0.205669 -7.47287
v -0.0671986 1.38422 -0.166398
vt -0.225371 -7.5068
v -0.0671986 1.38326 -0.166159
vt -0.239523 -7.54338
v -0.0671986 1.38226 -0.166074
vt -0.247777 -7.58174
v -0.0671986 1.38127 -0.166146
vt -0.24993 -7.62091
v -0.0671986 1.3803 -0.166373
vt -0.245929 -7.65993
v -0.0671986 1.37938 -0.166748
vt -0.235873 -7.69785
v -0.0671986 1.37852 -0.167263
vt -0.220008 -7.73373
v -0.0671986 1.37776 -0.167905
vt -0.198727 -7.76668
v -0.0671986 1.37711 -0.168659
vt -0.172552 -7.7959
v -0.0671986 1.37658 -0.169505
vt -0.142128 -7.82067
v -0.0671986 1.3762 -0.170423
vt -0.108204 -7.84037
v -0.0671986 1.37596 -0.171391
vt -0.0716162 -7.85452
v -0.0671986 1.37587 -0.172384
vt -0.0332649 -7.86278
v -0.0671986 1.37595 -0.173377
vt 0.00590548 -7.86493
v -0.0671986 1.37617 -0.174348
vt 0.0449305 -7.86093
v -0.0671986 1.37655 -0.175271
vt 0.0828491 -7.85087
v -0.0671986 1.37706 -0.176124
vt 0.118728 -7.83501
v -0.0671986 1.37771 -0.176886
vt 0.151683 -7.81373
v -0.0671986 1.37846 -0.177537
vt 0.180903 -7.78755
v -0.0671986 1.3793 -0.178064
vt 0.205669 -7.75713
v -0.0671986 1.38022 -0.178451
vt 0.225371 -7.7232
v -0.0671986 1.38119 -0.178689
vt 0.239523 -7.68662
v -0.0671986 1.38218 -0.178774
vt 0.247777 -7.64826
v -0.0671986 1.38318 -0.178702
vt 0.24993 -7.60909
v -0.0671986 1.38415 -0.178476
vt 0.245929 -7.57007
f 166/207/49 167/208/50 168/209/50 169/210/50 170/169/50 171/170/50 172/171/50 173/172/50 174/173/50 175/174/50 176/175/50 177/291/50 178/177/50 179/178/50 180/179/50 181/180/50 182/181/50 165/182/50 163/183/50 164/184/50 183/185/50 184/186/50 185/187/50 186/188/50 187/189/50 188/190/50 189/191/50 190/192/50 191/193/50 192/194/50 193/195/50 194/196/50 195/292/50 196/198/50 197/199/50 198/200/50 199/201/50 200/202/50 201/203/50 202/204/50 203/205/50 204/206/49 205/293/49 206/294/50 207/295/50 208/296/50 209/297/50 210/298/50 211/299/50 212/300/50 213/301/50 214/302/50 215/303/50 216/304/50 217/305/50 218/306/50 219/307/50 220/308/50 221/309/50 222/310/50 223/311/50 224/312/50 225/313/50 226/314/50 227/315/50 228/316/50 229/317/50 230/318/50 231/319/50 232/320/50 233/321/50 234/322/50 235/323/50 236/324/50 237/325/50 238/326/50 239/327/50 240/328/50 241/329/50 242/330/50 243/331/50 244/332/49 

vt -2.80235 -7.54
vn 1.3791e-15 -0.126744 0.991935
vt -2.80235 -7.69
vt -2.62535 -7.69
vt -2.62535 -7.54
f 139/333/51 138/334/51 167/335/51 166/336/51 

vt -2.62535 -7.65548
vn 2.13564e-15 -0.0485272 0.998822
vt -2.80235 -7.65548
vt -2.80235 -7.67711
vn 1.90381e-15 0.029989 0.99955
vt -2.62535 -7.67711
f 167/337/52 138/338/52 137/339/53 168/340/53 

vt -2.80235 -7.48834
vn 1.67536e-15 0.185984 0.982553
vt -2.62535 -7.48834
vt -2.62535 -7.46671
vt -2.80235 -7.46671
f 136/341/54 169/342/54 168/343/53 137/344/53 

vt -2.80235 -7.09382
vt -2.80235 -7.11544
vn 9.91448e-16 0.337399 0.941362
vt -2.62535 -7.11544
vt -2.62535 -7.09382
f 136/345/54 135/346/55 170/347/55 169/348/54 

vt -2.62535 -6.54599
vt -2.80235 -6.54599
vt -2.80235 -6.56761
vn 7.02349e-17 0.480507 0.876991
vt -2.62535 -6.56761
f 170/349/55 135/350/55 134/351/56 171/352/56 

vt -2.80235 -5.85833
vn 5.76798e-16 0.611783 0.791026
vt -2.62535 -5.85833
vt -2.62535 -5.83671
vt -2.80235 -5.83671
f 133/353/57 172/354/57 171/355/56 134/356/56 

vt -2.62535 -4.98344
vt -2.80235 -4.98344
vt -2.80235 -5.00507
vn 1.19127e-15 0.727994 0.685583
vt -2.62535 -5.00507
f 172/357/57 133/358/57 132/359/58 173/360/58 

vt -2.80235 -4.02883
vn 9.21068e-16 0.82628 0.563259
vt -2.62535 -4.02883
vt -2.62535 -4.0072
vt -2.80235 -4.0072
f 131/361/59 174/362/59 173/363/58 132/364/58 

vt -2.80235 -2.93202
vt -2.80235 -2.95365
vn -6.25221e-16 0.904221 0.427066
vt -2.62535 -2.95365
vt -2.62535 -2.93202
f 131/365/59 130/366/60 175/367/60 174/368/59 

vt -2.62535 -1.78438
vt -2.80235 -1.78438
vt -2.80235 -1.80601
vn -2.2722e-15 0.959896 0.280357
vt -2.62535 -1.80601
f 175/369/60 130/370/60 129/371/61 176/372/61 

vt -2.80235 -0.614162
vn -2.51591e-15 0.978933 0.20418
vt -2.62535 -0.614162
vt -2.62535 -0.592539
vt -2.80235 -0.592539
f 128/373/62 177/374/62 176/375/61 129/376/61 

vt 2.62535 -0.614162
vn -5.29343e-16 0.998822 0.0485272
vt 2.80235 -0.614162
vt 2.80235 -0.592539
vn -8.09393e-16 0.99955 -0.029989
vt 2.62535 -0.592539
f 177/377/63 128/378/63 127/379/64 178/380/64 

vt 2.80235 -1.78438
vn -1.37272e-15 0.982553 -0.185984
vt 2.62535 -1.78438
vt 2.62535 -1.80601
vt 2.80235 -1.80601
f 126/381/65 179/382/65 178/383/64 127/384/64 

vt 2.62535 -2.95365
vt 2.80235 -2.95365
vt 2.80235 -2.93202
vn -1.93949e-15 0.941362 -0.337399
vt 2.62535 -2.93202
f 179/385/65 126/386/65 125/387/66 180/388/66 

vt 2.62535 -4.02883
vt 2.80235 -4.02883
vt 2.80235 -4.0072
vn -2.47721e-15 0.876991 -0.480507
vt 2.62535 -4.0072
f 180/389/66 125/390/66 124/391/67 181/392/67 

vt 2.80235 -4.98344
vn -2.93574e-15 0.791026 -0.611783
vt 2.62535 -4.98344
vt 2.62535 -5.00507
vt 2.80235 -5.00507
f 123/393/68 182/394/68 181/395/67 124/396/67 

vt 2.62535 -5.85833
vt 2.80235 -5.85833
vt 2.80235 -5.83671
vt 2.62535 -5.83671
f 182/397/68 123/398/68 122/399/48 165/400/48 

vt -2.80235 -7.52757
vn 3.01269e-16 -0.20418 0.978933
vt -2.62535 -7.52757
vt -2.62535 -7.50595
vn 3.95846e-16 -0.280357 0.959896
vt -2.80235 -7.50595
f 139/401/69 166/402/69 204/403/70 140/404/70 

f 166/207/49 244/332/49 205/293/49 204/206/49 

v -0.0664277 1.38507 -0.1781
vt -2.595 -7.34092
vn 2.94347e-15 -0.448306 0.89388
vt -2.62535 -7.34092
vt -2.62535 -7.38015
vn 1.39248e-15 -0.302953 0.953005
v -0.0664277 1.38415 -0.178476
vt -2.595 -7.38015
f 245/405/71 205/406/71 244/407/72 246/408/72 

vt -2.62535 -6.98416
vt -2.595 -6.98416
v -0.0664277 1.38592 -0.177585
vt -2.595 -6.94493
vn -3.13955e-15 -0.58262 0.812744
vt -2.62535 -6.94493
f 205/409/71 245/410/71 247/411/73 206/412/73 

v -0.0664277 1.38022 -0.178451
vn 1 5.78508e-16 -3.38105e-16
v -0.0664277 1.3793 -0.178064
vn 1 8.57607e-16 -4.30759e-16
v -0.0664277 1.37846 -0.177537
v -0.0664277 1.37771 -0.176886
v -0.0664277 1.37706 -0.176124
v -0.0664277 1.37655 -0.175271
v -0.0664277 1.37617 -0.174348
v -0.0664277 1.37595 -0.173377
v -0.0664277 1.37587 -0.172384
v -0.0664277 1.37596 -0.171391
v -0.0664277 1.3762 -0.170423
v -0.0664277 1.37658 -0.169505
v -0.0664277 1.37711 -0.168659
v -0.0664277 1.37776 -0.167905
v -0.0664277 1.37852 -0.167263
v -0.0664277 1.37938 -0.166748
v -0.0664277 1.3803 -0.166373
v -0.0664277 1.38127 -0.166146
v -0.0664277 1.38226 -0.166074
v -0.0664277 1.38326 -0.166159
v -0.0664277 1.38422 -0.166398
v -0.0664277 1.38514 -0.166785
v -0.0664277 1.38599 -0.167311
v -0.0664277 1.38674 -0.167963
v -0.0664277 1.38738 -0.168724
v -0.0664277 1.3879 -0.169577
v -0.0664277 1.38828 -0.1705
v -0.0664277 1.3885 -0.171471
v -0.0664277 1.38857 -0.172465
v -0.0664277 1.38849 -0.173457
v -0.0664277 1.38825 -0.174425
v -0.0664277 1.38786 -0.175343
v -0.0664277 1.38734 -0.176189
v -0.0664277 1.38669 -0.176943
v -0.0664277 1.38318 -0.178702
v -0.0664277 1.38218 -0.178774
v -0.0664277 1.38119 -0.178689
v -0.0664277 1.37822 -0.184477
vt 0.450741 -7.83141
v -0.0664277 1.38016 -0.184955
vt 0.479045 -7.75823
v -0.0664277 1.38214 -0.185124
vt 0.495554 -7.68153
v -0.0664277 1.38413 -0.18498
vt 0.49986 -7.60319
v -0.0664277 1.38607 -0.184527
vt 0.491859 -7.52514
v -0.0664277 1.38792 -0.183776
vt 0.471746 -7.4493
v -0.0664277 1.38962 -0.182746
vt 0.440017 -7.37754
v -0.0664277 1.39115 -0.181461
vt 0.397453 -7.31163
v -0.0664277 1.39245 -0.179954
vt 0.345103 -7.25319
v -0.0664277 1.3935 -0.178262
vt 0.284255 -7.20366
v -0.0664277 1.39428 -0.176425
vt 0.216408 -7.16426
v -0.0664277 1.39475 -0.174491
vt 0.143232 -7.13595
v -0.0664277 1.39492 -0.172505
vt 0.0665299 -7.11945
v -0.0664277 1.39478 -0.170517
vt -0.011811 -7.11514
v -0.0664277 1.39433 -0.168577
vt -0.089861 -7.12314
v -0.0664277 1.39358 -0.166731
vt -0.165698 -7.14325
v -0.0664277 1.39255 -0.165025
vt -0.237456 -7.17498
v -0.0664277 1.39126 -0.163501
vt -0.303366 -7.21755
v -0.0664277 1.38975 -0.162197
vt -0.361806 -7.2699
v -0.0664277 1.38806 -0.161145
vt -0.411338 -7.33074
v -0.0664277 1.38623 -0.160371
vt -0.450741 -7.39859
v -0.0664277 1.38429 -0.159893
vt -0.479045 -7.47177
v -0.0664277 1.3823 -0.159724
vt -0.495554 -7.54847
v -0.0664277 1.38032 -0.159868
vt -0.49986 -7.62681
v -0.0664277 1.37838 -0.160321
vt -0.491859 -7.70486
v -0.0664277 1.37653 -0.161072
vt -0.471746 -7.7807
v -0.0664277 1.37482 -0.162102
vt -0.440017 -7.85246
v -0.0664277 1.3733 -0.163387
vt -0.397453 -7.91837
v -0.0664277 1.372 -0.164894
vt -0.345103 -7.97681
v -0.0664277 1.37094 -0.166586
vt -0.284255 -8.02634
v -0.0664277 1.37017 -0.168423
vt -0.216408 -8.06574
v -0.0664277 1.36969 -0.170358
vt -0.143232 -8.09405
v -0.0664277 1.36952 -0.172343
vt -0.0665299 -8.11055
v -0.0664277 1.36967 -0.174331
vt 0.011811 -8.11486
v -0.0664277 1.37012 -0.176272
vt 0.089861 -8.10686
v -0.0664277 1.37087 -0.178118
vt 0.165698 -8.08675
v -0.0664277 1.3719 -0.179823
vt 0.237456 -8.05502
v -0.0664277 1.37319 -0.181347
vt 0.303366 -8.01245
v -0.0664277 1.37469 -0.182651
vt 0.361806 -7.9601
v -0.0664277 1.37639 -0.183703
vt 0.411338 -7.89926
f 248/328/74 249/327/75 250/326/75 251/325/75 252/324/75 253/323/75 254/322/75 255/321/75 256/320/75 257/319/75 258/318/75 259/317/75 260/316/75 261/315/75 262/314/75 263/313/75 264/312/75 265/311/75 266/310/75 267/309/75 268/308/75 269/307/75 270/306/75 271/305/75 272/304/75 273/303/75 274/302/75 275/301/75 276/300/75 277/299/75 278/298/75 279/297/75 280/296/75 281/295/75 247/294/75 245/293/75 246/332/75 282/331/75 283/330/75 284/329/74 285/413/74 286/414/75 287/415/75 288/416/75 289/417/75 290/418/75 291/419/75 292/420/75 293/421/75 294/422/75 295/423/75 296/424/75 297/425/75 298/426/75 299/427/75 300/428/75 301/429/75 302/430/75 303/431/75 304/432/75 305/433/75 306/434/75 307/435/75 308/436/75 309/437/75 310/438/75 311/439/75 312/440/75 313/441/75 314/442/75 315/443/75 316/444/75 317/445/75 318/446/75 319/447/75 320/448/75 321/449/75 322/450/75 323/451/75 324/452/74 

vt -2.595 -6.56542
vn 3.31e-15 0.315068 0.949069
vt -2.62535 -6.56542
vt -2.62535 -6.60465
vn -6.53971e-16 0.459656 0.888097
vt -2.595 -6.60465
f 248/453/76 240/454/76 239/455/77 249/456/77 

vt -2.595 -7.0826
vn 3.76838e-15 0.162722 0.986672
vt -2.62535 -7.0826
vt -2.62535 -7.12183
vt -2.595 -7.12183
f 284/457/78 241/458/78 240/459/76 248/460/76 

vt -2.595 -7.42491
vn 2.07755e-15 0.00636937 0.99998
vt -2.62535 -7.42491
vt -2.62535 -7.46414
vt -2.595 -7.46414
f 283/461/79 242/462/79 241/463/78 284/464/78 

vt -2.595 -7.58391
vn 1.52671e-16 -0.15014 0.988665
vt -2.62535 -7.58391
vt -2.62535 -7.62314
vt -2.595 -7.62314
f 282/465/80 243/466/80 242/467/79 283/468/79 

vt -2.62535 -7.59491
vt -2.595 -7.59491
vt -2.595 -7.55568
vt -2.62535 -7.55568
f 243/469/80 282/470/80 246/471/72 244/472/72 

f 248/328/74 324/452/74 285/413/74 284/329/74 

v -0.0671986 1.37612 -0.183562
vt 2.60678 -6.58427
vn 0.011742 -0.450286 -0.892807
vt 2.57457 -6.49469
vn -0.011742 -0.347229 -0.937707
vt 2.57617 -6.57313
vn -0.011742 -0.489644 -0.871843
f 325/473/81 285/474/82 324/475/83

vt 2.63977 -6.59036
v -0.0671986 1.37794 -0.184379
vt 2.64146 -6.51192
vn 0.011742 -0.305077 -0.952255
vt 2.61135 -6.49951
f 325/476/81 326/477/84 285/478/82

v -0.0671986 1.37866 -0.160233
vt -0.493844 -7.69322
vn 1 -4.709e-15 -2.0872e-15
v -0.0671986 1.38061 -0.159827
vt -0.5 -7.615
v -0.0671986 1.37248 -0.160866
vt -0.5 -7.938
v -0.0671986 1.37101 -0.161172
vt -0.495383 -7.99666
v -0.0671986 1.36962 -0.161702
vt -0.481646 -8.05388
v -0.0671986 1.36832 -0.162444
vt -0.459127 -8.10825
v -0.0671986 1.36715 -0.16338
vt -0.428381 -8.15842
v -0.0671986 1.36615 -0.164487
vt -0.390165 -8.20317
v -0.0671986 1.36533 -0.165738
vt -0.345419 -8.24138
v -0.0671986 1.36472 -0.167101
vt -0.295246 -8.27213
v -0.0671986 1.36432 -0.168543
vt -0.240881 -8.29465
v -0.0671986 1.36416 -0.170029
vt -0.183663 -8.30838
v -0.0671986 1.36424 -0.171522
vt -0.125 -8.313
v -0.0671986 1.36504 -0.177821
vt 0.125 -8.313
v -0.0671986 1.36535 -0.179284
vt 0.183663 -8.30838
v -0.0671986 1.36588 -0.180681
vt 0.240881 -8.29465
v -0.0671986 1.36662 -0.181978
vt 0.295246 -8.27213
v -0.0671986 1.36755 -0.183144
vt 0.345419 -8.24138
v -0.0671986 1.36866 -0.184148
vt 0.390165 -8.20317
v -0.0671986 1.36991 -0.184967
vt 0.428381 -8.15842
v -0.0671986 1.37127 -0.18558
vt 0.459127 -8.10825
v -0.0671986 1.37272 -0.185972
vt 0.481646 -8.05388
v -0.0671986 1.3742 -0.186134
vt 0.495383 -7.99666
v -0.0671986 1.3757 -0.186062
vt 0.5 -7.938
v -0.0671986 1.38383 -0.185022
vt 0.5 -7.615
v -0.0671986 1.38184 -0.185118
vt 0.493844 -7.69322
v -0.0671986 1.37986 -0.184903
vt 0.475528 -7.76951
vt 0.445503 -7.842
vt 0.404508 -7.90889
v -0.0671986 1.37445 -0.18247
vt 0.353553 -7.96855
v -0.0671986 1.37298 -0.181131
vt 0.293893 -8.01951
v -0.0671986 1.37173 -0.179577
vt 0.226995 -8.0605
v -0.0671986 1.37074 -0.177848
vt 0.154508 -8.09053
v -0.0671986 1.37003 -0.175985
vt 0.0782172 -8.10884
v -0.0671986 1.36963 -0.174034
vt -2.17393e-14 -8.115
v -0.0671986 1.36953 -0.172043
vt -0.0782172 -8.10884
v -0.0671986 1.36975 -0.170062
vt -0.154508 -8.09053
v -0.0671986 1.37027 -0.168139
vt -0.226995 -8.0605
v -0.0671986 1.37109 -0.166322
vt -0.293893 -8.01951
v -0.0671986 1.37218 -0.164654
vt -0.353553 -7.96855
v -0.0671986 1.37352 -0.163179
vt -0.404508 -7.90889
v -0.0671986 1.37507 -0.16193
vt -0.445503 -7.842
v -0.0671986 1.3768 -0.160941
vt -0.475528 -7.76951
f 327/479/85 328/480/85 329/481/85 330/482/85 331/483/85 332/484/85 333/485/85 334/486/85 335/487/85 336/488/85 337/489/85 338/490/85 339/491/85 340/492/85 341/493/85 342/494/85 343/495/85 344/496/85 345/497/85 346/498/85 347/499/85 348/500/85 349/501/85 350/502/85 351/503/85 352/504/85 353/505/85 326/506/85 325/507/85 354/508/85 355/509/85 356/510/85 357/511/85 358/512/85 359/513/85 360/514/85 361/515/85 362/516/85 363/517/85 364/518/85 365/519/85 366/520/85 367/521/85 

vt -2.61071 -7.64976
vn -0.011742 -0.270256 0.962717
vt -2.64132 -7.55962
vn 0.0160742 -0.14956 0.988622
vt -2.64111 -7.63808
vn 0.011742 -0.312909 0.94971
f 309/522/86 328/523/87 327/524/88

vt -2.57603 -7.6053
vt -2.57575 -7.52685
vn -0.056391 -0.105301 0.99284
vt -2.60608 -7.51497
f 309/525/86 308/526/89 328/527/87

v -0.0671986 1.38345 -0.159783
vt -2.64582 -7.49738
vn -0.0426846 0.0517785 0.997746
vt -2.64643 -7.60905
vt -2.6161 -7.62094
f 368/528/90 328/529/87 308/530/89

v -0.0671986 1.38578 -0.184615
vt 0.493844 -7.53678
vn 1 7.34744e-16 -7.44501e-16
v -0.0671986 1.57122 -0.161078
vt 0.5 -0.1775
v -0.0671986 1.568 -0.135883
vt -0.5 -0.1775
vt -0.48753 -7.50403
v -0.0671986 1.38623 -0.160371
v -0.0671986 1.38833 -0.161286
vt -0.404508 -7.32111
v -0.0671986 1.38999 -0.162378
vt -0.353553 -7.26145
v -0.0671986 1.39147 -0.163717
vt -0.293893 -7.21049
v -0.0671986 1.39272 -0.165271
vt -0.226995 -7.1695
v -0.0671986 1.39371 -0.167
vt -0.154508 -7.13947
v -0.0671986 1.39441 -0.168864
vt -0.0782172 -7.12116
v -0.0671986 1.39482 -0.170814
vt -2.34245e-14 -7.115
v -0.0671986 1.39492 -0.172805
vt 0.0782172 -7.12116
v -0.0671986 1.3947 -0.174786
vt 0.154508 -7.13947
v -0.0671986 1.39418 -0.176709
vt 0.226995 -7.1695
v -0.0671986 1.39336 -0.178527
vt 0.293893 -7.21049
v -0.0671986 1.39227 -0.180194
vt 0.353553 -7.26145
v -0.0671986 1.39093 -0.18167
vt 0.404508 -7.32111
v -0.0671986 1.38938 -0.182918
vt 0.445503 -7.388
v -0.0671986 1.38765 -0.183908
vt 0.475528 -7.46049
f 369/531/91 351/503/91 370/532/91 371/533/91 328/480/91 368/534/91 372/433/91 373/535/91 374/536/91 375/537/91 376/538/91 377/539/91 378/540/91 379/541/91 380/542/91 381/543/91 382/544/91 383/545/91 384/546/91 385/547/91 386/548/91 387/549/91 

vt 2.61071 -7.53335
vn -0.011742 0.270256 -0.962717
vt 2.64132 -7.62349
vn 0.011742 0.160489 -0.986968
vt 2.64111 -7.54503
vn 0.011742 0.312909 -0.94971
f 289/550/92 351/551/93 369/552/94

vt 2.57603 -7.54538
vt 2.57575 -7.62384
vn -0.011742 0.116327 -0.993142
vt 2.60608 -7.63571
f 289/553/92 288/554/95 351/555/93

vt 2.64111 -7.63808
vn 0.011742 0.00411781 -0.999923
vt 2.64132 -7.55962
vt 2.61099 -7.54777
f 352/556/96 351/557/93 288/558/95

vt 2.60637 -7.6495
vt 2.57583 -7.55934
vt 2.57598 -7.63779
vn -0.011742 -0.0404672 -0.999112
f 352/559/96 288/560/95 287/561/97

vt 2.6408 -7.46634
vn 0.011742 -0.152355 -0.988256
vt 2.64146 -7.38788
vt 2.61119 -7.37586
f 353/562/98 352/563/96 287/564/97

vt 2.60659 -7.47604
vt 2.57554 -7.38605
vt 2.57613 -7.46451
vn -0.011742 -0.196265 -0.980481
f 353/565/98 287/566/97 286/567/99

vt 2.64038 -7.1137
vt 2.64152 -7.03525
vt 2.61132 -7.02305
f 326/568/84 353/569/98 286/570/99

vt 2.60673 -7.11848
vt 2.57514 -7.02868
vt 2.5762 -7.10713
f 326/571/84 286/572/99 285/573/82

vt 2.60569 -7.4361
vt 2.57616 -7.3456
vn -0.011742 0.417531 -0.908587
vt 2.57543 -7.42406
f 369/574/94 290/575/100 289/576/92

vt 2.64146 -7.42184
vt 2.6408 -7.34338
vn 0.011742 0.457624 -0.889068
vt 2.61033 -7.33187
f 369/577/94 387/578/101 290/579/100

vt 2.57621 -6.96612
vn -0.011742 0.554525 -0.832085
vt 2.57499 -7.04457
vt 2.60517 -7.05681
f 291/580/102 290/581/100 387/582/101

vt 2.60984 -6.94715
vt 2.64152 -7.03692
vt 2.64038 -6.95847
vn 0.011742 0.591071 -0.806534
f 291/583/102 387/584/101 386/585/103

vt 2.60445 -6.50873
vt 2.57614 -6.41784
vn -0.011742 0.677864 -0.735093
vt 2.57436 -6.49628
f 386/586/103 292/587/104 291/588/102

vt 2.64146 -6.47679
vt 2.63977 -6.39835
vn 0.011742 0.709964 -0.70414
vt 2.60916 -6.38724
f 386/589/103 385/590/105 292/591/104

vt 2.60339 -5.80771
vt 2.57587 -5.71658
vn -0.011742 0.784512 -0.620002
vt 2.5734 -5.795
f 385/592/105 293/593/106 292/594/104

vt 2.64122 -5.75317
vt 2.63887 -5.67475
vn 0.011742 0.811375 -0.584408
vt 2.60816 -5.6639
f 385/595/105 384/596/107 293/597/106

vt 2.57521 -4.8836
vn -0.011742 0.871843 -0.489644
vt 2.57183 -4.96199
vt 2.60166 -4.97505
f 294/598/108 293/599/106 384/600/107

vt 2.60656 -4.79158
vt 2.64061 -4.88048
vt 2.63739 -4.80209
vn 0.011742 0.892807 -0.450286
f 294/601/108 384/602/107 383/603/109

vt 2.59846 -4.03942
vt 2.57359 -3.94753
vn -0.011742 0.937707 -0.347229
vt 2.56885 -4.02585
f 383/604/109 295/605/110 294/606/108

vt 2.63915 -3.8735
vt 2.63466 -3.79517
vn 0.011742 0.952255 -0.305077
vt 2.60367 -3.78516
f 383/607/109 382/608/111 295/609/110

vt 2.56892 -2.9521
vn -0.011742 0.980481 -0.196265
vt 2.56183 -3.03024
vt 2.59101 -3.0447
f 296/610/112 295/611/110 382/612/111

vt 2.59723 -2.65335
vt 2.63511 -2.74069
vt 2.62849 -2.66251
vn 0.011742 0.988256 -0.152355
f 296/613/112 382/614/111 381/615/113

vt 2.5641 -2.09319
vt 2.54865 -1.99925
vn -0.011742 0.999112 -0.0404672
vt 2.53602 -2.07669
f 381/616/113 297/617/114 296/618/112

vt 2.61913 -1.45337
vt 2.60778 -1.37574
vn 0.011742 0.999923 0.00411781
vt 2.57603 -1.36849
f 381/619/113 380/620/115 297/621/114

vt 2.16935 -1.9413
vt 2.1923 -1.84891
vn -0.011742 0.993142 0.116327
vt 2.15008 -1.91504
f 380/622/115 298/623/116 297/624/114

vt 2.42825 0.385647
vt 2.3963 0.457305
vn 0.011742 0.986968 0.160489
vt 2.36377 0.45568
f 380/625/115 379/626/117 298/627/116

vt -2.42438 -1.69221
vn -0.011742 0.962717 0.270256
vt -2.44979 -1.61798
vt -2.48233 -1.61669
f 299/628/118 298/629/116 379/630/117

vt -2.4053 0.362535
vt -2.3963 0.457305
vt -2.42825 0.385647
vn 0.011742 0.94971 0.312909
f 299/631/118 379/632/117 378/633/119

vt -2.59045 -2.26046
vt -2.5485 -2.34591
vn -0.011742 0.908587 0.417531
vt -2.5588 -2.26813
f 378/634/119 300/635/120 299/636/118

vt -2.60778 -1.37574
vt -2.61913 -1.45337
vn 0.011742 0.889068 0.457624
vt -2.59078 -1.46941
f 378/637/119 377/638/121 300/639/120

vt -2.56473 -3.3321
vn -0.011742 0.832085 0.554525
vt -2.57094 -3.25389
vt -2.60214 -3.24456
f 301/640/122 300/641/120 377/642/121

vt -2.60584 -2.75497
vt -2.62849 -2.66251
vt -2.63511 -2.74069
vn 0.011742 0.806534 0.591071
f 301/643/122 377/644/121 376/645/123

vt -2.60521 -4.22769
vt -2.56998 -4.31613
vn -0.011742 0.735093 0.677864
vt -2.57424 -4.23779
f 376/646/123 302/647/124 301/648/122

vt -2.63466 -3.79517
vt -2.63915 -3.8735
vn 0.011742 0.70414 0.709964
vt -2.6095 -3.88698
f 376/649/123 375/650/125 302/651/124

vt -2.60628 -5.13592
vt -2.5724 -5.22488
vn -0.011742 0.620002 0.784512
vt -2.57547 -5.14648
f 375/652/125 303/653/126 302/654/124

vt -2.63739 -4.80209
vt -2.64061 -4.88048
vn 0.011742 0.584408 0.811375
vt -2.61075 -4.89348
f 375/655/125 374/656/127 303/657/126

vt -2.57374 -6.02088
vn -0.011742 0.489644 0.871843
vt -2.57598 -5.94245
vt -2.60667 -5.93156
f 304/658/128 303/659/126 374/660/127

vt -2.61121 -5.76584
vt -2.63887 -5.67475
vt -2.64122 -5.75317
vn 4.06833e-07 0.446781 0.894643
f 304/661/128 374/662/127 373/663/129

vt -2.60678 -6.58852
vt -2.57457 -6.67811
vn -0.0117342 0.343521 0.939072
vt -2.57617 -6.59967
f 373/664/129 305/665/130 304/666/128

vt -2.62535 -6.49428
vt -2.62535 -6.58451
vn -0.0287741 0.28314 0.958647
vt -2.595 -6.58451
f 373/667/129 372/668/131 305/669/130

vt -2.595 -7.14145
vn -0.0121605 0.177579 0.984031
vt -2.595 -7.06299
vt -2.62535 -7.06299
f 306/670/132 305/671/130 372/672/131

vt -2.54067 -7.29188
vt -2.57347 -7.21442
vt -2.57013 -7.32604
f 306/673/132 372/674/131 368/675/90

vt -2.64669 -7.4108
vt -2.61679 -7.45626
vn -0.066155 0.00695808 0.997785
vt -2.61595 -7.3778
f 368/676/90 307/677/133 306/678/132

vt -2.49388 -7.5446
vt -2.4618 -7.66757
vt -2.46258 -7.58911
f 368/679/90 308/680/89 307/681/133

v 0.070665 1.3757 -0.186062
vt -2.80235 -7.938
vn -2.09483e-15 0.126744 -0.991935
v 0.0661692 1.3757 -0.186062
vt -2.62535 -7.938
v 0.0661692 1.38383 -0.185022
vt -2.62535 -7.615
v 0.0661692 1.57122 -0.161078
vt -2.62535 -0.1775
v 0.0661105 1.57196 -0.160984
vt -2.62304 -0.148169
v 0.0659361 1.57268 -0.160892
vt -2.61617 -0.119559
v 0.0656501 1.57337 -0.160804
vt -2.60491 -0.0923768
v 0.0652596 1.574 -0.160723
vt -2.58954 -0.0672903
v 0.0647743 1.57456 -0.160651
vt -2.57043 -0.0449175
v 0.064206 1.57504 -0.16059
vt -2.54806 -0.0258093
v 0.0635688 1.57543 -0.16054
vt -2.52297 -0.0104363
v 0.0628784 1.57572 -0.160504
vt -2.49579 0.000823097
v 0.0621517 1.57589 -0.160482
vt -2.46718 0.00769156
v 0.0614067 1.57595 -0.160474
vt -2.43785 0.01
v -0.0624361 1.57595 -0.160474
vt 2.43785 0.01
v -0.0631812 1.57589 -0.160482
vt 2.46718 0.00769156
v -0.0639078 1.57572 -0.160504
vt 2.49579 0.000823097
v -0.0645983 1.57543 -0.16054
vt 2.52297 -0.0104363
v -0.0652355 1.57504 -0.16059
vt 2.54806 -0.0258093
v -0.0658037 1.57456 -0.160651
vt 2.57043 -0.0449175
v -0.0662891 1.574 -0.160723
vt 2.58954 -0.0672903
v -0.0666796 1.57337 -0.160804
vt 2.60491 -0.0923768
v -0.0669655 1.57268 -0.160892
vt 2.61617 -0.119559
v -0.06714 1.57196 -0.160984
vt 2.62304 -0.148169
vt 2.62535 -0.1775
vt 2.62535 -7.615
vt 2.62535 -7.938
v -0.0716944 1.3757 -0.186062
vt 2.80235 -7.938
v -0.0716944 1.38383 -0.185022
vt 2.80235 -7.615
v -0.0716944 1.57096 -0.161112
vt 2.80235 -0.188
v -0.0715772 1.57244 -0.160923
vt 2.79773 -0.129337
v -0.0712283 1.57388 -0.160739
vt 2.784 -0.0721186
v -0.0706563 1.57525 -0.160564
vt 2.76148 -0.0177536
v -0.0698753 1.57651 -0.160402
vt 2.73073 0.0324195
v -0.0689046 1.57764 -0.160258
vt 2.69252 0.077165
v -0.0677681 1.5786 -0.160135
vt 2.64777 0.115381
v -0.0664937 1.57938 -0.160036
vt 2.5976 0.146127
v -0.0651128 1.57994 -0.159964
vt 2.54323 0.168646
v -0.0636595 1.58029 -0.15992
vt 2.48601 0.182383
v -0.0621694 1.58041 -0.159905
vt 2.42735 0.187
v 0.06114 1.58041 -0.159905
vt -2.42735 0.187
v 0.06263 1.58029 -0.15992
vt -2.48601 0.182383
v 0.0640834 1.57994 -0.159964
vt -2.54323 0.168646
v 0.0654642 1.57938 -0.160036
vt -2.5976 0.146127
v 0.0667386 1.5786 -0.160135
vt -2.64777 0.115381
v 0.0678752 1.57764 -0.160258
vt -2.69252 0.077165
v 0.0688459 1.57651 -0.160402
vt -2.73073 0.0324195
v 0.0696268 1.57525 -0.160564
vt -2.76148 -0.0177536
v 0.0701988 1.57388 -0.160739
vt -2.784 -0.0721186
v 0.0705477 1.57244 -0.160923
vt -2.79773 -0.129337
v 0.070665 1.57096 -0.161112
vt -2.80235 -0.188
v 0.070665 1.38383 -0.185022
vt -2.80235 -7.615
f 388/682/134 389/683/134 390/684/134 391/685/134 392/686/134 393/687/134 394/688/134 395/689/134 396/690/134 397/691/134 398/692/134 399/693/134 400/694/134 401/695/134 402/696/134 403/697/134 404/698/134 405/699/134 406/700/134 407/701/134 408/702/134 409/703/134 410/704/134 411/705/134 370/706/134 351/707/134 350/708/134 412/709/134 413/710/134 414/711/134 415/712/134 416/713/134 417/714/134 418/715/134 419/716/134 420/717/134 421/718/134 422/719/134 423/720/134 424/721/134 425/722/134 426/723/134 427/724/134 428/725/134 429/726/134 430/727/134 431/728/134 432/729/134 433/730/134 434/731/134 435/732/134 436/733/134 

v 0.0661692 1.3742 -0.186134
vt -2.62535 -7.93314
vn -3.18278e-15 -0.029989 -0.99955
vt -2.62535 -7.8743
vn -3.54326e-15 0.0485272 -0.998822
vt -2.80235 -7.8743
v 0.070665 1.3742 -0.186134
vt -2.80235 -7.93314
f 437/734/135 389/735/136 388/736/136 438/737/135 

v 0.0661692 1.38184 -0.185118
vn -1 5.20985e-16 1.81282e-15
v 0.0661692 1.37272 -0.185972
v 0.0661692 1.37127 -0.18558
v 0.0661692 1.36991 -0.184967
v 0.0661692 1.36866 -0.184148
v 0.0661692 1.36755 -0.183144
v 0.0661692 1.36662 -0.181978
v 0.0661692 1.36588 -0.180681
v 0.0661692 1.36535 -0.179284
v 0.0661692 1.36504 -0.177821
v 0.0661692 1.36424 -0.171522
v 0.0661692 1.36416 -0.170029
v 0.0661692 1.36432 -0.168543
v 0.0661692 1.36472 -0.167101
v 0.0661692 1.36533 -0.165738
v 0.0661692 1.36615 -0.164487
v 0.0661692 1.36715 -0.16338
v 0.0661692 1.36832 -0.162444
v 0.0661692 1.36962 -0.161702
v 0.0661692 1.37101 -0.161172
v 0.0661692 1.37248 -0.160866
v 0.0661692 1.38061 -0.159827
v 0.0661692 1.37866 -0.160233
v 0.0661692 1.3768 -0.160941
v 0.0661692 1.37507 -0.16193
v 0.0661692 1.37352 -0.163179
v 0.0661692 1.37218 -0.164654
v 0.0661692 1.37109 -0.166322
v 0.0661692 1.37027 -0.168139
v 0.0661692 1.36975 -0.170062
v 0.0661692 1.36953 -0.172043
v 0.0661692 1.36963 -0.174034
vt 2.15723e-14 -8.115
v 0.0661692 1.37003 -0.175985
v 0.0661692 1.37074 -0.177848
v 0.0661692 1.37173 -0.179577
v 0.0661692 1.37298 -0.181131
v 0.0661692 1.37445 -0.18247
v 0.0661692 1.37612 -0.183562
v 0.0661692 1.37794 -0.184379
v 0.0661692 1.37986 -0.184903
f 439/479/137 390/480/137 389/481/137 437/482/137 440/483/137 441/484/137 442/485/137 443/486/137 444/487/137 445/488/137 446/489/137 447/490/137 448/491/137 449/492/137 450/493/137 451/494/137 452/495/137 453/496/137 454/497/137 455/498/137 456/499/137 457/500/137 458/501/137 459/502/137 460/503/137 461/504/137 462/505/137 463/506/137 464/507/137 465/508/137 466/509/137 467/510/137 468/511/137 469/512/137 470/738/137 471/514/137 472/515/137 473/516/137 474/517/137 475/518/137 476/519/137 477/520/137 478/521/137 

vt -2.60613 -7.54513
vn -0.0100148 0.126703 -0.99189
vt -2.60635 -7.62359
vn 2.19243e-15 -0.0473936 -0.998876
v 0.0653983 1.38339 -0.18507
vt -2.57581 -7.56263
vn 2.55959e-15 0.109378 -0.994
f 390/739/138 439/740/139 479/741/140

v 0.0653983 1.3814 -0.185097
vt -2.61071 -7.61578
vn 0.0100148 -0.0648159 -0.997847
vt -2.61103 -7.53732
vt -2.64115 -7.59848
f 480/742/141 479/743/140 439/744/139

v 0.0653983 1.38083 -0.178618
vt -0.234923 -7.70051
vn -1 -2.99408e-16 2.4545e-16
v 0.0653983 1.38181 -0.178761
vt -0.245407 -7.6627
v 0.0653983 1.38281 -0.178747
vt -0.249848 -7.62372
v 0.0653983 1.38379 -0.178578
vt -0.248137 -7.58453
v 0.0653983 1.38473 -0.178257
vt -0.240315 -7.54609
v 0.0653983 1.38562 -0.177793
vt -0.226577 -7.50935
v 0.0653983 1.38641 -0.177196
vt -0.207259 -7.4752
v 0.0653983 1.38711 -0.176482
vt -0.182838 -7.4445
v 0.0653983 1.38768 -0.175668
vt -0.153915 -7.418
v 0.0653983 1.38812 -0.174774
vt -0.121202 -7.39635
v 0.0653983 1.38842 -0.173822
vt -0.085505 -7.38008
v 0.0653983 1.38856 -0.172836
vt -0.0477022 -7.36959
v 0.0653983 1.38855 -0.17184
vt -0.00872487 -7.36515
v 0.0653983 1.38838 -0.170858
vt 0.0304673 -7.36686
v 0.0653983 1.38806 -0.169914
vt 0.0689093 -7.37468
v 0.0653983 1.38759 -0.169033
vt 0.105655 -7.38842
v 0.0653983 1.387 -0.168235
vt 0.139798 -7.40774
v 0.0653983 1.38628 -0.16754
vt 0.1705 -7.43216
v 0.0653983 1.38547 -0.166965
vt 0.197003 -7.46108
v 0.0653983 1.38457 -0.166525
vt 0.218655 -7.4938
v 0.0653983 1.38362 -0.16623
vt 0.234923 -7.52949
v 0.0653983 1.38264 -0.166087
vt 0.245407 -7.5673
v 0.0653983 1.38164 -0.166101
vt 0.249848 -7.60628
v 0.0653983 1.38066 -0.16627
vt 0.248137 -7.64547
v 0.0653983 1.37971 -0.166591
vt 0.240315 -7.68391
v 0.0653983 1.37883 -0.167056
vt 0.226577 -7.72065
v 0.0653983 1.37803 -0.167652
vt 0.207259 -7.7548
v 0.0653983 1.37734 -0.168366
vt 0.182838 -7.7855
v 0.0653983 1.37676 -0.16918
vt 0.153915 -7.812
v 0.0653983 1.37632 -0.170074
vt 0.121202 -7.83365
v 0.0653983 1.37603 -0.171026
vt 0.085505 -7.84992
v 0.0653983 1.37589 -0.172012
vt 0.0477022 -7.86041
v 0.0653983 1.3759 -0.173009
vt 0.00872487 -7.86485
v 0.0653983 1.37607 -0.173991
vt -0.0304673 -7.86314
v 0.0653983 1.37639 -0.174934
vt -0.0689093 -7.85532
v 0.0653983 1.37686 -0.175816
vt -0.105655 -7.84158
v 0.0653983 1.37745 -0.176614
vt -0.139798 -7.82226
v 0.0653983 1.37817 -0.177308
vt -0.1705 -7.79784
v 0.0653983 1.37898 -0.177883
vt -0.197003 -7.76892
v 0.0653983 1.37987 -0.178323
vt -0.218655 -7.7362
v 0.0653983 1.37943 -0.184812
vt -0.469846 -7.78601
v 0.0653983 1.37752 -0.184223
vt -0.43731 -7.8574
v 0.0653983 1.37574 -0.183342
vt -0.394005 -7.92283
v 0.0653983 1.37411 -0.182193
vt -0.340999 -7.98068
v 0.0653983 1.37268 -0.180803
vt -0.279596 -8.02952
v 0.0653983 1.37149 -0.179207
vt -0.211309 -8.06815
v 0.0653983 1.37056 -0.177444
vt -0.137819 -8.09563
v 0.0653983 1.36992 -0.175557
vt -0.0609347 -8.11127
v 0.0653983 1.36958 -0.173593
vt 0.0174497 -8.1147
v 0.0653983 1.36955 -0.1716
vt 0.0954045 -8.10581
v 0.0653983 1.36984 -0.169628
vt 0.17101 -8.08485
v 0.0653983 1.37043 -0.167725
vt 0.242405 -8.05231
v 0.0653983 1.37131 -0.165937
vt 0.307831 -8.00901
v 0.0653983 1.37246 -0.164309
vt 0.365677 -7.956
v 0.0653983 1.37384 -0.16288
vt 0.414519 -7.8946
v 0.0653983 1.37544 -0.161687
vt 0.453154 -7.82631
v 0.0653983 1.3772 -0.160758
vt 0.480631 -7.75282
v 0.0653983 1.37909 -0.160117
vt 0.496273 -7.67593
v 0.0653983 1.38105 -0.159778
vt 0.499695 -7.59755
v 0.0653983 1.38305 -0.159751
vt 0.490814 -7.5196
v 0.0653983 1.38502 -0.160036
vt 0.469846 -7.44399
v 0.0653983 1.38692 -0.160626
vt 0.43731 -7.3726
v 0.0653983 1.38871 -0.161506
vt 0.394005 -7.30717
v 0.0653983 1.39034 -0.162655
vt 0.340999 -7.24932
v 0.0653983 1.39177 -0.164045
vt 0.279596 -7.20048
v 0.0653983 1.39296 -0.165641
vt 0.211309 -7.16185
v 0.0653983 1.39389 -0.167404
vt 0.137819 -7.13437
v 0.0653983 1.39453 -0.169291
vt 0.0609347 -7.11873
v 0.0653983 1.39487 -0.171255
vt -0.0174497 -7.1153
v 0.0653983 1.3949 -0.173248
vt -0.0954045 -7.12419
v 0.0653983 1.39461 -0.17522
vt -0.17101 -7.14515
v 0.0653983 1.39402 -0.177124
vt -0.242405 -7.17769
v 0.0653983 1.39314 -0.178912
vt -0.307831 -7.22099
v 0.0653983 1.39199 -0.18054
vt -0.365677 -7.274
v 0.0653983 1.3906 -0.181968
vt -0.414519 -7.3354
v 0.0653983 1.38901 -0.183161
vt -0.453154 -7.40369
v 0.0653983 1.38724 -0.18409
vt -0.480631 -7.47718
v 0.0653983 1.38536 -0.184732
vt -0.496273 -7.55407
vt -0.499695 -7.63245
vt -0.490814 -7.7104
f 481/745/142 482/746/142 483/747/142 484/748/142 485/749/142 486/750/142 487/751/142 488/752/142 489/753/142 490/754/142 491/755/142 492/756/142 493/757/142 494/758/142 495/759/142 496/760/142 497/761/142 498/762/142 499/763/142 500/764/142 501/765/142 502/766/142 503/767/142 504/768/142 505/769/142 506/770/142 507/771/142 508/772/142 509/773/142 510/774/142 511/775/142 512/776/142 513/777/142 514/778/142 515/779/142 516/780/142 517/781/142 518/782/142 519/783/142 520/784/142 521/785/142 522/786/142 523/787/142 524/788/142 525/789/142 526/790/142 527/791/142 528/792/142 529/793/142 530/794/142 531/795/142 532/796/142 533/797/142 534/798/142 535/799/142 536/800/142 537/801/142 538/802/142 539/803/142 540/804/142 541/805/142 542/806/142 543/807/142 544/808/142 545/809/142 546/810/142 547/811/142 548/812/142 549/813/142 550/814/142 551/815/142 552/816/142 553/817/142 554/818/142 555/819/142 556/820/142 557/821/142 558/822/142 479/823/142 480/824/142 

vt 2.595 -7.35766
vn -2.689e-16 0.220161 0.975463
v 0.0661692 1.38083 -0.178618
vt 2.62535 -7.35766
v 0.0661692 1.38181 -0.178761
vt 2.62535 -7.31843
vn -2.02558e-18 0.0648546 0.997895
vt 2.595 -7.31843
f 481/825/143 559/826/143 560/827/144 482/828/144 

vt 2.595 -6.94897
vn -2.94541e-16 0.370047 0.929013
v 0.0661692 1.37987 -0.178323
vt 2.62535 -6.94897
vt 2.62535 -6.90974
vt 2.595 -6.90974
f 520/829/145 561/830/145 559/831/143 481/832/143 

vt 2.595 -6.36966
vn 4.48912e-15 0.510821 0.859687
v 0.0661692 1.37898 -0.177883
vt 2.62535 -6.36966
vt 2.62535 -6.33043
vt 2.595 -6.33043
f 519/833/146 562/834/146 561/835/145 520/836/145 

vt 2.595 -5.63398
vn 1.02187e-14 0.639016 0.769193
v 0.0661692 1.37817 -0.177308
vt 2.62535 -5.63398
vt 2.62535 -5.59475
vt 2.595 -5.59475
f 518/837/147 563/838/147 562/839/146 519/840/146 

vt 2.62535 -4.72083
vt 2.595 -4.72083
vt 2.595 -4.76006
vn 5.35577e-15 0.751477 0.659759
v 0.0661692 1.37745 -0.176614
vt 2.62535 -4.76006
f 563/841/147 518/842/147 517/843/148 564/844/148 

vt 2.595 -3.76942
vn -4.20494e-16 0.845434 0.534079
v 0.0661692 1.37686 -0.175816
vt 2.62535 -3.76942
vt 2.62535 -3.73019
vt 2.595 -3.73019
f 516/845/149 565/846/149 564/847/148 517/848/148 

vt 2.62535 -2.64721
vt 2.595 -2.64721
vt 2.595 -2.68644
vn -2.78518e-16 0.918574 0.395249
v 0.0661692 1.37639 -0.174934
vt 2.62535 -2.68644
f 565/849/149 516/850/149 515/851/150 566/852/150 

vt 2.595 -1.5378
vn -1.50706e-16 0.969095 0.246686
v 0.0661692 1.37607 -0.173991
vt 2.62535 -1.5378
vt 2.62535 -1.49857
vt 2.595 -1.49857
f 514/853/151 567/854/151 566/855/150 515/856/150 

vt 2.595 -0.351776
vn -4.74123e-16 0.995754 0.092049
v 0.0661692 1.3759 -0.173009
vt 2.62535 -0.351776
vt 2.62535 -0.312547
vt 2.595 -0.312547
f 513/857/152 568/858/152 567/859/151 514/860/151 

vt -2.62535 -0.881657
vt -2.595 -0.881657
vt -2.595 -0.842428
vn -1.16811e-15 0.997895 -0.0648546
v 0.0661692 1.37589 -0.172012
vt -2.62535 -0.842428
f 568/861/152 513/862/152 512/863/153 569/864/153 

vt -2.595 -2.01541
vn -1.83911e-15 0.975463 -0.220161
v 0.0661692 1.37603 -0.171026
vt -2.62535 -2.01541
vt -2.62535 -2.05464
vt -2.595 -2.05464
f 511/865/154 570/866/154 569/867/153 512/868/153 

vt -2.62535 -3.1775
vt -2.595 -3.1775
vt -2.595 -3.13827
vn -2.32143e-15 0.929013 -0.370047
v 0.0661692 1.37632 -0.170074
vt -2.62535 -3.13827
f 570/869/154 511/870/154 510/871/155 571/872/155 

vt -2.595 -4.18339
vn 2.72972e-15 0.859687 -0.510821
v 0.0661692 1.37676 -0.16918
vt -2.62535 -4.18339
vt -2.62535 -4.22261
vt -2.595 -4.22261
f 509/873/156 572/874/156 571/875/155 510/876/155 

vt -2.595 -5.125
vn 7.27614e-15 0.769193 -0.639016
v 0.0661692 1.37734 -0.168366
vt -2.62535 -5.125
vt -2.62535 -5.16423
vt -2.595 -5.16423
f 508/877/157 573/878/157 572/879/156 509/880/156 

vt -2.62535 -5.97918
vt -2.595 -5.97918
vt -2.595 -5.93995
vn 2.3135e-15 0.659759 -0.751477
v 0.0661692 1.37803 -0.167652
vt -2.62535 -5.93995
f 573/881/157 508/882/157 507/883/158 574/884/158 

vt -2.595 -6.60814
vn -2.02085e-15 0.534079 -0.845434
v 0.0661692 1.37883 -0.167056
vt -2.62535 -6.60814
vt -2.62535 -6.64737
vt -2.595 -6.64737
f 506/885/159 575/886/159 574/887/158 507/888/158 

vt -2.62535 -7.15237
vt -2.595 -7.15237
vt -2.595 -7.11314
vn -1.87695e-15 0.395249 -0.918574
v 0.0661692 1.37971 -0.166591
vt -2.62535 -7.11314
f 575/889/159 506/890/159 505/891/160 576/892/160 

vt -2.595 -7.44251
vn -1.4458e-15 0.246686 -0.969095
v 0.0661692 1.38066 -0.16627
vt -2.62535 -7.44251
vt -2.62535 -7.48174
vt -2.595 -7.48174
f 504/893/161 577/894/161 576/895/160 505/896/160 

vt -2.595 -7.58814
vn -1.5586e-15 0.092049 -0.995754
v 0.0661692 1.38164 -0.166101
vt -2.62535 -7.58814
vt -2.62535 -7.62737
vt -2.595 -7.62737
f 503/897/162 578/898/162 577/899/161 504/900/161 

vt -2.62535 -7.58566
vt -2.595 -7.58566
vt -2.595 -7.54643
vn -2.57738e-15 -0.0648546 -0.997895
v 0.0661692 1.38264 -0.166087
vt -2.62535 -7.54643
f 578/901/162 503/902/162 502/903/163 579/904/163 

vt -2.595 -7.31843
vn -3.23716e-15 -0.142949 -0.98973
v 0.0661692 1.38362 -0.16623
vt -2.62535 -7.31843
vt -2.62535 -7.35766
vt -2.595 -7.35766
f 501/905/164 580/906/164 579/907/163 502/908/163 

vt -2.62535 -6.94897
vn -5.47456e-16 -0.296017 -0.955183
vt -2.595 -6.94897
vt -2.595 -6.90974
vn -1.27858e-15 -0.370047 -0.929013
v 0.0661692 1.38457 -0.166525
vt -2.62535 -6.90974
f 580/909/165 501/910/165 500/911/166 581/912/166 

vt -2.595 -6.33043
vn -2.21486e-15 -0.510821 -0.859687
v 0.0661692 1.38547 -0.166965
vt -2.62535 -6.33043
vt -2.62535 -6.36966
vt -2.595 -6.36966
f 499/913/167 582/914/167 581/915/166 500/916/166 

vt -2.595 -5.59475
vn -2.33356e-15 -0.639016 -0.769193
v 0.0661692 1.38628 -0.16754
vt -2.62535 -5.59475
vt -2.62535 -5.63398
vt -2.595 -5.63398
f 498/917/168 583/918/168 582/919/167 499/920/167 

vt -2.62535 -4.76006
vt -2.595 -4.76006
vt -2.595 -4.72083
vn -2.10809e-15 -0.751477 -0.659759
v 0.0661692 1.387 -0.168235
vt -2.62535 -4.72083
f 583/921/168 498/922/168 497/923/169 584/924/169 

vt -2.595 -3.73019
vn -1.71617e-15 -0.845434 -0.534079
v 0.0661692 1.38759 -0.169033
vt -2.62535 -3.73019
vt -2.62535 -3.76942
vt -2.595 -3.76942
f 496/925/170 585/926/170 584/927/169 497/928/169 

vt -2.62535 -2.68644
vt -2.595 -2.68644
vt -2.595 -2.64721
vn -1.1049e-15 -0.918574 -0.395249
v 0.0661692 1.38806 -0.169914
vt -2.62535 -2.64721
f 585/929/170 496/930/170 495/931/171 586/932/171 

vt -2.595 -1.49857
vn -3.26868e-16 -0.969095 -0.246686
v 0.0661692 1.38838 -0.170858
vt -2.62535 -1.49857
vt -2.62535 -1.5378
vt -2.595 -1.5378
f 494/933/172 587/934/172 586/935/171 495/936/171 

vt -2.595 -0.312547
vn 2.85936e-16 -0.995754 -0.092049
v 0.0661692 1.38855 -0.17184
vt -2.62535 -0.312547
vt -2.62535 -0.351776
vt -2.595 -0.351776
f 493/937/173 588/938/173 587/939/172 494/940/172 

vt 2.62535 -0.842428
vt 2.595 -0.842428
vt 2.595 -0.881657
vn 5.46893e-16 -0.997895 0.0648546
v 0.0661692 1.38856 -0.172836
vt 2.62535 -0.881657
f 588/941/173 493/942/173 492/943/174 589/944/174 

vt 2.595 -2.05464
vn 7.81845e-16 -0.975463 0.220161
v 0.0661692 1.38842 -0.173822
vt 2.62535 -2.05464
vt 2.62535 -2.01541
vt 2.595 -2.01541
f 491/945/175 590/946/175 589/947/174 492/948/174 

vt 2.62535 -3.13827
vt 2.595 -3.13827
vt 2.595 -3.1775
vn 9.88566e-16 -0.929013 0.370047
v 0.0661692 1.38812 -0.174774
vt 2.62535 -3.1775
f 590/949/175 491/950/175 490/951/176 591/952/176 

vt 2.595 -4.22261
vn 1.01768e-15 -0.859687 0.510821
v 0.0661692 1.38768 -0.175668
vt 2.62535 -4.22261
vt 2.62535 -4.18339
vt 2.595 -4.18339
f 489/953/177 592/954/177 591/955/176 490/956/176 

vt 2.595 -5.16423
vn 1.04273e-15 -0.769193 0.639016
v 0.0661692 1.38711 -0.176482
vt 2.62535 -5.16423
vt 2.62535 -5.125
vt 2.595 -5.125
f 488/957/178 593/958/178 592/959/177 489/960/177 

vt 2.62535 -5.93995
vt 2.595 -5.93995
vt 2.595 -5.97918
vn 9.33997e-16 -0.659759 0.751477
v 0.0661692 1.38641 -0.177196
vt 2.62535 -5.97918
f 593/961/178 488/962/178 487/963/179 594/964/179 

vt 2.595 -6.64737
vn 5.72936e-16 -0.534079 0.845434
v 0.0661692 1.38562 -0.177793
vt 2.62535 -6.64737
vt 2.62535 -6.60814
vt 2.595 -6.60814
f 486/965/180 595/966/180 594/967/179 487/968/179 

vt 2.62535 -7.11314
vt 2.595 -7.11314
vt 2.595 -7.15237
vn 3.43805e-16 -0.395249 0.918574
v 0.0661692 1.38473 -0.178257
vt 2.62535 -7.15237
f 595/969/180 486/970/180 485/971/181 596/972/181 

vt 2.595 -7.48174
vn 3.11725e-16 -0.246686 0.969095
v 0.0661692 1.38379 -0.178578
vt 2.62535 -7.48174
vt 2.62535 -7.44251
vt 2.595 -7.44251
f 484/973/182 597/974/182 596/975/181 485/976/181 

vt 2.595 -7.62737
vn 2.71968e-16 -0.092049 0.995754
v 0.0661692 1.38281 -0.178747
vt 2.62535 -7.62737
vt 2.62535 -7.58814
vt 2.595 -7.58814
f 483/977/183 598/978/183 597/979/182 484/980/182 

vt 2.62535 -7.54643
vt 2.595 -7.54643
vt 2.595 -7.58566
vt 2.62535 -7.58566
f 598/981/183 483/982/183 482/983/144 560/984/144 

v 0.0661692 1.38367 -0.168711
vn -1 -3.25796e-16 5.06916e-16
v 0.0661692 1.37989 -0.169194
vn -1 -3.52184e-16 7.68382e-16
v 0.0661692 1.37935 -0.169306
v 0.0661692 1.37884 -0.169501
v 0.0661692 1.37836 -0.169774
v 0.0661692 1.37793 -0.170118
v 0.0661692 1.37757 -0.170524
v 0.0661692 1.37726 -0.170984
v 0.0661692 1.37704 -0.171485
v 0.0661692 1.3769 -0.172015
v 0.0661692 1.37684 -0.172561
v 0.0661692 1.37686 -0.173109
vt 1.20375e-14 -7.8278
v 0.0661692 1.37697 -0.173647
v 0.0661692 1.37717 -0.17416
v 0.0661692 1.37744 -0.174637
v 0.0661692 1.37779 -0.175065
v 0.0661692 1.37819 -0.175434
v 0.0661692 1.37865 -0.175735
v 0.0661692 1.37915 -0.17596
v 0.0661692 1.37968 -0.176104
v 0.0661692 1.38023 -0.176164
v 0.0661692 1.38078 -0.176137
v 0.0661692 1.38456 -0.175654
v 0.0661692 1.38509 -0.175542
v 0.0661692 1.38561 -0.175347
v 0.0661692 1.38608 -0.175075
v 0.0661692 1.38651 -0.174731
v 0.0661692 1.38688 -0.174324
v 0.0661692 1.38718 -0.173864
v 0.0661692 1.38741 -0.173364
v 0.0661692 1.38755 -0.172834
v 0.0661692 1.38761 -0.172288
v 0.0661692 1.38759 -0.171739
vt 1.20375e-14 -7.4022
v 0.0661692 1.38747 -0.171201
v 0.0661692 1.38728 -0.170688
v 0.0661692 1.38701 -0.170211
v 0.0661692 1.38666 -0.169783
v 0.0661692 1.38625 -0.169414
v 0.0661692 1.3858 -0.169113
v 0.0661692 1.38529 -0.168888
v 0.0661692 1.38476 -0.168744
v 0.0661692 1.38422 -0.168684
f 599/207/184 600/208/185 601/209/185 602/210/185 603/169/185 604/170/185 605/171/185 606/172/185 607/173/185 608/174/185 609/175/185 610/985/185 611/177/185 612/178/185 613/179/185 614/180/185 615/181/185 616/182/185 617/183/185 618/184/185 619/185/185 620/186/185 621/187/185 622/188/185 623/189/185 624/190/185 625/191/185 626/192/185 627/193/185 628/194/185 629/195/185 630/196/185 631/986/185 632/198/185 633/199/185 634/200/185 635/201/185 636/202/185 637/203/185 638/204/185 639/205/185 640/206/184 580/765/184 581/764/185 582/763/185 583/762/185 584/761/185 585/760/185 586/759/185 587/758/185 588/757/185 589/756/185 590/755/185 591/754/185 592/753/185 593/752/185 594/751/185 595/750/185 596/749/185 597/748/185 598/747/185 560/746/185 559/745/185 561/784/185 562/783/185 563/782/185 564/781/185 565/780/185 566/779/185 567/778/185 568/777/185 569/776/185 570/775/185 571/774/185 572/773/185 573/772/185 574/771/185 575/770/185 576/769/185 577/768/185 578/767/185 579/766/184 

v 0.070665 1.38367 -0.168711
vn -1.4575e-15 0.126744 -0.991935
v 0.070665 1.37989 -0.169194
f 641/333/186 642/334/186 600/335/186 599/336/186 

v 0.070665 1.37923 -0.178023
vt 0.203702 -7.75993
vn 1 7.87628e-15 1.24475e-14
v 0.070665 1.38014 -0.178423
vt 0.223866 -7.72628
vn 1 5.63955e-16 -2.2369e-15
v 0.070665 1.3811 -0.178675
vt 0.238519 -7.68989
v 0.070665 1.3821 -0.178773
vt 0.247298 -7.65166
v 0.070665 1.38309 -0.178715
vt 0.249988 -7.61252
v 0.070665 1.38406 -0.178501
vt 0.246522 -7.57344
v 0.070665 1.38499 -0.178139
vt 0.236986 -7.53539
v 0.070665 1.38585 -0.177635
vt 0.221615 -7.4993
v 0.070665 1.38662 -0.177003
vt 0.200787 -7.46606
v 0.070665 1.38729 -0.176259
vt 0.175015 -7.43648
v 0.070665 1.38782 -0.17542
vt 0.144933 -7.4113
v 0.070665 1.38822 -0.174507
vt 0.111283 -7.39113
v 0.070665 1.38847 -0.173543
vt 0.0748924 -7.37648
v 0.070665 1.38857 -0.172552
vt 0.0366578 -7.3677
v 0.070665 1.38851 -0.171557
vt -0.00247942 -7.36501
v 0.070665 1.3883 -0.170583
vt -0.0415556 -7.36848
v 0.070665 1.38794 -0.169655
vt -0.0796085 -7.37801
v 0.070665 1.38743 -0.168796
vt -0.115701 -7.39338
v 0.070665 1.3868 -0.168025
vt -0.148945 -7.41421
v 0.070665 1.38606 -0.167363
vt -0.178521 -7.43999
v 0.070665 1.38522 -0.166825
vt -0.203702 -7.47007
v 0.070665 1.38431 -0.166426
vt -0.223866 -7.50372
v 0.070665 1.38334 -0.166173
vt -0.238519 -7.54011
v 0.070665 1.38235 -0.166075
vt -0.247298 -7.57834
v 0.070665 1.38136 -0.166134
vt -0.249988 -7.61748
v 0.070665 1.38038 -0.166347
vt -0.246522 -7.65656
v 0.070665 1.37946 -0.166709
vt -0.236986 -7.69461
v 0.070665 1.3786 -0.167213
vt -0.221615 -7.7307
v 0.070665 1.37782 -0.167845
vt -0.200787 -7.76394
v 0.070665 1.37716 -0.168589
vt -0.175015 -7.79352
v 0.070665 1.37662 -0.169428
vt -0.144933 -7.8187
v 0.070665 1.37623 -0.170341
vt -0.111283 -7.83887
v 0.070665 1.37597 -0.171305
vt -0.0748924 -7.85352
v 0.070665 1.37588 -0.172297
vt -0.0366578 -7.8623
v 0.070665 1.37593 -0.173291
vt 0.00247942 -7.86499
v 0.070665 1.37615 -0.174265
vt 0.0415556 -7.86152
v 0.070665 1.37651 -0.175193
vt 0.0796085 -7.85199
v 0.070665 1.37701 -0.176053
vt 0.115701 -7.83662
v 0.070665 1.37764 -0.176823
vt 0.148945 -7.81579
v 0.070665 1.37839 -0.177485
vt 0.178521 -7.79001
v 0.070665 1.37915 -0.17596
v 0.070665 1.37865 -0.175735
v 0.070665 1.37819 -0.175434
v 0.070665 1.37779 -0.175065
v 0.070665 1.37744 -0.174637
v 0.070665 1.37717 -0.17416
v 0.070665 1.37697 -0.173647
v 0.070665 1.37686 -0.173109
vt -1.62878e-14 -7.8278
v 0.070665 1.37684 -0.172561
v 0.070665 1.3769 -0.172015
v 0.070665 1.37704 -0.171485
v 0.070665 1.37726 -0.170984
v 0.070665 1.37757 -0.170524
v 0.070665 1.37793 -0.170118
v 0.070665 1.37836 -0.169774
v 0.070665 1.37884 -0.169501
v 0.070665 1.37935 -0.169306
v 0.070665 1.38422 -0.168684
v 0.070665 1.38476 -0.168744
v 0.070665 1.38529 -0.168888
v 0.070665 1.3858 -0.169113
v 0.070665 1.38625 -0.169414
v 0.070665 1.38666 -0.169783
v 0.070665 1.38701 -0.170211
v 0.070665 1.38728 -0.170688
v 0.070665 1.38747 -0.171201
v 0.070665 1.38759 -0.171739
vt -1.62878e-14 -7.4022
v 0.070665 1.38761 -0.172288
v 0.070665 1.38755 -0.172834
v 0.070665 1.38741 -0.173364
v 0.070665 1.38718 -0.173864
v 0.070665 1.38688 -0.174324
v 0.070665 1.38651 -0.174731
v 0.070665 1.38608 -0.175075
v 0.070665 1.38561 -0.175347
v 0.070665 1.38509 -0.175542
v 0.070665 1.38456 -0.175654
v 0.070665 1.38078 -0.176137
v 0.070665 1.38023 -0.176164
v 0.070665 1.37968 -0.176104
f 643/987/187 644/988/188 645/989/188 646/990/188 647/991/188 648/992/188 649/993/188 650/994/188 651/995/188 652/996/188 653/997/188 654/998/188 655/999/188 656/1000/188 657/1001/188 658/1002/188 659/1003/188 660/1004/188 661/1005/188 662/1006/188 663/1007/188 664/1008/188 665/1009/188 666/1010/188 667/1011/188 668/1012/188 669/1013/188 670/1014/188 671/1015/188 672/1016/188 673/1017/188 674/1018/188 675/1019/188 676/1020/188 677/1021/188 678/1022/188 679/1023/188 680/1024/188 681/1025/188 682/1026/187 683/169/187 684/170/188 685/171/188 686/172/188 687/173/188 688/174/188 689/175/188 690/1027/188 691/177/188 692/178/188 693/179/188 694/180/188 695/181/188 696/182/188 697/183/188 698/184/188 699/185/188 642/186/188 641/187/188 700/188/188 701/189/188 702/190/188 703/191/188 704/192/188 705/193/188 706/194/188 707/195/188 708/196/188 709/1028/188 710/198/188 711/199/188 712/200/188 713/201/188 714/202/188 715/203/188 716/204/188 717/205/188 718/206/188 719/207/188 720/208/188 721/209/188 722/210/187 

v 0.0714308 1.38014 -0.178423
vt 2.8325 -6.51238
vn 7.56144e-16 0.328047 0.944662
vt 2.80235 -6.51238
vt 2.80235 -6.55161
vn 2.67588e-16 0.471785 0.881713
v 0.0714308 1.37923 -0.178023
vt 2.8325 -6.55161
f 723/1029/189 644/1030/189 643/1031/190 724/1032/190 

vt 2.80235 -7.08351
vt 2.8325 -7.08351
v 0.0714308 1.3811 -0.178675
vt 2.8325 -7.04428
vn 8.44843e-16 0.17623 0.984349
vt 2.80235 -7.04428
f 644/1033/189 723/1034/189 725/1035/191 645/1036/191 

v 0.0714308 1.36953 -0.172169
vt -0.0733156 -8.1096
vn 1 3.39572e-16 -5.36772e-16
v 0.0714308 1.36964 -0.174159
vt 0.00495884 -8.11498
vn 1 3.79736e-16 -8.28093e-16
v 0.0714308 1.37007 -0.176105
vt 0.0831112 -8.10804
v 0.0714308 1.37079 -0.177961
vt 0.159217 -8.08897
v 0.0714308 1.3718 -0.179681
vt 0.231402 -8.05823
v 0.0714308 1.37307 -0.181222
vt 0.29789 -8.01657
v 0.0714308 1.37455 -0.182547
vt 0.357042 -7.96503
v 0.0714308 1.37623 -0.183622
vt 0.407403 -7.90487
v 0.0714308 1.37806 -0.184421
vt 0.447733 -7.83757
v 0.0714308 1.37999 -0.184925
vt 0.477037 -7.76478
v 0.0714308 1.38197 -0.185122
vt 0.494596 -7.68832
v 0.0714308 1.38396 -0.185005
vt 0.499975 -7.61004
v 0.0714308 1.38591 -0.184579
vt 0.493044 -7.53189
v 0.0714308 1.38776 -0.183853
vt 0.473973 -7.45578
v 0.0714308 1.38948 -0.182846
vt 0.44323 -7.3836
v 0.0714308 1.39102 -0.181583
vt 0.401574 -7.31711
v 0.0714308 1.39235 -0.180094
vt 0.35003 -7.25796
v 0.0714308 1.39342 -0.178416
vt 0.289866 -7.2076
v 0.0714308 1.39422 -0.17659
vt 0.222566 -7.16727
v 0.0714308 1.39473 -0.174662
vt 0.149785 -7.13796
v 0.0714308 1.39492 -0.172679
vt 0.0733156 -7.1204
v 0.0714308 1.3948 -0.17069
vt -0.00495884 -7.11502
v 0.0714308 1.39438 -0.168743
vt -0.0831112 -7.12196
v 0.0714308 1.39365 -0.166887
vt -0.159217 -7.14103
v 0.0714308 1.39265 -0.165167
vt -0.231402 -7.17177
v 0.0714308 1.39138 -0.163626
vt -0.29789 -7.21343
v 0.0714308 1.38989 -0.162302
vt -0.357042 -7.26497
v 0.0714308 1.38822 -0.161226
vt -0.407403 -7.32513
v 0.0714308 1.38639 -0.160427
vt -0.447733 -7.39243
v 0.0714308 1.38446 -0.159923
vt -0.477037 -7.46522
v 0.0714308 1.38248 -0.159727
vt -0.494596 -7.54168
v 0.0714308 1.38049 -0.159843
vt -0.499975 -7.61996
v 0.0714308 1.37854 -0.160269
vt -0.493044 -7.69811
v 0.0714308 1.37669 -0.160995
vt -0.473973 -7.77422
v 0.0714308 1.37497 -0.162002
vt -0.44323 -7.8464
v 0.0714308 1.37343 -0.163265
vt -0.401574 -7.91289
v 0.0714308 1.3721 -0.164754
vt -0.35003 -7.97204
v 0.0714308 1.37103 -0.166432
vt -0.289866 -8.0224
v 0.0714308 1.37023 -0.168258
vt -0.222566 -8.06273
v 0.0714308 1.36972 -0.170186
vt -0.149785 -8.09204
v 0.0714308 1.37623 -0.170341
v 0.0714308 1.37662 -0.169428
v 0.0714308 1.37716 -0.168589
v 0.0714308 1.37782 -0.167845
v 0.0714308 1.3786 -0.167213
v 0.0714308 1.37946 -0.166709
v 0.0714308 1.38038 -0.166347
v 0.0714308 1.38136 -0.166134
v 0.0714308 1.38235 -0.166075
v 0.0714308 1.38334 -0.166173
v 0.0714308 1.38431 -0.166426
v 0.0714308 1.38522 -0.166825
v 0.0714308 1.38606 -0.167363
v 0.0714308 1.3868 -0.168025
v 0.0714308 1.38743 -0.168796
v 0.0714308 1.38794 -0.169655
v 0.0714308 1.3883 -0.170583
v 0.0714308 1.38851 -0.171557
v 0.0714308 1.38857 -0.172552
v 0.0714308 1.38847 -0.173543
v 0.0714308 1.38822 -0.174507
v 0.0714308 1.38782 -0.17542
v 0.0714308 1.38729 -0.176259
v 0.0714308 1.38662 -0.177003
v 0.0714308 1.38585 -0.177635
v 0.0714308 1.38499 -0.178139
v 0.0714308 1.38406 -0.178501
v 0.0714308 1.38309 -0.178715
v 0.0714308 1.3821 -0.178773
v 0.0714308 1.37839 -0.177485
v 0.0714308 1.37764 -0.176823
v 0.0714308 1.37701 -0.176053
v 0.0714308 1.37651 -0.175193
v 0.0714308 1.37615 -0.174265
v 0.0714308 1.37593 -0.173291
v 0.0714308 1.37588 -0.172297
v 0.0714308 1.37597 -0.171305
f 726/1037/192 727/1038/193 728/1039/193 729/1040/193 730/1041/193 731/1042/193 732/1043/193 733/1044/193 734/1045/193 735/1046/193 736/1047/193 737/1048/193 738/1049/193 739/1050/193 740/1051/193 741/1052/193 742/1053/193 743/1054/193 744/1055/193 745/1056/193 746/1057/193 747/1058/193 748/1059/193 749/1060/193 750/1061/193 751/1062/193 752/1063/193 753/1064/193 754/1065/193 755/1066/193 756/1067/193 757/1068/193 758/1069/193 759/1070/193 760/1071/193 761/1072/193 762/1073/193 763/1074/193 764/1075/193 765/1076/192 766/1018/192 767/1017/193 768/1016/193 769/1015/193 770/1014/193 771/1013/193 772/1012/193 773/1011/193 774/1010/193 775/1009/193 776/1008/193 777/1007/193 778/1006/193 779/1005/193 780/1004/193 781/1003/193 782/1002/193 783/1001/193 784/1000/193 785/999/193 786/998/193 787/997/193 788/996/193 789/995/193 790/994/193 791/993/193 792/992/193 793/991/193 794/990/193 725/989/193 723/988/193 724/987/193 795/1026/193 796/1025/193 797/1024/193 798/1023/193 799/1022/193 800/1021/193 801/1020/193 802/1019/192 

v 0.070665 1.36953 -0.172043
vt 2.76324 -1.03886
vn 0.00458592 -0.999989 0.000455445
vt 2.77649 -1.12655
vn -0.00458592 -0.994221 -0.107258
vt 2.79185 -1.04961
vn -0.00458592 -0.998759 0.0495929
f 803/1077/194 727/1078/195 726/1079/196

vt 2.74701 -0.0878943
v 0.070665 1.36963 -0.174034
vt 2.76048 -0.165188
vn 0.00458592 -0.987749 -0.155983
vt 2.79103 -0.16488
f 803/1080/194 804/1081/197 727/1082/195

vn 1 -2.91849e-15 -2.5819e-15
v 0.070665 1.38184 -0.185118
v 0.070665 1.37986 -0.184903
v 0.070665 1.37794 -0.184379
v 0.070665 1.37612 -0.183562
v 0.070665 1.37445 -0.18247
v 0.070665 1.37298 -0.181131
v 0.070665 1.37173 -0.179577
v 0.070665 1.37074 -0.177848
v 0.070665 1.37003 -0.175985
vt -2.31154e-14 -8.115
v 0.070665 1.36975 -0.170062
v 0.070665 1.37027 -0.168139
v 0.070665 1.37109 -0.166322
v 0.070665 1.37218 -0.164654
v 0.070665 1.37352 -0.163179
v 0.070665 1.37507 -0.16193
v 0.070665 1.3768 -0.160941
v 0.070665 1.37866 -0.160233
v 0.070665 1.38061 -0.159827
v 0.070665 1.37248 -0.160866
v 0.070665 1.37101 -0.161172
v 0.070665 1.36962 -0.161702
v 0.070665 1.36832 -0.162444
v 0.070665 1.36715 -0.16338
v 0.070665 1.36615 -0.164487
v 0.070665 1.36533 -0.165738
v 0.070665 1.36472 -0.167101
v 0.070665 1.36432 -0.168543
v 0.070665 1.36416 -0.170029
v 0.070665 1.36424 -0.171522
v 0.070665 1.36504 -0.177821
v 0.070665 1.36535 -0.179284
v 0.070665 1.36588 -0.180681
v 0.070665 1.36662 -0.181978
v 0.070665 1.36755 -0.183144
v 0.070665 1.36866 -0.184148
v 0.070665 1.36991 -0.184967
v 0.070665 1.37127 -0.18558
v 0.070665 1.37272 -0.185972
f 388/502/198 436/503/198 805/504/198 806/505/198 807/506/198 808/507/198 809/508/198 810/509/198 811/510/198 812/511/198 813/512/198 804/1083/198 803/514/198 814/515/198 815/516/198 816/517/198 817/518/198 818/519/198 819/520/198 820/521/198 821/479/198 822/480/198 823/481/198 824/482/198 825/483/198 826/484/198 827/485/198 828/486/198 829/487/198 830/488/198 831/489/198 832/490/198 833/491/198 834/492/198 835/493/198 836/494/198 837/495/198 838/496/198 839/497/198 840/498/198 841/499/198 842/500/198 438/501/198 

vt -2.79529 -7.62774
vn 0.00458592 -0.000455445 -0.999989
vt -2.79521 -7.54928
vn 0.00458592 0.155983 -0.987749
vt -2.82535 -7.54431
vn -0.00458592 0.107258 -0.994221
f 805/1084/199 436/1085/200 737/1086/201

vt -2.83902 -7.54255
vn -0.00458592 0.261468 -0.965201
vt -2.83912 -7.62101
vt -2.80897 -7.62599
f 738/1087/202 737/1088/201 436/1089/200

vt -2.82545 -7.55041
vt -2.79521 -7.63378
v 0.070665 1.38578 -0.184615
vt -2.79529 -7.55532
vn 0.00458592 0.308581 -0.951187
f 738/1090/202 436/1091/200 843/1092/203

v 0.070665 1.56774 -0.135917
vt -0.5 -0.188
vn 1 9.33297e-16 -2.03021e-15
v 0.070665 1.3826 -0.15973
vt -0.493844 -7.53678
v 0.070665 1.38459 -0.159946
vt -0.475528 -7.46049
v 0.070665 1.38651 -0.160469
vt -0.445503 -7.388
v 0.070665 1.38833 -0.161286
v 0.070665 1.38999 -0.162378
v 0.070665 1.39147 -0.163717
v 0.070665 1.39272 -0.165271
v 0.070665 1.39371 -0.167
v 0.070665 1.3944 -0.168803
vt -0.0806653 -7.12155
v 0.070665 1.3948 -0.17069
vt -0.00495899 -7.11502
v 0.070665 1.39492 -0.172742
vt 0.0757673 -7.12077
v 0.070665 1.3947 -0.174786
v 0.070665 1.39418 -0.176709
v 0.070665 1.39336 -0.178527
v 0.070665 1.39227 -0.180194
v 0.070665 1.39093 -0.18167
v 0.070665 1.38938 -0.182918
v 0.070665 1.38765 -0.183908
vt 0.5 -0.188
f 844/1093/204 822/480/204 845/1094/204 846/1095/204 847/1096/204 848/535/204 849/536/204 850/537/204 851/538/204 852/539/204 853/1097/204 854/1098/204 855/1099/204 856/543/204 857/544/204 858/545/204 859/546/204 860/547/204 861/548/204 862/549/204 843/531/204 436/503/204 435/1100/204 

vn 2.09328e-15 -0.126744 0.991935
v 0.0705477 1.56922 -0.135728
v 0.0701988 1.57066 -0.135544
v 0.0696268 1.57203 -0.135369
v 0.0688459 1.57329 -0.135207
v 0.0678752 1.57442 -0.135063
v 0.0667386 1.57538 -0.13494
v 0.0654642 1.57616 -0.134841
v 0.0640834 1.57672 -0.134769
v 0.06263 1.57707 -0.134724
v 0.06114 1.57719 -0.13471
v -0.0621694 1.57719 -0.13471
v -0.0636595 1.57707 -0.134724
v -0.0651128 1.57672 -0.134769
v -0.0664937 1.57616 -0.134841
v -0.0677681 1.57538 -0.13494
v -0.0689046 1.57442 -0.135063
v -0.0698753 1.57329 -0.135207
v -0.0706563 1.57203 -0.135369
v -0.0712283 1.57066 -0.135544
v -0.0715772 1.56922 -0.135728
v -0.0716944 1.56774 -0.135917
v -0.0716944 1.38061 -0.159827
v -0.0716944 1.37248 -0.160866
v -0.06714 1.56874 -0.135789
v -0.0669655 1.56946 -0.135696
v -0.0666796 1.57015 -0.135609
v -0.0662891 1.57078 -0.135528
v -0.0658037 1.57134 -0.135456
v -0.0652355 1.57183 -0.135395
v -0.0645983 1.57221 -0.135345
v -0.0639078 1.5725 -0.135309
v -0.0631812 1.57267 -0.135287
v -0.0624361 1.57273 -0.135279
v 0.0614067 1.57273 -0.135279
v 0.0621517 1.57267 -0.135287
v 0.0628784 1.5725 -0.135309
v 0.0635688 1.57221 -0.135345
v 0.064206 1.57183 -0.135395
v 0.0647743 1.57134 -0.135456
v 0.0652596 1.57078 -0.135528
v 0.0656501 1.57015 -0.135609
v 0.0659361 1.56946 -0.135696
v 0.0661105 1.56874 -0.135789
v 0.0661692 1.568 -0.135883
f 460/707/205 459/708/205 823/709/205 822/710/205 844/711/205 863/712/205 864/713/205 865/714/205 866/715/205 867/716/205 868/717/205 869/718/205 870/719/205 871/720/205 872/721/205 873/722/205 874/723/205 875/724/205 876/725/205 877/726/205 878/727/205 879/728/205 880/729/205 881/730/205 882/731/205 883/732/205 884/733/205 885/682/205 329/683/205 328/684/205 371/685/205 886/686/205 887/687/205 888/688/205 889/689/205 890/690/205 891/691/205 892/692/205 893/693/205 894/694/205 895/695/205 896/696/205 897/697/205 898/698/205 899/699/205 900/700/205 901/701/205 902/702/205 903/703/205 904/704/205 905/705/205 906/706/205 

vt 2.80235 -7.93314
vn 1.71747e-15 -0.280357 0.959896
vt 2.80235 -7.8743
vn 2.1767e-15 -0.20418 0.978933
vt 2.62535 -7.8743
vt 2.62535 -7.93314
f 824/1101/206 823/1102/207 459/1103/207 458/1104/206 

vt 2.62535 -7.66007
vt 2.62535 -7.71891
vn 1.09709e-15 -0.427066 0.904221
vt 2.80235 -7.71891
vt 2.80235 -7.66007
f 458/1105/206 457/1106/208 825/1107/208 824/1108/206 

vt 2.62535 -7.31534
vn 9.30703e-16 -0.563259 0.82628
vt 2.80235 -7.31534
vt 2.80235 -7.2565
vt 2.62535 -7.2565
f 456/1109/209 826/1110/209 825/1111/208 457/1112/208 

vt 2.80235 -6.73237
vn 8.25651e-16 -0.685583 0.727994
vt 2.80235 -6.67352
vt 2.62535 -6.67352
vt 2.62535 -6.73237
f 827/1113/210 826/1114/209 456/1115/209 455/1116/210 

vt 2.62535 -5.9255
vt 2.62535 -5.98434
vn 6.0895e-16 -0.791026 0.611783
vt 2.80235 -5.98434
vt 2.80235 -5.9255
f 455/1117/210 454/1118/211 828/1119/211 827/1120/210 

vt 2.80235 -5.08969
vn 3.90214e-16 -0.876991 0.480507
vt 2.80235 -5.03085
vt 2.62535 -5.03085
vt 2.62535 -5.08969
f 829/1121/212 828/1122/211 454/1123/211 453/1124/212 

vt 2.62535 -4.01159
vt 2.62535 -4.07044
vn 2.9428e-16 -0.941362 0.337399
vt 2.80235 -4.07044
vt 2.80235 -4.01159
f 453/1125/212 452/1126/213 830/1127/213 829/1128/212 

vt 2.62535 -2.95168
vn 3.54733e-16 -0.982553 0.185984
vt 2.80235 -2.95168
vt 2.80235 -2.89283
vt 2.62535 -2.89283
f 451/1129/214 831/1130/214 830/1131/213 452/1132/213 

vt 2.80235 -1.76097
vn 5.41325e-15 -0.99955 0.029989
vt 2.80235 -1.70212
vt 2.62535 -1.70212
vt 2.62535 -1.76097
f 832/1133/215 831/1134/214 451/1135/214 450/1136/215 

vt 2.62535 -0.468771
vt 2.62535 -0.527616
vn 1.03784e-14 -0.998822 -0.0485272
vt 2.80235 -0.527616
vt 2.80235 -0.468771
f 450/1137/215 449/1138/216 833/1139/216 832/1140/215 

vt -2.62535 0.125
vn 2.65884e-16 -0.991935 -0.126744
vt -2.80235 0.125
vt -2.80235 -0.125
vt -2.62535 -0.125
f 448/1141/217 834/1142/217 833/1143/217 449/1144/217 

vt -2.80235 -0.468771
vn -5.10229e-15 -0.959896 -0.280357
vt -2.80235 -0.527616
vn -9.8877e-15 -0.978933 -0.20418
vt -2.62535 -0.527616
vt -2.62535 -0.468771
f 835/1145/218 834/1146/219 448/1147/219 447/1148/218 

vt -2.62535 -1.76097
vt -2.62535 -1.70212
vn -4.53195e-16 -0.904221 -0.427066
vt -2.80235 -1.70212
vt -2.80235 -1.76097
f 447/1149/218 446/1150/220 836/1151/220 835/1152/218 

vt -2.62535 -2.89283
vn -8.06971e-16 -0.82628 -0.563259
vt -2.80235 -2.89283
vt -2.80235 -2.95168
vt -2.62535 -2.95168
f 445/1153/221 837/1154/221 836/1155/220 446/1156/220 

vt -2.80235 -4.01159
vn -1.19961e-15 -0.727994 -0.685583
vt -2.80235 -4.07044
vt -2.62535 -4.07044
vt -2.62535 -4.01159
f 838/1157/222 837/1158/221 445/1159/221 444/1160/222 

vt -2.62535 -5.08969
vt -2.62535 -5.03085
vn -1.62353e-15 -0.611783 -0.791026
vt -2.80235 -5.03085
vt -2.80235 -5.08969
f 444/1161/222 443/1162/223 839/1163/223 838/1164/222 

vt -2.80235 -5.9255
vn -2.04299e-15 -0.480507 -0.876991
vt -2.80235 -5.98434
vt -2.62535 -5.98434
vt -2.62535 -5.9255
f 840/1165/224 839/1166/223 443/1167/223 442/1168/224 

vt -2.62535 -6.73237
vt -2.62535 -6.67352
vn -2.51128e-15 -0.337399 -0.941362
vt -2.80235 -6.67352
vt -2.80235 -6.73237
f 442/1169/224 441/1170/225 841/1171/225 840/1172/224 

vt -2.62535 -7.2565
vn -2.79482e-15 -0.185984 -0.982553
vt -2.80235 -7.2565
vt -2.80235 -7.31534
vt -2.62535 -7.31534
f 440/1173/226 842/1174/226 841/1175/225 441/1176/225 

vt -2.80235 -7.66007
vt -2.80235 -7.71891
vt -2.62535 -7.71891
vt -2.62535 -7.66007
f 438/1177/135 842/1178/226 440/1179/226 437/1180/135 

vt -0.5 -0.348446
vn 0.987688 0.155173 0.0198272
vt -0.5 -0.40729
vn 0.996917 0.0778264 0.00994424
vt 0.5 -0.40729
vt 0.5 -0.348446
f 863/1181/227 844/1182/228 435/1183/228 434/1184/227 

vt 0.5 -0.778881
vt 0.5 -0.720037
vn 0.951057 0.306525 0.0391661
vt -0.5 -0.720037
vt -0.5 -0.778881
f 434/1185/227 433/1186/229 864/1187/229 863/1188/227 

vt 0.5 -1.07317
vn 0.891007 0.450329 0.0575407
vt -0.5 -1.07317
vt -0.5 -1.13202
vt 0.5 -1.13202
f 432/1189/230 865/1190/230 864/1191/229 433/1192/229 

vt -0.5 -1.39916
vn 0.809017 0.583045 0.0744984
vt -0.5 -1.45801
vt 0.5 -1.45801
vt 0.5 -1.39916
f 866/1193/231 865/1194/230 432/1195/230 431/1196/231 

vt 0.5 -1.74882
vt 0.5 -1.68997
vn 0.707107 0.701404 0.0896217
vt -0.5 -1.68997
vt -0.5 -1.74882
f 431/1197/231 430/1198/232 867/1199/232 866/1200/231 

vt -0.5 -1.93845
vn 0.587785 0.802493 0.102538
vt -0.5 -1.99729
vt 0.5 -1.99729
vt 0.5 -1.93845
f 868/1201/233 867/1202/232 430/1203/232 429/1204/233 

vt 0.5 -2.19731
vt 0.5 -2.13846
vn 0.45399 0.883821 0.11293
vt -0.5 -2.13846
vt -0.5 -2.19731
f 429/1205/233 428/1206/234 869/1207/234 868/1208/233 

vt 0.5 -2.2851
vn 0.309017 0.943387 0.120541
vt -0.5 -2.2851
vt -0.5 -2.34395
vt 0.5 -2.34395
f 427/1209/235 870/1210/235 869/1211/234 428/1212/234 

vt -0.5 -2.37475
vn 0.156434 0.979723 0.125184
vt -0.5 -2.43359
vt 0.5 -2.43359
vt 0.5 -2.37475
f 871/1213/236 870/1214/235 427/1215/235 426/1216/236 

vt 0.5 -2.46404
vt 0.5 -2.4052
vn 0.0784591 0.988878 0.126354
vt -0.5 -2.4052
vt -0.5 -2.46404
f 426/1217/236 425/1218/237 872/1219/237 871/1220/236 

vt -2.42735 -0.5
vn -1.29016e-16 0.991935 0.126744
vt 2.42735 -0.5
vn 7.10358e-17 0.991935 0.126744
vt 2.42735 0.5
vt -2.42735 0.5
v -0.00495933 1.57889 -0.148005
vt -0.174984 0.0277148
v -0.00479449 1.57897 -0.148686
vt -0.168494 0.0547471
v -0.00452426 1.57906 -0.149334
vt -0.157855 0.0804314
v -0.00415531 1.57913 -0.149931
vt -0.14333 0.104135
v -0.00369672 1.5792 -0.150463
vt -0.125275 0.125275
v -0.00315977 1.57926 -0.150918
vt -0.104135 0.14333
v -0.00255769 1.5793 -0.151284
vt -0.0804314 0.157855
v -0.00190531 1.57934 -0.151552
vt -0.0547471 0.168494
v -0.00121869 1.57936 -0.151716
vt -0.0277148 0.174984
v -0.000514735 1.57937 -0.151771
vt 2.42112e-15 0.177165
v 0.00018922 1.57936 -0.151716
vt 0.0277148 0.174984
v 0.000875842 1.57934 -0.151552
vt 0.0547471 0.168494
v 0.00152822 1.5793 -0.151284
vt 0.0804314 0.157855
v 0.0021303 1.57926 -0.150918
vt 0.104135 0.14333
v 0.00266725 1.5792 -0.150463
vt 0.125275 0.125275
v 0.00312584 1.57913 -0.149931
vt 0.14333 0.104135
v 0.00349479 1.57906 -0.149334
vt 0.157855 0.0804314
v 0.00376502 1.57897 -0.148686
vt 0.168494 0.0547471
v 0.00392986 1.57889 -0.148005
vt 0.174984 0.0277148
v 0.00398527 1.5788 -0.147307
vt 0.177165 -2.10775e-14
v 0.00392986 1.57871 -0.146609
vt 0.174984 -0.0277148
v 0.00376502 1.57862 -0.145928
vt 0.168494 -0.0547471
v 0.00349479 1.57854 -0.145281
vt 0.157855 -0.0804314
v 0.00312584 1.57846 -0.144683
vt 0.14333 -0.104135
v 0.00266725 1.57839 -0.144151
vt 0.125275 -0.125275
v 0.0021303 1.57833 -0.143696
vt 0.104135 -0.14333
v 0.00152822 1.57829 -0.14333
vt 0.0804314 -0.157855
v 0.000875842 1.57825 -0.143062
vt 0.0547471 -0.168494
v 0.00018922 1.57823 -0.142898
vt 0.0277148 -0.174984
v -0.000514735 1.57823 -0.142843
vt 3.14276e-15 -0.177165
v -0.00121869 1.57823 -0.142898
vt -0.0277148 -0.174984
v -0.00190531 1.57825 -0.143062
vt -0.0547471 -0.168494
v -0.00255769 1.57829 -0.14333
vt -0.0804314 -0.157855
v -0.00315977 1.57833 -0.143696
vt -0.104135 -0.14333
v -0.00369672 1.57839 -0.144151
vt -0.125275 -0.125275
v -0.00415531 1.57846 -0.144683
vt -0.14333 -0.104135
v -0.00452426 1.57854 -0.145281
vt -0.157855 -0.0804314
v -0.00479449 1.57862 -0.145928
vt -0.168494 -0.0547471
v -0.00495933 1.57871 -0.146609
vt -0.174984 -0.0277148
v -0.00501473 1.5788 -0.147307
vt -0.177165 -2.10775e-14
f 873/1221/238 872/1222/239 425/1223/239 424/1224/238 907/1225/238 908/1226/239 909/1227/239 910/1228/239 911/1229/239 912/1230/239 913/1231/239 914/1232/239 915/1233/239 916/1234/239 917/1235/239 918/1236/239 919/1237/239 920/1238/239 921/1239/239 922/1240/239 923/1241/239 924/1242/239 925/1243/239 926/1244/239 927/1245/239 928/1246/239 929/1247/239 930/1248/239 931/1249/239 932/1250/239 933/1251/239 934/1252/239 935/1253/239 936/1254/239 937/1255/239 938/1256/239 939/1257/239 940/1258/239 941/1259/239 942/1260/239 943/1261/239 944/1262/239 945/1263/239 946/1264/238 

vt -0.177165 -2.13578e-14
f 907/1225/238 424/1224/238 873/1221/238 946/1265/238 

vn -0.156434 0.979723 0.125184
vn -0.0784591 0.988878 0.126354
f 874/1217/240 873/1218/241 424/1219/241 423/1220/240 

vn -0.309017 0.943387 0.120541
f 423/1213/240 422/1214/242 875/1215/242 874/1216/240 

vn -0.45399 0.883821 0.11293
f 421/1211/243 876/1212/243 875/1209/242 422/1210/242 

vn -0.587785 0.802493 0.102538
f 877/1205/244 876/1206/243 421/1207/243 420/1208/244 

vn -0.707107 0.701404 0.0896217
f 420/1201/244 419/1202/245 878/1203/245 877/1204/244 

vn -0.809017 0.583045 0.0744984
f 879/1197/246 878/1198/245 419/1199/245 418/1200/246 

vn -0.891007 0.450329 0.0575407
f 418/1193/246 417/1194/247 880/1195/247 879/1196/246 

vn -0.951057 0.306525 0.0391661
f 416/1191/248 881/1192/248 880/1189/247 417/1190/247 

vn -0.987688 0.155173 0.0198272
f 882/1185/249 881/1186/248 416/1187/248 415/1188/249 

vn -0.996917 0.0778264 0.00994424
f 415/1181/249 414/1182/250 883/1183/250 882/1184/249 

vn -1 -8.97497e-16 2.03756e-15
v -0.0716944 1.38578 -0.184615
v -0.0716944 1.38765 -0.183908
v -0.0716944 1.38938 -0.182918
v -0.0716944 1.39093 -0.18167
v -0.0716944 1.39227 -0.180194
v -0.0716944 1.39336 -0.178527
v -0.0716944 1.39418 -0.176709
v -0.0716944 1.3947 -0.174786
v -0.0716944 1.39492 -0.171973
vt -0.0457286 -7.1171
v -0.0716944 1.3945 -0.169183
vt 0.0653073 -7.11928
v -0.0716944 1.39371 -0.167
v -0.0716944 1.39272 -0.165271
v -0.0716944 1.39147 -0.163717
v -0.0716944 1.38999 -0.162378
v -0.0716944 1.38833 -0.161286
v -0.0716944 1.38651 -0.160469
v -0.0716944 1.38459 -0.159946
v -0.0716944 1.3826 -0.15973
f 414/1093/251 413/480/251 947/1094/251 948/1095/251 949/1096/251 950/535/251 951/536/251 952/537/251 953/538/251 954/539/251 955/1266/251 956/1267/251 957/543/251 958/544/251 959/545/251 960/546/251 961/547/251 962/548/251 963/549/251 964/531/251 884/503/251 883/1100/251 

vt 2.81045 -7.65253
vn 0.0132327 0.1355 -0.990689
vt 2.78056 -7.56099
vn -0.0132327 0.246637 -0.969018
vt 2.78031 -7.63944
vn -0.0132327 0.092013 -0.99567
f 75/1268/252 947/1269/253 413/1270/254

vt 2.85007 -7.63786
vt 2.84991 -7.5594
vn 0.0132327 0.288809 -0.957295
vt 2.81971 -7.54647
f 75/1271/252 74/1272/255 947/1273/253

vt 2.7807 -7.3921
vn -0.0132327 0.395189 -0.918505
vt 2.77995 -7.47055
vt 2.81 -7.48383
f 948/1274/256 947/1275/253 74/1276/255

vt 2.81928 -7.37279
vt 2.85022 -7.46398
vt 2.84956 -7.38553
vn 0.0132327 0.435008 -0.90033
f 948/1277/256 74/1278/255 73/1279/257

vt 2.80939 -7.13453
vt 2.78072 -7.0426
vn -0.0132327 0.534009 -0.845375
vt 2.77943 -7.12104
f 73/1280/257 949/1281/258 948/1282/256

vt 2.85026 -7.10575
vt 2.84907 -7.0273
vn 0.0132327 0.570495 -0.821195
vt 2.8187 -7.01477
f 73/1283/257 72/1284/259 949/1285/258

vt 2.78058 -6.5229
vn -0.0132327 0.65968 -0.75143
vt 2.77868 -6.60133
vt 2.80853 -6.61505
f 950/1286/260 949/1287/258 72/1288/259

vt 2.81789 -6.47959
vt 2.85015 -6.57032
vt 2.84836 -6.49189
vn 0.0132327 0.691934 -0.72184
f 950/1289/260 72/1290/259 71/1291/261

vt 2.78019 -5.84843
vn -0.0132327 0.769108 -0.638982
vt 2.77754 -5.92685
vt 2.80726 -5.94085
f 951/1292/262 950/1293/260 71/1294/261

vt 2.8167 -5.77812
vt 2.84979 -5.86856
vt 2.84728 -5.79014
vn 0.0132327 0.796336 -0.60471
f 951/1295/262 71/1296/261 70/1297/263

vt 2.8052 -5.13299
vt 2.77929 -5.04024
vn -0.0132327 0.859598 -0.5108
vt 2.77566 -5.11862
f 70/1298/263 952/1299/264 951/1300/262

vt 2.84897 -5.01397
vt 2.84553 -4.93559
vn 0.0132327 0.881129 -0.472691
vt 2.81481 -4.92393
f 70/1301/263 69/1302/265 952/1303/264

vt 2.77721 -4.12699
vn -0.0132327 0.928921 -0.37004
vt 2.77215 -4.20528
vt 2.80143 -4.22019
f 953/1304/266 952/1305/264 69/1306/265

vt 2.81143 -3.93101
vt 2.84711 -4.02046
vt 2.84234 -3.94214
vn 0.0132327 0.944226 -0.329032
f 953/1307/266 69/1308/265 68/1309/267

vt 2.79294 -3.24645
vt 2.77159 -3.15255
vn -0.0179583 0.97763 -0.209564
vt 2.76414 -3.23065
f 68/1310/267 954/1311/268 953/1312/266

vt 2.84229 -2.89577
vt 2.83534 -2.81762
vn 0.0575173 0.984371 -0.166452
vt 2.80414 -2.80735
f 68/1313/267 67/1314/269 954/1315/268

vt 2.6962 -2.23041
vn 0.0421243 0.999063 -0.00994232
vt 2.66821 -2.33788
vt 2.69416 -2.35802
f 955/1316/270 954/1317/268 67/1318/269

vt 2.29276 -0.707896
vt 2.38842 -0.792384
vt 2.34382 -0.727831
vn 0.0683773 0.996126 -0.0552895
f 955/1319/270 67/1320/269 66/1321/271

vt 2.51068 -2.05955
vt 2.51841 -2.11382
vt 2.55195 -2.04289
vn 0.0117938 0.993177 0.116021
f 955/1322/270 66/1323/271 65/1324/272

vt -0.625376 2.13214
vt -0.694922 2.08493
vn 0.0284337 0.974322 0.223355
vt -0.58674 2.11004
f 65/1325/272 956/1326/273 955/1327/270

vt -2.8325 -0.359978
vt -2.8325 -0.438437
vn 0.0132221 0.958547 0.284628
vt -2.80235 -0.438437
f 65/1328/272 64/1329/274 956/1330/273

vt -2.80235 -1.72667
vn -5.29815e-08 0.920304 0.391203
vt -2.80235 -1.63522
vt -2.8325 -1.63522
f 957/1331/275 956/1332/273 64/1333/274

vt -2.78185 -1.14691
vt -2.7948 -1.05148
vt -2.80914 -1.12862
vn 0.0132327 0.90033 0.435008
f 957/1334/275 64/1335/274 63/1336/276

vt -2.80287 -3.14249
vt -2.76414 -3.23065
vn -0.0132327 0.845375 0.534009
vt -2.77159 -3.15255
f 63/1337/276 958/1338/277 957/1339/275

vt -2.83098 -2.41307
vt -2.83902 -2.49111
vn 0.0132327 0.821195 0.570495
vt -2.81034 -2.50713
f 63/1340/276 62/1341/278 958/1342/277

vt -2.77215 -4.20528
vn -0.0132327 0.75143 0.65968
vt -2.77721 -4.12699
vt -2.80815 -4.11597
f 959/1343/279 958/1344/277 62/1345/278

vt -2.8168 -3.67647
vt -2.84066 -3.58317
vt -2.84602 -3.66145
vn 0.0132327 0.72184 0.691934
f 959/1346/279 62/1347/278 61/1348/280

vt -2.77566 -5.11862
vn -0.0132327 0.638982 0.769108
vt -2.77929 -5.04024
vt -2.81003 -5.02866
f 960/1349/281 959/1350/279 61/1351/280

vt -2.81901 -4.71317
vt -2.84469 -4.62036
vt -2.84852 -4.69872
vn 0.0132327 0.60471 0.796336
f 960/1352/281 61/1353/280 60/1354/282

vt -2.81078 -5.83647
vt -2.77754 -5.92685
vn -0.0132327 0.5108 0.859598
vt -2.78019 -5.84843
f 60/1355/282 961/1356/283 960/1357/281

vt -2.84679 -5.5225
vt -2.84959 -5.60091
vn 0.0132327 0.472691 0.881129
vt -2.81989 -5.61496
f 60/1358/282 59/1359/284 961/1360/283

vt -2.77868 -6.60133
vn -0.0132327 0.37004 0.928921
vt -2.78058 -6.5229
vt -2.81106 -6.51064
f 962/1361/285 961/1362/283 59/1363/284

vt -2.82023 -6.36878
vt -2.84805 -6.27659
vt -2.85006 -6.35502
vn 0.0132327 0.329032 0.944226
f 962/1364/285 59/1365/284 58/1366/286

vt -2.8111 -7.0301
vt -2.77943 -7.12104
vn -0.0132327 0.220169 0.975372
vt -2.78072 -7.0426
f 58/1367/286 963/1368/287 962/1369/285

vt -2.84886 -6.86862
vt -2.85024 -6.94707
vn 0.0132327 0.177272 0.984073
vt -2.8203 -6.96059
f 58/1370/286 57/1371/288 963/1372/287

vt -2.77995 -7.47055
vn -0.0132327 0.0648769 0.997806
vt -2.7807 -7.3921
vt -2.81099 -7.37939
f 964/1373/289 963/1374/287 57/1375/288

vt -2.82022 -7.37847
vt -2.84942 -7.2867
vt -2.85025 -7.36516
vn 0.0132327 0.0211464 0.999689
f 964/1376/289 57/1377/288 56/1378/290

vt -2.78031 -7.63944
vn -0.0132327 -0.092013 0.99567
vt -2.78056 -7.56099
vt -2.81077 -7.54809
f 884/1379/291 964/1380/289 56/1381/290

vt -2.82001 -7.61393
vt -2.84981 -7.52236
vt -2.85013 -7.60082
vn 0.0132327 -0.1355 0.990689
f 884/1382/291 56/1383/290 55/1384/292

vt -2.81045 -7.5306
v -0.0716944 1.37866 -0.160233
vt -2.78056 -7.62214
vn -0.0132327 -0.246637 0.969018
vt -2.78031 -7.54368
f 55/1385/292 965/1386/293 884/1387/291

vt -2.85007 -7.57123
vt -2.84991 -7.64969
vn 0.0132327 -0.288809 0.957295
vt -2.81971 -7.66262
f 55/1388/292 54/1389/294 965/1390/293

v -0.0716944 1.3768 -0.160941
vt -2.7807 -7.41776
vn -0.0132327 -0.395189 0.918505
vt -2.77995 -7.33931
vt -2.81 -7.32603
f 966/1391/295 965/1392/293 54/1393/294

vn -1 3.72346e-15 2.6145e-15
v -0.0716944 1.37507 -0.16193
v -0.0716944 1.37352 -0.163179
v -0.0716944 1.37218 -0.164654
v -0.0716944 1.37109 -0.166322
v -0.0716944 1.37027 -0.168139
v -0.0716944 1.36975 -0.170062
v -0.0716944 1.36953 -0.172043
v -0.0716944 1.36963 -0.174034
vt 1.97125e-14 -8.115
v -0.0716944 1.37003 -0.175985
v -0.0716944 1.37074 -0.177848
v -0.0716944 1.37173 -0.179577
v -0.0716944 1.37298 -0.181131
v -0.0716944 1.37445 -0.18247
v -0.0716944 1.37612 -0.183562
v -0.0716944 1.37794 -0.184379
v -0.0716944 1.37986 -0.184903
v -0.0716944 1.38184 -0.185118
v -0.0716944 1.3742 -0.186134
v -0.0716944 1.37272 -0.185972
v -0.0716944 1.37127 -0.18558
v -0.0716944 1.36991 -0.184967
v -0.0716944 1.36866 -0.184148
v -0.0716944 1.36755 -0.183144
v -0.0716944 1.36662 -0.181978
v -0.0716944 1.36588 -0.180681
v -0.0716944 1.36535 -0.179284
v -0.0716944 1.36504 -0.177821
v -0.0716944 1.36424 -0.171522
v -0.0716944 1.36416 -0.170029
v -0.0716944 1.36432 -0.168543
v -0.0716944 1.36472 -0.167101
v -0.0716944 1.36533 -0.165738
v -0.0716944 1.36615 -0.164487
v -0.0716944 1.36715 -0.16338
v -0.0716944 1.36832 -0.162444
v -0.0716944 1.36962 -0.161702
v -0.0716944 1.37101 -0.161172
f 885/502/296 884/503/296 965/504/296 966/505/296 967/506/296 968/507/296 969/508/296 970/509/296 971/510/296 972/511/296 973/512/296 974/1394/296 975/514/296 976/515/296 977/516/296 978/517/296 979/518/296 980/519/296 981/520/296 982/521/296 983/479/296 413/480/296 412/481/296 984/482/296 985/483/296 986/484/296 987/485/296 988/486/296 989/487/296 990/488/296 991/489/296 992/490/296 993/491/296 994/492/296 995/493/296 996/494/296 997/495/296 998/496/296 999/497/296 1000/498/296 1001/499/296 1002/500/296 1003/501/296 

vt -2.80939 -6.93805
vn 0.0132327 -0.435008 0.90033
vt -2.78072 -7.02998
vn -0.0132327 -0.534009 0.845375
vt -2.77943 -6.95153
f 53/1395/297 967/1396/298 966/1397/295

vt -2.85026 -7.11383
vt -2.84907 -7.19228
vn 0.0132327 -0.570495 0.821195
vt -2.8187 -7.20481
f 53/1398/297 52/1399/299 967/1400/298

vt -2.78058 -6.46663
vn -0.0132327 -0.65968 0.75143
vt -2.77868 -6.38819
vt -2.80853 -6.37447
f 968/1401/300 967/1402/298 52/1403/299

vt -2.81789 -6.71274
vt -2.85015 -6.622
vt -2.84836 -6.70044
vn 0.0132327 -0.691934 0.72184
f 968/1404/300 52/1405/299 51/1406/301

vt -2.78019 -5.73915
vn -0.0132327 -0.769108 0.638982
vt -2.77754 -5.66074
vt -2.80726 -5.64674
f 969/1407/302 968/1408/300 51/1409/301

vt -2.8167 -6.06303
vt -2.84979 -5.97259
vt -2.84728 -6.05101
vn 0.0132327 -0.796336 0.60471
f 969/1410/302 51/1411/301 50/1412/303

vt -2.8052 -4.7687
vt -2.77929 -4.86144
vn -0.0132327 -0.859598 0.5108
vt -2.77566 -4.78307
f 50/1413/303 970/1414/304 969/1415/302

vt -2.84897 -5.1857
vt -2.84553 -5.26409
vn 0.0132327 -0.881129 0.472691
vt -2.81481 -5.27574
f 50/1416/303 49/1417/305 970/1418/304

vt -2.77721 -3.84721
vn -0.0132327 -0.928921 0.37004
vt -2.77215 -3.76892
vt -2.80143 -3.75401
f 971/1419/306 970/1420/304 49/1421/305

vt -2.81143 -4.37807
vt -2.84711 -4.28863
vt -2.84234 -4.36694
vn 0.0132327 -0.944226 0.329032
f 971/1422/306 49/1423/305 48/1424/307

vt -2.79294 -2.60831
vt -2.77159 -2.70221
vn -0.0132327 -0.975372 0.220169
vt -2.76414 -2.62411
f 48/1425/307 972/1426/308 971/1427/306

vt -2.84229 -3.32198
vt -2.83534 -3.40013
vn 0.0132327 -0.984073 0.177272
vt -2.80414 -3.4104
f 48/1428/307 47/1429/309 972/1430/308

vt -2.74986 -1.38849
vn -0.0132327 -0.997806 0.0648769
vt -2.73711 -1.31108
vt -2.76477 -1.29336
f 973/1431/310 972/1432/308 47/1433/309

vt -2.78196 -2.45507
vt -2.82517 -2.369
vt -2.81371 -2.44662
vn 0.0132327 -0.999689 0.0211464
f 973/1434/310 47/1435/309 46/1436/311

vt -2.50212 0.544564
vn -0.0132327 -0.99567 -0.092013
vt -2.46689 0.614672
vt -2.48802 0.639826
f 974/1437/312 973/1438/310 46/1439/311

vt -2.62055 -1.89233
vt -2.68101 -1.81738
vt -2.65337 -1.89081
vn 0.0132327 -0.990689 -0.1355
f 974/1440/312 46/1441/311 45/1442/313

vt 2.46689 0.614672
vn -0.0132327 -0.969018 -0.246637
vt 2.50212 0.544564
vt 2.53491 0.546502
f 975/1443/314 974/1444/312 45/1445/313

vt 2.28381 -2.15458
vt 2.25289 -2.24578
vt 2.30009 -2.18311
vn 0.0132327 -0.957295 -0.288809
f 975/1446/314 45/1447/313 44/1448/315

vt 2.73711 -1.31108
vn -0.0132327 -0.918505 -0.395189
vt 2.74986 -1.38849
vt 2.78175 -1.39641
f 976/1449/316 975/1450/314 44/1451/315

vt 2.78185 -2.07521
vt 2.7948 -2.17064
vt 2.80914 -2.0935
vn 0.0132327 -0.90033 -0.435008
f 976/1452/316 44/1453/315 83/1454/317

f 7/9/5 83/88/5 44/49/5 43/48/5 

vt 2.80287 -2.71228
vt 2.76414 -2.62411
vn -0.0132327 -0.845375 -0.534009
vt 2.77159 -2.70221
f 83/1455/317 977/1456/318 976/1457/316

vt 2.83098 -3.07501
vt 2.83902 -2.99697
vn 0.0132327 -0.821195 -0.570495
vt 2.81034 -2.98095
f 83/1458/317 82/1459/319 977/1460/318

vt 2.77215 -3.76892
vn -0.0132327 -0.75143 -0.65968
vt 2.77721 -3.84721
vt 2.80815 -3.85823
f 978/1461/320 977/1462/318 82/1463/319

vt 2.8168 -3.95754
vt 2.84066 -4.05083
vt 2.84602 -3.97256
vn 0.0132327 -0.72184 -0.691934
f 978/1464/320 82/1465/319 81/1466/321

vt 2.77566 -4.78307
vn -0.0132327 -0.638982 -0.769108
vt 2.77929 -4.86144
vt 2.81003 -4.87303
f 979/1467/322 978/1468/320 81/1469/321

vt 2.81901 -4.88385
vt 2.84469 -4.97666
vt 2.84852 -4.8983
vn 0.0132327 -0.60471 -0.796336
f 979/1470/322 81/1471/321 80/1472/323

vt 2.81078 -5.75112
vt 2.77754 -5.66074
vn -0.0132327 -0.5108 -0.859598
vt 2.78019 -5.73915
f 80/1473/323 980/1474/324 979/1475/322

vt 2.84679 -5.80368
vt 2.84959 -5.72527
vn 0.0132327 -0.472691 -0.881129
vt 2.81989 -5.71121
f 80/1476/323 79/1477/325 980/1478/324

vt 2.77868 -6.38819
vn -0.0132327 -0.37004 -0.928921
vt 2.78058 -6.46663
vt 2.81106 -6.47888
f 981/1479/326 980/1480/324 79/1481/325

vt 2.82023 -6.40912
vt 2.84805 -6.50131
vt 2.85006 -6.42288
vn 0.0132327 -0.329032 -0.944226
f 981/1482/326 79/1483/325 78/1484/327

vt 2.8111 -7.04247
vt 2.77943 -6.95153
vn -0.0132327 -0.220169 -0.975372
vt 2.78072 -7.02998
f 78/1485/327 982/1486/328 981/1487/326

vt 2.84886 -7.04738
vt 2.85024 -6.96893
vn 0.0132327 -0.177272 -0.984073
vt 2.8203 -6.95541
f 78/1488/327 77/1489/329 982/1490/328

vt 2.77995 -7.33931
vn -0.0132327 -0.0648769 -0.997806
vt 2.7807 -7.41776
vt 2.81099 -7.43047
f 983/1491/330 982/1492/328 77/1493/329

vt 2.82022 -7.33376
vt 2.84942 -7.42552
vt 2.85025 -7.34707
vn 0.0132327 -0.0211464 -0.999689
f 983/1494/330 77/1495/329 76/1496/331

vt 2.78031 -7.54368
vt 2.78056 -7.62214
vt 2.81077 -7.63504
f 413/1497/254 983/1498/330 76/1499/331

vt 2.82001 -7.53291
vt 2.84981 -7.62448
vt 2.85013 -7.54603
f 413/1500/254 76/1501/331 75/1502/252

vt -2.81928 -7.52464
vt -2.85022 -7.43345
vt -2.84956 -7.51191
f 966/1503/295 54/1504/294 53/1505/297

vn -1.47563e-15 -0.029989 -0.99955
vn -1.35441e-15 0.0485272 -0.998822
f 984/1101/332 412/1102/333 350/1103/333 349/1104/332 

vn -1.60498e-15 -0.185984 -0.982553
f 349/1105/332 348/1106/334 985/1107/334 984/1108/332 

vn -1.59632e-15 -0.337399 -0.941362
f 985/1111/334 348/1112/334 347/1109/335 986/1110/335 

vn -1.46567e-15 -0.480507 -0.876991
f 987/1113/336 986/1114/335 347/1115/335 346/1116/336 

vn -1.18229e-15 -0.611783 -0.791026
f 346/1117/336 345/1118/337 988/1119/337 987/1120/336 

vn -8.74253e-16 -0.727994 -0.685583
f 989/1121/338 988/1122/337 345/1123/337 344/1124/338 

vn -6.06163e-16 -0.82628 -0.563259
f 344/1125/338 343/1126/339 990/1127/339 989/1128/338 

vn -3.3235e-16 -0.904221 -0.427066
f 990/1131/339 343/1132/339 342/1129/340 991/1130/340 

vn -6.01575e-17 -0.959896 -0.280357
f 992/1133/341 991/1134/340 342/1135/340 341/1136/341 

vn 7.17669e-17 -0.978933 -0.20418
f 341/1137/341 340/1138/342 993/1139/342 992/1140/341 

vt 2.62535 -0.125
vt 2.80235 -0.125
vt 2.80235 0.125
vt 2.62535 0.125
f 339/1506/217 994/1507/217 993/1508/217 340/1509/217 

vn 5.97985e-16 -0.99955 0.029989
vn 4.09172e-16 -0.998822 -0.0485272
f 995/1145/343 994/1146/344 339/1147/344 338/1148/343 

vn 9.65703e-16 -0.982553 0.185984
f 338/1149/343 337/1150/345 996/1151/345 995/1152/343 

vn 1.33718e-15 -0.941362 0.337399
f 996/1155/345 337/1156/345 336/1153/346 997/1154/346 

vn 1.66973e-15 -0.876991 0.480507
f 998/1157/347 997/1158/346 336/1159/346 335/1160/347 

vn 1.81741e-15 -0.791026 0.611783
f 335/1161/347 334/1162/348 999/1163/348 998/1164/347 

vn 1.84191e-15 -0.685583 0.727994
f 1000/1165/349 999/1166/348 334/1167/348 333/1168/349 

vn 1.98502e-15 -0.563259 0.82628
f 333/1169/349 332/1170/350 1001/1171/350 1000/1172/349 

vn 2.21587e-15 -0.427066 0.904221
f 1001/1175/350 332/1176/350 331/1173/351 1002/1174/351 

vn 2.48788e-15 -0.280357 0.959896
f 1003/1177/352 1002/1178/351 331/1179/351 330/1180/352 

vn 2.6459e-15 -0.20418 0.978933
f 330/734/352 329/735/353 885/736/353 1003/737/352 

vt -0.0139002 0.187
vn 1 5.53439e-16 -2.21984e-15
v -0.00501473 1.57434 -0.147877
vt -0.0139002 0.01
v -0.00495933 1.57443 -0.148575
vt 0.0139002 0.01
vn 0.987688 -0.0198272 0.155173
vt 0.0139002 0.187
f 946/1510/354 1004/1511/354 1005/1512/355 907/1513/355 

vn 0.987688 0.0198272 -0.155173
v -0.00495933 1.57425 -0.147179
f 1004/1512/354 946/1513/354 945/1510/356 1006/1511/356 

vn 0.951057 0.0391661 -0.306525
v -0.00479449 1.57416 -0.146498
f 944/1510/357 1007/1511/357 1006/1512/356 945/1513/356 

vn 0.891007 0.0575407 -0.450329
v -0.00452426 1.57408 -0.14585
f 1007/1512/357 944/1513/357 943/1510/358 1008/1511/358 

vn 0.809017 0.0744984 -0.583045
v -0.00415531 1.574 -0.145253
f 1008/1512/358 943/1513/358 942/1510/359 1009/1511/359 

vn 0.707107 0.0896217 -0.701404
v -0.00369672 1.57393 -0.144721
f 941/1510/360 1010/1511/360 1009/1512/359 942/1513/359 

vn 0.587785 0.102538 -0.802493
v -0.00315977 1.57388 -0.144266
f 1010/1512/360 941/1513/360 940/1510/361 1011/1511/361 

vn 0.45399 0.11293 -0.883821
v -0.00255769 1.57383 -0.1439
f 939/1510/362 1012/1511/362 1011/1512/361 940/1513/361 

vn 0.309017 0.120541 -0.943387
v -0.00190531 1.57379 -0.143632
f 1012/1512/362 939/1513/362 938/1510/363 1013/1511/363 

vn 0.156434 0.125184 -0.979723
v -0.00121869 1.57377 -0.143468
f 1013/1512/363 938/1513/363 937/1510/364 1014/1511/364 

vn -2.29992e-15 0.126744 -0.991935
v -0.000514735 1.57377 -0.143413
f 1014/1512/364 937/1513/364 936/1510/365 1015/1511/365 

vn -0.156434 0.125184 -0.979723
v 0.00018922 1.57377 -0.143468
f 1015/1512/365 936/1513/365 935/1510/366 1016/1511/366 

vn -0.309017 0.120541 -0.943387
v 0.000875842 1.57379 -0.143632
f 934/1510/367 1017/1511/367 1016/1512/366 935/1513/366 

vn -0.45399 0.11293 -0.883821
v 0.00152822 1.57383 -0.1439
f 1017/1512/367 934/1513/367 933/1510/368 1018/1511/368 

vn -0.587785 0.102538 -0.802493
v 0.0021303 1.57388 -0.144266
f 1018/1512/368 933/1513/368 932/1510/369 1019/1511/369 

vn -0.707107 0.0896217 -0.701404
v 0.00266725 1.57393 -0.144721
f 931/1510/370 1020/1511/370 1019/1512/369 932/1513/369 

vn -0.809017 0.0744984 -0.583045
v 0.00312584 1.574 -0.145253
f 1020/1512/370 931/1513/370 930/1510/371 1021/1511/371 

vn -0.891007 0.0575407 -0.450329
v 0.00349479 1.57408 -0.14585
f 929/1510/372 1022/1511/372 1021/1512/371 930/1513/371 

vn -0.951057 0.0391661 -0.306525
v 0.00376502 1.57416 -0.146498
f 1022/1512/372 929/1513/372 928/1510/373 1023/1511/373 

vn -0.987688 0.0198272 -0.155173
v 0.00392986 1.57425 -0.147179
f 1023/1512/373 928/1513/373 927/1510/374 1024/1511/374 

vn -1 -5.53458e-16 2.22685e-15
v 0.00398527 1.57434 -0.147877
f 926/1510/375 1025/1511/375 1024/1512/374 927/1513/374 

vn -0.987688 -0.0198272 0.155173
v 0.00392986 1.57443 -0.148575
f 1025/1512/375 926/1513/375 925/1510/376 1026/1511/376 

vn -0.951057 -0.0391661 0.306525
v 0.00376502 1.57451 -0.149256
f 924/1510/377 1027/1511/377 1026/1512/376 925/1513/376 

vn -0.891007 -0.0575407 0.450329
v 0.00349479 1.5746 -0.149903
f 1027/1512/377 924/1513/377 923/1510/378 1028/1511/378 

vn -0.809017 -0.0744984 0.583045
v 0.00312584 1.57467 -0.150501
f 1028/1512/378 923/1513/378 922/1510/379 1029/1511/379 

vn -0.707107 -0.0896217 0.701404
v 0.00266725 1.57474 -0.151033
f 921/1510/380 1030/1511/380 1029/1512/379 922/1513/379 

vn -0.587785 -0.102538 0.802493
v 0.0021303 1.5748 -0.151488
f 1030/1512/380 921/1513/380 920/1510/381 1031/1511/381 

vn -0.45399 -0.11293 0.883821
v 0.00152822 1.57485 -0.151854
f 919/1510/382 1032/1511/382 1031/1512/381 920/1513/381 

vn -0.309017 -0.120541 0.943387
v 0.000875842 1.57488 -0.152122
f 1032/1512/382 919/1513/382 918/1510/383 1033/1511/383 

vn -0.156434 -0.125184 0.979723
v 0.00018922 1.5749 -0.152286
f 1033/1512/383 918/1513/383 917/1510/384 1034/1511/384 

vn 2.29992e-15 -0.126744 0.991935
v -0.000514735 1.57491 -0.152341
f 916/1510/385 1035/1511/385 1034/1512/384 917/1513/384 

vn 0.156434 -0.125184 0.979723
v -0.00121869 1.5749 -0.152286
f 1035/1512/385 916/1513/385 915/1510/386 1036/1511/386 

vn 0.309017 -0.120541 0.943387
v -0.00190531 1.57488 -0.152122
f 914/1510/387 1037/1511/387 1036/1512/386 915/1513/386 

vn 0.45399 -0.11293 0.883821
v -0.00255769 1.57485 -0.151854
f 1037/1512/387 914/1513/387 913/1510/388 1038/1511/388 

vn 0.587785 -0.102538 0.802493
v -0.00315977 1.5748 -0.151488
f 1038/1512/388 913/1513/388 912/1510/389 1039/1511/389 

vn 0.707107 -0.0896217 0.701404
v -0.00369672 1.57474 -0.151033
f 911/1510/390 1040/1511/390 1039/1512/389 912/1513/389 

vn 0.809017 -0.0744984 0.583045
v -0.00415531 1.57467 -0.150501
f 1040/1512/390 911/1513/390 910/1510/391 1041/1511/391 

vn 0.891007 -0.0575407 0.450329
v -0.00452426 1.5746 -0.149903
f 909/1510/392 1042/1511/392 1041/1512/391 910/1513/391 

vn 0.951057 -0.0391661 0.306525
v -0.00479449 1.57451 -0.149256
f 1042/1512/392 909/1513/392 908/1510/393 1043/1511/393 

f 1043/1512/393 908/1513/393 907/1510/355 1005/1511/355 

vt -3.17129e-15 -0.177165
vn 3.00848e-16 -0.991935 -0.126744
vn 2.87426e-16 -0.991935 -0.126744
vt -0.177165 -2.1313e-14
vt -2.47393e-15 0.177165
vt 0.177165 -2.48657e-14
vt 2.43785 -0.5
vt 2.43785 0.5
vt -2.43785 0.5
vt -2.43785 -0.5
f 1015/1514/394 1016/1255/395 1017/1256/395 1018/1257/395 1019/1258/395 1020/1259/395 1021/1260/395 1022/1261/395 1023/1262/395 1024/1263/395 1025/1515/395 1026/1225/395 1027/1226/395 1028/1227/395 1029/1228/395 1030/1229/395 1031/1230/395 1032/1231/395 1033/1232/395 1034/1233/395 1035/1516/395 1036/1235/395 1037/1236/395 1038/1237/395 1039/1238/395 1040/1239/395 1041/1240/395 1042/1241/395 1043/1242/395 1005/1243/395 1004/1517/395 1006/1245/395 1007/1246/395 1008/1247/395 1009/1248/395 1010/1249/395 1011/1250/395 1012/1251/395 1013/1252/395 1014/1253/394 895/1518/394 402/1519/395 401/1520/395 896/1521/394 

vt -3.17156e-15 -0.177165
f 1015/1522/394 896/1521/394 895/1518/394 1014/1253/394 

vt 0.5 -2.42955
vn 0.0784591 -0.988878 -0.126354
vt -0.5 -2.42955
vt -0.5 -2.45897
vn 0.156434 -0.979723 -0.125184
vt 0.5 -2.45897
f 402/1523/396 895/1524/396 894/1525/397 403/1526/397 

vt -0.5 -2.42664
vn 0.309017 -0.943387 -0.120541
vt 0.5 -2.42664
vt 0.5 -2.39722
vt -0.5 -2.39722
f 893/1527/398 404/1528/398 403/1529/397 894/1530/397 

vt 0.5 -2.3055
vt -0.5 -2.3055
vt -0.5 -2.33492
vn 0.45399 -0.883821 -0.11293
vt 0.5 -2.33492
f 404/1531/398 893/1532/398 892/1533/399 405/1534/399 

vt 0.5 -2.15664
vt -0.5 -2.15664
vt -0.5 -2.18606
vn 0.587785 -0.802493 -0.102538
vt 0.5 -2.18606
f 405/1535/399 892/1536/399 891/1537/400 406/1538/400 

vt -0.5 -1.98374
vn 0.707107 -0.701404 -0.0896217
vt 0.5 -1.98374
vt 0.5 -1.95432
vt -0.5 -1.95432
f 890/1539/401 407/1540/401 406/1541/400 891/1542/400 

vt 0.5 -1.70352
vt -0.5 -1.70352
vt -0.5 -1.73294
vn 0.809017 -0.583045 -0.0744984
vt 0.5 -1.73294
f 407/1543/401 890/1544/401 889/1545/402 408/1546/402 

vt -0.5 -1.43983
vn 0.891007 -0.450329 -0.0575407
vt 0.5 -1.43983
vt 0.5 -1.41041
vt -0.5 -1.41041
f 888/1547/403 409/1548/403 408/1549/402 889/1550/402 

vt 0.5 -1.0822
vt -0.5 -1.0822
vt -0.5 -1.11162
vn 0.951057 -0.306525 -0.0391661
vt 0.5 -1.11162
f 409/1551/403 888/1552/403 887/1553/404 410/1554/404 

vt 0.5 -0.726989
vt -0.5 -0.726989
vt -0.5 -0.756412
vn 0.987688 -0.155173 -0.0198272
vt 0.5 -0.756412
f 410/1555/404 887/1556/404 886/1557/405 411/1558/405 

vt -0.5 -0.382935
vn 0.996917 -0.0778264 -0.00994424
vt 0.5 -0.382935
vt 0.5 -0.353513
vt -0.5 -0.353513
f 371/1559/406 370/1560/406 411/1561/405 886/1562/405 

vn -0.0784591 -0.988878 -0.126354
vn -0.156434 -0.979723 -0.125184
f 896/1523/407 401/1524/407 400/1525/408 897/1526/408 

vn -0.309017 -0.943387 -0.120541
f 399/1527/409 898/1528/409 897/1529/408 400/1530/408 

vn -0.45399 -0.883821 -0.11293
f 398/1533/410 899/1534/410 898/1531/409 399/1532/409 

vn -0.587785 -0.802493 -0.102538
f 899/1535/410 398/1536/410 397/1537/411 900/1538/411 

vn -0.707107 -0.701404 -0.0896217
f 396/1539/412 901/1540/412 900/1541/411 397/1542/411 

vn -0.809017 -0.583045 -0.0744984
f 901/1543/412 396/1544/412 395/1545/413 902/1546/413 

vn -0.891007 -0.450329 -0.0575407
f 394/1547/414 903/1548/414 902/1549/413 395/1550/413 

vn -0.951057 -0.306525 -0.0391661
f 393/1553/415 904/1554/415 903/1551/414 394/1552/414 

vn -0.987688 -0.155173 -0.0198272
f 904/1555/415 393/1556/415 392/1557/416 905/1558/416 

vn -0.996917 -0.0778264 -0.00994424
f 391/1559/417 906/1560/417 905/1561/416 392/1562/416 

v 0.0661692 1.38283 -0.159738
vt 0.492404 -7.52818
vn -1 -6.06298e-16 6.8662e-16
v 0.0661692 1.38578 -0.184615
v 0.0661692 1.38765 -0.183908
v 0.0661692 1.38938 -0.182918
v 0.0661692 1.39093 -0.18167
v 0.0661692 1.39227 -0.180194
v 0.0661692 1.39336 -0.178527
v 0.0661692 1.39418 -0.176709
v 0.0661692 1.3947 -0.174786
v 0.0661692 1.39492 -0.172805
v 0.0661692 1.39482 -0.170814
vt 1.90146e-14 -7.115
v 0.0661692 1.39441 -0.168864
v 0.0661692 1.39371 -0.167
v 0.0661692 1.39272 -0.165271
v 0.0661692 1.39147 -0.163717
v 0.0661692 1.38999 -0.162378
v 0.0661692 1.38833 -0.161286
v 0.0661692 1.38672 -0.160545
vt 0.441474 -7.38026
v 0.0661692 1.38502 -0.160036
f 1044/1563/418 460/503/418 906/532/418 391/533/418 390/480/418 1045/1094/418 1046/1095/418 1047/1096/418 1048/535/418 1049/536/418 1050/537/418 1051/538/418 1052/539/418 1053/540/418 1054/1564/418 1055/542/418 1056/543/418 1057/544/418 1058/545/418 1059/546/418 1060/547/418 1061/1565/418 1062/805/418 

vt 2.60311 -7.63878
vn -0.00750967 -0.122382 0.992455
vt 2.60341 -7.55162
vn 0.011312 0.0561594 0.998358
vt 2.57279 -7.62126
vn 0.0050287 -0.107198 0.994225
f 460/1566/419 1044/1567/420 539/1568/421

vt 2.60438 -7.52089
vn 0.00250783 0.0648499 0.997892
vt 2.60456 -7.59935
vt 2.63475 -7.52953
f 540/1569/422 539/1570/421 1044/1571/420

vt 2.61166 -7.40429
vt 2.58191 -7.31693
vn 0.00837544 0.191645 0.981429
vt 2.58136 -7.39539
f 1044/1572/420 541/1573/423 540/1574/422

vt 2.62535 -7.3991
vt 2.62535 -7.31195
vn -0.00754008 0.240016 0.97074
vt 2.595 -7.31195
f 1044/1575/420 1062/1576/424 541/1577/423

vt 2.595 -6.89013
vn 0.000835431 0.342815 0.939402
vt 2.595 -6.96858
vt 2.62535 -6.96858
f 542/1578/425 541/1579/423 1062/1580/424

vt 2.605 -6.88726
vt 2.63615 -6.96541
vt 2.63545 -6.89566
vn -0.0159017 0.383496 0.923406
f 542/1581/425 1062/1582/424 1061/1583/426

vt 2.6109 -6.44214
vt 2.58199 -6.35449
vn 0.010052 0.480411 0.876986
vt 2.58069 -6.43294
f 1061/1584/426 543/1585/427 542/1586/425

vt 2.64682 -6.41315
vt 2.64464 -6.34343
vn -0.0167591 0.515776 0.856559
vt 2.61372 -6.327
f 1061/1587/426 1060/1588/428 543/1589/427

vt 2.56236 -5.71143
vn -5.07258e-15 0.625522 0.780206
vt 2.55841 -5.78979
vt 2.58789 -5.80867
f 544/1590/429 543/1591/427 1060/1592/428

vt 2.61286 -5.61741
vt 2.64772 -5.71171
vt 2.64404 -5.63334
vn -0.0100148 0.61178 0.790965
f 544/1593/429 1060/1594/428 1059/1595/430

vt 2.60244 -5.09588
vt 2.60566 -5.01749
vn -9.99045e-15 0.739825 0.6728
vt 2.57281 -5.07723
f 1059/1596/430 1058/1597/431 544/1598/429

vt 2.60663 -4.59082
vn 0.0100148 0.751416 0.659753
vt 2.61008 -4.66921
vt 2.63773 -4.60689
f 545/1599/432 544/1600/429 1058/1601/431

vt 2.57637 -4.07496
vt 2.55539 -3.97664
vn 0.0184324 0.824464 0.565614
vt 2.5478 -4.05473
f 1058/1602/431 546/1603/433 545/1604/432

vt 2.6417 -3.797
vt 2.63468 -3.71885
vn -0.0184324 0.846872 0.531477
vt 2.60285 -3.70427
f 1058/1605/431 1057/1606/434 546/1607/433

vt 2.54202 -3.03006
vn 0.0184324 0.902795 0.429675
vt 2.5306 -3.10768
vt 2.55814 -3.12929
f 547/1608/435 546/1609/433 1057/1610/434

vt 2.58815 -2.53879
vt 2.6309 -2.62979
vt 2.62056 -2.55201
vn -0.0184324 0.919587 0.392453
f 547/1611/435 1057/1612/434 1056/1613/436

vt 2.48927 -2.30469
vt 2.48495 -2.20424
vn 0.0184324 0.958896 0.283157
vt 2.46447 -2.27998
f 1056/1614/436 548/1615/437 547/1616/435

vt 2.59061 -1.27022
vt 2.57308 -1.19374
vn -0.0184324 0.969659 0.243767
vt 2.53957 -1.1836
f 1056/1617/436 1055/1618/438 548/1619/437

vt 1.62412 -2.51836
vn 6.10398e-15 0.994 0.109378
vt 1.56266 -2.56712
vt 1.56794 -2.60173
f 549/1620/439 548/1621/437 1055/1622/438

vt 2.11342 0.817798
vt 2.19325 0.75668
vt 2.14829 0.820979
vn -0.0100148 0.99189 0.126703
f 549/1623/439 1055/1624/438 1054/1625/440

vt -2.39642 -1.67945
vt -2.36447 -1.75111
vn 1.63176e-16 0.998876 -0.0473936
vt -2.36159 -1.68299
f 1054/1626/440 1053/1627/441 549/1628/439

vt -2.50682 -0.171132
vn 0.0100148 0.997847 -0.0648159
vt -2.48373 -0.0961472
vt -2.53072 -0.145546
f 550/1629/442 549/1630/439 1053/1631/441

vt -2.55544 -2.52408
vt -2.50697 -2.61216
vn 0.0184324 0.982934 -0.183035
vt -2.52224 -2.5352
f 1053/1632/441 551/1633/443 550/1634/442

vt -2.57308 -1.19374
vt -2.59061 -1.27022
vn -0.0184324 0.97464 -0.223018
vt -2.56486 -1.29394
f 1053/1635/441 1052/1636/444 551/1637/443

vt -2.54045 -3.52711
vn 0.0184324 0.942199 -0.334546
vt -2.54985 -3.44922
vt -2.58211 -3.43562
f 552/1638/445 551/1639/443 1052/1640/444

vt -2.60305 -2.65101
vt -2.62056 -2.55201
vt -2.6309 -2.62979
vn -0.0184324 0.927753 -0.37274
f 552/1641/445 1052/1642/444 1051/1643/446

vt -2.5898 -4.37603
vt -2.55157 -4.46901
vn 0.0184324 0.878264 -0.47782
vt -2.55807 -4.39082
f 1051/1644/446 553/1645/447 552/1646/445

vt -2.63468 -3.71885
vt -2.6417 -3.797
vn -0.0184324 0.858021 -0.513283
vt -2.61297 -3.81702
f 1051/1647/446 1050/1648/448 553/1649/447

vt -2.55667 -5.34673
vn 8.93891e-15 0.780206 -0.625522
vt -2.56138 -5.26841
vt -2.59276 -5.25289
f 554/1650/449 553/1651/447 1050/1652/448

vt -2.61663 -4.84393
vt -2.6408 -4.74634
vt -2.64584 -4.82463
vn -0.0100148 0.790965 -0.61178
f 554/1653/449 1050/1654/448 1049/1655/450

vt -2.60625 -5.83194
vt -2.6039 -5.91036
vn 2.73901e-15 0.6728 -0.739825
vt -2.57538 -5.84844
f 1049/1656/450 1048/1657/451 554/1658/449

vt -2.61097 -5.92826
vn 0.0100148 0.659753 -0.751416
vt -2.60878 -5.84983
vt -2.64084 -5.91
f 555/1659/452 554/1660/449 1048/1661/451

vt -2.59454 -6.65512
vt -2.56117 -6.74996
vn 0.0184324 0.565614 -0.824464
vt -2.56362 -6.67154
f 1048/1662/451 556/1663/453 555/1664/452

vt -2.64598 -6.36806
vt -2.64862 -6.44648
vn -0.0184324 0.531477 -0.846872
vt -2.61883 -6.46487
f 1048/1665/451 1047/1666/454 556/1667/453

vt -2.56229 -7.22623
vn 0.0184324 0.429675 -0.902795
vt -2.5639 -7.14778
vt -2.59465 -7.13104
f 557/1668/455 556/1669/453 1047/1670/454

vt -2.61902 -7.03409
vt -2.64722 -6.93759
vt -2.64901 -7.01603
vn -0.0184324 0.392453 -0.919587
f 557/1671/455 1047/1672/454 1046/1673/456

vt -2.5945 -7.43504
vt -2.56304 -7.53052
vn 0.0184324 0.283157 -0.958896
vt -2.56392 -7.45207
f 1046/1674/456 558/1675/457 557/1676/455

vt -2.64805 -7.33102
vt -2.64909 -7.40948
vn -0.0184324 0.243767 -0.969659
vt -2.61893 -7.42725
f 1046/1677/456 1045/1678/458 558/1679/457

vt -2.56354 -7.65316
vt -2.56372 -7.5747
vt -2.59416 -7.55741
f 479/1680/140 558/1681/457 1045/1682/458

vt -2.61863 -7.63686
vt -2.64861 -7.5409
vt -2.64895 -7.61935
f 479/1683/140 1045/1684/458 390/1685/138

vt 2.61863 -7.54634
vt 2.64861 -7.6423
vn -0.0184324 -0.243767 0.969659
vt 2.64895 -7.56384
f 539/1686/421 461/1687/459 460/1688/419

vt 2.56354 -7.56239
vt 2.56372 -7.64084
vn 0.0184324 -0.283157 0.958896
vt 2.59416 -7.65814
f 539/1689/421 538/1690/460 461/1691/459

vt 2.64805 -7.47946
vn -0.0184324 -0.392453 0.919587
vt 2.64909 -7.40101
vt 2.61893 -7.38324
f 462/1692/461 461/1693/459 538/1694/460

vt 2.5945 -7.49015
vt 2.56304 -7.39467
vt 2.56392 -7.47312
vn 0.0184324 -0.429675 0.902795
f 462/1695/461 538/1696/460 537/1697/462

vt 2.61902 -7.04025
vt 2.64722 -7.13675
vn -0.0184324 -0.531477 0.846872
vt 2.64901 -7.05831
f 537/1698/462 463/1699/463 462/1700/461

vt 2.56229 -7.04231
vt 2.5639 -7.12075
vn 0.0184324 -0.565614 0.824464
vt 2.59465 -7.1375
f 537/1701/462 536/1702/464 463/1703/463

vt 2.64598 -6.62503
vn 7.40762e-15 -0.6728 0.739825
vt 2.64862 -6.54661
vt 2.61883 -6.52823
f 464/1704/465 463/1705/463 536/1706/464

vt 2.59454 -6.60682
vt 2.56117 -6.51198
vt 2.56362 -6.5904
vn 0.0100148 -0.659753 0.751416
f 464/1707/465 536/1708/464 535/1709/466

vt 2.61097 -5.9955
vt 2.60878 -6.07393
vn -2.24709e-15 -0.780206 0.625522
vt 2.64084 -6.01376
f 535/1710/466 534/1711/467 464/1712/465

vt 2.60625 -5.75424
vn -0.0100148 -0.790965 0.61178
vt 2.6039 -5.67582
vt 2.57538 -5.73774
f 465/1713/468 464/1714/465 534/1715/467

vt 2.61663 -5.06768
vt 2.6408 -5.16527
vn -0.0184324 -0.858021 0.513283
vt 2.64584 -5.08697
f 534/1716/467 466/1717/469 465/1718/468

vt 2.55667 -4.96105
vt 2.56138 -5.03936
vn 0.0184324 -0.878264 0.47782
vt 2.59276 -5.05488
f 534/1719/467 533/1720/470 466/1721/469

vt 2.63468 -4.27082
vn -0.0184324 -0.927753 0.37274
vt 2.6417 -4.19268
vt 2.61297 -4.17266
f 467/1722/471 466/1723/469 533/1724/470

vt 2.5898 -4.05898
vt 2.55157 -3.96599
vt 2.55807 -4.04418
vn 0.0184324 -0.942199 0.334546
f 467/1725/471 533/1726/470 532/1727/472

vt 2.60305 -3.22847
vt 2.62056 -3.32747
vn -0.0184324 -0.97464 0.223018
vt 2.6309 -3.24969
f 532/1728/472 468/1729/473 467/1730/471

vt 2.54045 -2.83455
vt 2.54985 -2.91244
vn 0.0184324 -0.982934 0.183035
vt 2.58211 -2.92604
f 532/1731/472 531/1732/474 468/1733/473

vt 2.57308 -2.45383
vn -8.60941e-15 -0.998876 0.0473936
vt 2.59061 -2.37736
vt 2.56486 -2.35363
f 469/1734/475 468/1735/473 531/1736/474

vt 2.55544 -1.62532
vt 2.50697 -1.53724
vt 2.52224 -1.6142
vn 0.0100148 -0.997847 0.0648159
f 469/1737/475 531/1738/474 530/1739/476

vt 2.50682 -1.63284
vt 2.48373 -1.70782
vn -1.6937e-14 -0.994 -0.109378
vt 2.53072 -1.65842
f 530/1740/476 529/1741/477 469/1742/475

vt 2.39642 0.371165
vn -0.0100148 -0.99189 -0.126703
vt 2.36447 0.442827
vt 2.36159 0.374711
f 470/1743/478 469/1744/475 529/1745/477

vt -2.11342 -2.27587
vt -2.19325 -2.21475
vn -0.0184324 -0.969659 -0.243767
vt -2.14829 -2.27905
f 529/1746/477 471/1747/479 470/1748/478

vt -1.62412 1.44951
vt -1.56266 1.49828
vn 0.0184324 -0.958896 -0.283157
vt -1.56794 1.53289
f 529/1749/477 528/1750/480 471/1751/479

vt -2.59061 -2.37736
vn -0.0184324 -0.919587 -0.392453
vt -2.57308 -2.45383
vt -2.53957 -2.46398
f 472/1752/481 471/1753/479 528/1754/480

vt -2.48927 -0.8408
vt -2.48495 -0.941243
vt -2.46447 -0.865506
vn 0.0184324 -0.902795 -0.429675
f 472/1755/481 528/1756/480 527/1757/482

vt -2.58815 -3.34069
vt -2.6309 -3.24969
vn -0.0184324 -0.846872 -0.531477
vt -2.62056 -3.32747
f 527/1758/482 473/1759/483 472/1760/481

vt -2.54202 -2.36106
vt -2.5306 -2.28344
vn 0.0184324 -0.824464 -0.565614
vt -2.55814 -2.26183
f 527/1761/482 526/1762/484 473/1763/483

vt -2.6417 -4.19268
vn -8.68952e-15 -0.739825 -0.6728
vt -2.63468 -4.27082
vt -2.60285 -4.28541
f 474/1764/485 473/1765/483 526/1766/484

vt -2.57637 -3.46004
vt -2.55539 -3.55836
vt -2.5478 -3.48027
vn 0.0100148 -0.751416 -0.659753
f 474/1767/485 526/1768/484 525/1769/486

vt -2.60663 -4.89929
vt -2.61008 -4.82091
vn 2.89134e-15 -0.625522 -0.780206
vt -2.63773 -4.88323
f 525/1770/486 524/1771/487 474/1772/485

vt -2.60244 -4.80355
vn -0.0100148 -0.61178 -0.790965
vt -2.60566 -4.88195
vt -2.57281 -4.82221
f 475/1773/488 474/1774/485 524/1775/487

vt -2.61286 -5.97635
vt -2.64772 -5.88206
vn -0.0184324 -0.513283 -0.858021
vt -2.64404 -5.96043
f 524/1776/487 476/1777/489 475/1778/488

vt -2.56236 -5.53157
vt -2.55841 -5.45321
vn 0.0184324 -0.47782 -0.878264
vt -2.58789 -5.43433
f 524/1779/487 523/1780/490 476/1781/489

vt -2.64862 -6.54661
vn -0.0184324 -0.37274 -0.927753
vt -2.64598 -6.62503
vt -2.61501 -6.64136
f 477/1782/491 476/1783/489 523/1784/490

vt -2.59025 -6.20327
vt -2.56337 -6.30014
vt -2.56051 -6.22173
vn 0.0184324 -0.334546 -0.942199
f 477/1785/491 523/1786/490 522/1787/492

vt -2.64901 -7.05831
vn -0.0184324 -0.223018 -0.97464
vt -2.64722 -7.13675
vt -2.61644 -7.15343
f 478/1788/493 477/1789/491 522/1790/492

vt -2.5918 -6.80992
vt -2.56381 -6.90648
vt -2.56185 -6.82804
vn 0.0184324 -0.183035 -0.982934
f 478/1791/493 522/1792/492 521/1793/494

vt -2.64909 -7.40101
vt -2.64805 -7.47946
vt -2.61743 -7.49643
f 439/1794/139 478/1795/493 521/1796/494

vt -2.59287 -7.24272
vt -2.56394 -7.33901
vt -2.56274 -7.26056
f 439/1797/139 521/1798/494 480/1799/141

f 481/745/142 480/824/142 521/785/142 520/784/142 

vt 2.79529 -7.55532
vn 0.00458592 0.000455445 0.999989
vt 2.79521 -7.63378
vn 0.00458592 -0.155983 0.987749
vt 2.82535 -7.63875
vn -0.00458592 -0.107258 0.994221
f 845/1800/495 822/1801/496 757/1802/497

vt 2.83902 -7.62792
vn -0.00458592 -0.261468 0.965201
vt 2.83912 -7.54946
vt 2.80897 -7.54448
f 758/1803/498 757/1804/497 822/1805/496

vt 2.82545 -7.63265
vt 2.79521 -7.54928
vt 2.79529 -7.62774
vn 0.00458592 -0.308581 0.951187
f 758/1806/498 822/1807/496 821/1808/499

vt 2.80905 -7.35213
vt 2.83892 -7.43563
vn -0.00458592 -0.409239 0.912415
vt 2.83919 -7.35718
f 821/1809/499 759/1810/500 758/1811/498

vt 2.79511 -7.3562
vt 2.79536 -7.43466
vn 0.00458592 -0.45358 0.891204
vt 2.82553 -7.4395
f 821/1812/499 820/1813/501 759/1814/500

vt 2.83879 -7.06203
vn -0.00458592 -0.546934 0.837163
vt 2.83925 -6.98357
vt 2.80913 -6.97845
f 760/1815/502 759/1816/500 820/1817/501

vt 2.82561 -7.06357
vt 2.79498 -6.98035
vt 2.79543 -7.0588
vn 0.00458592 -0.587411 0.809276
f 760/1818/502 820/1819/501 819/1820/503

vt 2.83863 -6.51694
vn -0.00458592 -0.671162 0.741297
vt 2.8393 -6.43848
vt 2.80919 -6.43328
f 761/1821/504 760/1822/502 819/1823/503

vt 2.82567 -6.51351
vt 2.79482 -6.43036
vt 2.79548 -6.50882
vn 0.00458592 -0.706777 0.707421
f 761/1824/504 819/1825/503 818/1826/505

vt 2.80925 -5.73097
vt 2.8384 -5.81473
vn -0.00458592 -0.778863 0.627177
vt 2.83934 -5.73627
f 818/1827/505 762/1828/506 761/1829/504

vt 2.7946 -5.71892
vt 2.79552 -5.79737
vn 0.00458592 -0.808741 0.588147
vt 2.82573 -5.80196
f 818/1830/505 817/1831/507 762/1832/506

vt 2.83805 -4.97427
vn -0.00458592 -0.867386 0.497615
vt 2.83933 -4.89582
vt 2.80926 -4.89039
f 763/1833/508 762/1834/506 817/1835/507

vt 2.82575 -4.94498
vt 2.79426 -4.86207
vt 2.79552 -4.94052
vn 0.00458592 -0.89079 0.454391
f 763/1836/508 817/1837/507 816/1838/509

vt 2.80919 -3.93538
vt 2.83743 -4.01945
vn -0.00458592 -0.934551 0.355799
vt 2.83922 -3.94101
f 816/1839/509 764/1840/510 763/1841/508

vt 2.79367 -3.87805
vt 2.79543 -3.95649
vn 0.00458592 -0.950906 0.309447
vt 2.82568 -3.96076
f 816/1842/509 815/1843/511 764/1844/510

vt 2.83609 -2.98173
vn -0.00458592 -0.978705 0.205223
vt 2.83876 -2.90332
vt 2.80879 -2.89735
f 765/1845/512 764/1846/510 815/1847/511

vt 2.82532 -2.86637
vt 2.79242 -2.78401
vt 2.79502 -2.86243
vn 0.00458592 -0.987607 0.156883
f 765/1848/512 815/1849/511 814/1850/513

vt 2.83168 -1.91566
vt 2.83636 -1.83734
vt 2.80655 -1.83061
f 726/1851/196 765/1852/512 814/1853/513

f 765/1076/192 726/1037/192 802/1019/192 766/1018/192 

vt -2.80235 -2.8246
vn 2.44732e-17 0.944662 -0.328047
vt -2.8325 -2.8246
vt -2.8325 -2.86383
vn -6.99938e-17 0.984349 -0.17623
vt -2.80235 -2.86383
f 674/1854/514 766/1855/514 802/1856/515 675/1857/515 

vt -2.8325 -3.93385
vt -2.80235 -3.93385
vt -2.80235 -3.89462
vn -1.55442e-17 0.881713 -0.471785
vt -2.8325 -3.89462
f 766/1858/514 674/1859/514 673/1860/516 767/1861/516 

vt -2.80235 -4.86826
vn -2.54156e-16 0.797055 -0.603907
vt -2.8325 -4.86826
vt -2.8325 -4.90749
vt -2.80235 -4.90749
f 672/1862/517 768/1863/517 767/1864/516 673/1865/516 

vt -2.8325 -5.76077
vt -2.80235 -5.76077
vt -2.80235 -5.72154
vn -1.92928e-16 0.69277 -0.721159
vt -2.8325 -5.72154
f 768/1866/517 672/1867/517 671/1868/518 769/1869/518 

vt -2.80235 -6.43346
vn 2.56806e-16 0.571426 -0.820653
vt -2.8325 -6.43346
vt -2.8325 -6.47269
vt -2.80235 -6.47269
f 670/1870/519 770/1871/519 769/1872/518 671/1873/518 

vt -2.80235 -6.98648
vn 2.92716e-16 0.436013 -0.899941
vt -2.8325 -6.98648
vt -2.8325 -7.02571
vt -2.80235 -7.02571
f 669/1874/520 771/1875/520 770/1876/519 670/1877/519 

vt -2.8325 -7.40622
vt -2.80235 -7.40622
vt -2.80235 -7.36699
vn -1.04096e-16 0.289863 -0.957068
vt -2.8325 -7.36699
f 771/1878/520 669/1879/520 668/1880/521 772/1881/521 

vt -2.80235 -7.56561
vn -2.84042e-16 0.136576 -0.99063
vt -2.8325 -7.56561
vt -2.8325 -7.60484
vt -2.80235 -7.60484
f 667/1882/522 773/1883/522 772/1884/521 668/1885/521 

vt -2.8325 -7.61669
vt -2.80235 -7.61669
vt -2.80235 -7.57746
vn -4.65321e-16 -0.0200743 -0.999798
vt -2.8325 -7.57746
f 773/1886/522 667/1887/522 666/1888/523 774/1889/523 

vt -2.80235 -7.40225
vn -8.44843e-16 -0.17623 -0.984349
vt -2.8325 -7.40225
vt -2.8325 -7.44148
vt -2.80235 -7.44148
f 665/1890/524 775/1891/524 774/1892/523 666/1893/523 

vt -2.80235 -7.04428
vn -7.56144e-16 -0.328047 -0.944662
vt -2.8325 -7.04428
vt -2.8325 -7.08351
vt -2.80235 -7.08351
f 664/1894/525 776/1895/525 775/1896/524 665/1897/524 

vt -2.8325 -6.55161
vt -2.80235 -6.55161
vt -2.80235 -6.51238
vn -2.67588e-16 -0.471785 -0.881713
vt -2.8325 -6.51238
f 776/1898/525 664/1899/525 663/1900/526 777/1901/526 

vt -2.80235 -5.81964
vn -1.62199e-16 -0.603907 -0.797055
vt -2.8325 -5.81964
vt -2.8325 -5.85887
vt -2.80235 -5.85887
f 662/1902/527 778/1903/527 777/1904/526 663/1905/526 

vt -2.8325 -5.02235
vt -2.80235 -5.02235
vt -2.80235 -4.98312
vn -3.50323e-16 -0.721159 -0.69277
vt -2.8325 -4.98312
f 778/1906/527 662/1907/527 661/1908/528 779/1909/528 

vt -2.80235 -4.02341
vn -3.30892e-16 -0.820653 -0.571426
vt -2.8325 -4.02341
vt -2.8325 -4.06264
vt -2.80235 -4.06264
f 660/1910/529 780/1911/529 779/1912/528 661/1913/528 

vt -2.80235 -2.96415
vn -1.4142e-16 -0.899941 -0.436013
vt -2.8325 -2.96415
vt -2.8325 -3.00338
vt -2.80235 -3.00338
f 659/1914/530 781/1915/530 780/1916/529 660/1917/529 

vt -2.8325 -1.87065
vt -2.80235 -1.87065
vt -2.80235 -1.83142
vn 1.01718e-16 -0.957068 -0.289863
vt -2.8325 -1.83142
f 781/1918/530 659/1919/530 658/1920/531 782/1921/531 

vt -2.80235 -0.653112
vn 2.45252e-16 -0.97686 -0.213879
vt -2.8325 -0.653112
vt -2.8325 -0.692342
vt -2.80235 -0.692342
f 657/1922/532 783/1923/532 782/1924/531 658/1925/531 

vt 2.8325 -0.502532
vn 2.15038e-16 -0.998291 -0.0584308
vt 2.80235 -0.502532
vt 2.80235 -0.541761
vn 1.69002e-16 -0.999798 0.0200743
vt 2.8325 -0.541761
f 783/1926/533 657/1927/533 656/1928/534 784/1929/534 

vt 2.80235 -1.72378
vn 8.11656e-17 -0.984349 0.17623
vt 2.8325 -1.72378
vt 2.8325 -1.68455
vt 2.80235 -1.68455
f 655/1930/535 785/1931/535 784/1932/534 656/1933/534 

vt 2.80235 -2.86383
vn -1.33014e-17 -0.944662 0.328047
vt 2.8325 -2.86383
vt 2.8325 -2.8246
vt 2.80235 -2.8246
f 654/1934/536 786/1935/536 785/1936/535 655/1937/535 

vt 2.8325 -3.89462
vt 2.80235 -3.89462
vt 2.80235 -3.93385
vn 5.94462e-18 -0.881713 0.471785
vt 2.8325 -3.93385
f 786/1938/536 654/1939/536 653/1940/537 787/1941/537 

vt 2.80235 -4.90749
vn 2.33281e-16 -0.797055 0.603907
vt 2.8325 -4.90749
vt 2.8325 -4.86826
vt 2.80235 -4.86826
f 652/1942/538 788/1943/538 787/1944/537 653/1945/537 

vt 2.8325 -5.72154
vt 2.80235 -5.72154
vt 2.80235 -5.76077
vn 1.94327e-16 -0.69277 0.721159
vt 2.8325 -5.76077
f 788/1946/538 652/1947/538 651/1948/539 789/1949/539 

vt 2.80235 -6.47269
vn -2.44132e-16 -0.571426 0.820653
vt 2.8325 -6.47269
vt 2.8325 -6.43346
vt 2.80235 -6.43346
f 650/1950/540 790/1951/540 789/1952/539 651/1953/539 

vt 2.80235 -7.02571
vn -2.9997e-16 -0.436013 0.899941
vt 2.8325 -7.02571
vt 2.8325 -6.98648
vt 2.80235 -6.98648
f 649/1954/541 791/1955/541 790/1956/540 650/1957/540 

vt 2.8325 -7.36699
vt 2.80235 -7.36699
vt 2.80235 -7.40622
vn 9.68425e-17 -0.289863 0.957068
vt 2.8325 -7.40622
f 791/1958/541 649/1959/541 648/1960/542 792/1961/542 

vt 2.80235 -7.60484
vn 2.84042e-16 -0.136576 0.99063
vt 2.8325 -7.60484
vt 2.8325 -7.56561
vt 2.80235 -7.56561
f 647/1962/543 793/1963/543 792/1964/542 648/1965/542 

vt 2.8325 -7.57746
vt 2.80235 -7.57746
vt 2.80235 -7.61669
vn 4.65321e-16 0.0200743 0.999798
vt 2.8325 -7.61669
f 793/1966/543 647/1967/543 646/1968/544 794/1969/544 

vt 2.80235 -7.44148
vt 2.8325 -7.44148
vt 2.8325 -7.40225
vt 2.80235 -7.40225
f 645/1970/191 725/1971/191 794/1972/544 646/1973/544 

vt -2.80235 -1.68455
vt -2.8325 -1.68455
vt -2.8325 -1.72378
vn -2.07784e-16 0.999798 -0.0200743
vt -2.80235 -1.72378
f 675/1974/515 802/1975/515 801/1976/545 676/1977/545 

vt -2.80235 -0.502532
vt -2.8325 -0.502532
vt -2.8325 -0.541761
vn -2.24718e-16 0.99063 0.136576
vt -2.80235 -0.541761
f 676/1978/545 801/1979/545 800/1980/546 677/1981/546 

vt 2.80235 -0.692342
vt 2.8325 -0.692342
vt 2.8325 -0.653112
vn -5.67975e-17 0.957068 0.289863
vt 2.80235 -0.653112
f 677/1982/546 800/1983/546 799/1984/547 678/1985/547 

vt 2.8325 -1.83142
vn 1.4142e-16 0.899941 0.436013
vt 2.80235 -1.83142
vt 2.80235 -1.87065
vt 2.8325 -1.87065
f 798/1986/548 679/1987/548 678/1988/547 799/1989/547 

vt 2.80235 -3.00338
vt 2.8325 -3.00338
vt 2.8325 -2.96415
vn 3.43565e-16 0.820653 0.571426
vt 2.80235 -2.96415
f 679/1990/548 798/1991/548 797/1992/549 680/1993/549 

vt 2.80235 -4.06264
vt 2.8325 -4.06264
vt 2.8325 -4.02341
vn 3.72822e-16 0.721159 0.69277
vt 2.80235 -4.02341
f 680/1994/549 797/1995/549 796/1996/550 681/1997/550 

vt 2.8325 -4.98312
vn 1.72025e-16 0.603907 0.797055
vt 2.80235 -4.98312
vt 2.80235 -5.02235
vt 2.8325 -5.02235
f 795/1998/551 682/1999/551 681/2000/550 796/2001/550 

vt 2.80235 -5.85887
vt 2.8325 -5.85887
vt 2.8325 -5.81964
vt 2.80235 -5.81964
f 682/2002/551 795/2003/551 724/2004/190 643/2005/190 

f 682/1026/187 643/987/187 722/210/187 683/169/187 

vn 1.37981e-15 0.185984 0.982553
vn 1.24872e-15 0.337399 0.941362
f 618/286/552 617/283/553 683/284/553 722/285/552 

vn 1.08575e-15 0.480507 0.876991
f 683/287/553 617/288/553 616/289/554 684/290/554 

vn 8.96829e-16 0.611783 0.791026
f 615/397/555 685/398/555 684/399/554 616/400/554 

vn 6.86671e-16 0.727994 0.685583
f 685/393/555 615/394/555 614/395/556 686/396/556 

vn 4.60268e-16 0.82628 0.563259
f 613/389/557 687/390/557 686/391/556 614/392/556 

vn 2.2229e-16 0.904221 0.427066
f 613/388/557 612/385/558 688/386/558 687/387/557 

vn -2.2205e-17 0.959896 0.280357
f 688/381/558 612/382/558 611/383/559 689/384/559 

vn -1.44693e-16 0.978933 0.20418
f 610/377/560 690/378/560 689/379/559 611/380/559 

vn -3.85436e-16 0.998822 0.0485272
vn -5.03016e-16 0.99955 -0.029989
f 690/373/561 610/374/561 609/375/562 691/376/562 

vn -7.28032e-16 0.982553 -0.185984
f 608/369/563 692/370/563 691/371/562 609/372/562 

vn -9.34077e-16 0.941362 -0.337399
f 692/366/563 608/367/563 607/368/564 693/365/564 

vn -1.11688e-15 0.876991 -0.480507
f 693/361/564 607/362/564 606/363/565 694/364/565 

vn -1.27285e-15 0.791026 -0.611783
f 605/357/566 695/358/566 694/359/565 606/360/565 

vn -1.39832e-15 0.685583 -0.727994
f 695/353/566 605/354/566 604/355/567 696/356/567 

vn -1.48933e-15 0.563259 -0.82628
f 603/349/568 697/350/568 696/351/567 604/352/567 

vn -1.54291e-15 0.427066 -0.904221
f 697/346/568 603/347/568 602/348/569 698/345/569 

vn -1.5193e-15 0.280357 -0.959896
f 698/341/569 602/342/569 601/343/570 699/344/570 

vn -1.47369e-15 0.20418 -0.978933
f 600/337/571 642/338/571 699/339/570 601/340/570 

vt 2.62535 -7.48834
vt 2.80235 -7.48834
vt 2.80235 -7.46671
vn 1.47584e-15 0.029989 0.99955
vt 2.62535 -7.46671
f 618/2006/552 722/2007/552 721/2008/572 619/2009/572 

vt 2.80235 -7.65548
vn 1.51033e-15 -0.0485272 0.998822
vt 2.62535 -7.65548
vt 2.62535 -7.67711
vt 2.80235 -7.67711
f 720/2010/573 620/2011/573 619/2012/572 721/2013/572 

vt 2.80235 -7.69
vn 6.73447e-16 -0.126744 0.991935
vt 2.80235 -7.54
vt 2.62535 -7.54
vt 2.62535 -7.69
f 720/2014/574 719/2015/574 621/2016/574 620/2017/574 

vt 2.62535 -7.52757
vn 8.89414e-16 -0.20418 0.978933
vt 2.80235 -7.52757
vt 2.80235 -7.50595
vn 1.22626e-15 -0.280357 0.959896
vt 2.62535 -7.50595
f 621/2018/575 719/2019/575 718/2020/576 622/2021/576 

vt 2.80235 -7.32086
vn 1.54291e-15 -0.427066 0.904221
vt 2.62535 -7.32086
vt 2.62535 -7.34248
vt 2.80235 -7.34248
f 717/2022/577 623/2023/577 622/2024/576 718/2025/576 

vt 2.80235 -6.95524
vn 1.48933e-15 -0.563259 0.82628
vt 2.62535 -6.95524
vt 2.62535 -6.97686
vt 2.80235 -6.97686
f 716/2026/578 624/2027/578 623/2028/577 717/2029/577 

vt 2.62535 -6.43972
vt 2.80235 -6.43972
vt 2.80235 -6.4181
vn 1.39832e-15 -0.685583 0.727994
vt 2.62535 -6.4181
f 624/2030/578 716/2031/578 715/2032/579 625/2033/579 

vt 2.80235 -5.72265
vn 1.27285e-15 -0.791026 0.611783
vt 2.62535 -5.72265
vt 2.62535 -5.74427
vt 2.80235 -5.74427
f 714/2034/580 626/2035/580 625/2036/579 715/2037/579 

vt 2.62535 -4.90765
vt 2.80235 -4.90765
vt 2.80235 -4.88603
vn 1.11779e-15 -0.876991 0.480507
vt 2.62535 -4.88603
f 626/2038/580 714/2039/580 713/2040/581 627/2041/581 

vt 2.80235 -3.92883
vn 9.35648e-16 -0.941362 0.337399
vt 2.62535 -3.92883
vt 2.62535 -3.95045
vt 2.80235 -3.95045
f 712/2042/582 628/2043/582 627/2044/581 713/2045/581 

vt 2.80235 -2.87462
vn 7.28696e-16 -0.982553 0.185984
vt 2.62535 -2.87462
vt 2.62535 -2.89624
vt 2.80235 -2.89624
f 711/2046/583 629/2047/583 628/2048/582 712/2049/582 

vt 2.62535 -1.77099
vt 2.80235 -1.77099
vt 2.80235 -1.74937
vn 5.03016e-16 -0.99955 0.029989
vt 2.62535 -1.74937
f 629/2050/583 711/2051/583 710/2052/584 630/2053/584 

vt 2.80235 -0.58077
vt 2.62535 -0.58077
vt 2.62535 -0.602393
vt 2.80235 -0.602393
f 709/2054/217 631/2055/217 630/2056/584 710/2057/584 

vt -2.62535 -0.58077
vt -2.80235 -0.58077
vt -2.80235 -0.602393
vn 2.2205e-17 -0.959896 -0.280357
vt -2.62535 -0.602393
f 631/2058/217 709/2059/217 708/2060/585 632/2061/585 

vt -2.80235 -1.77099
vn -2.2229e-16 -0.904221 -0.427066
vt -2.62535 -1.77099
vt -2.62535 -1.74937
vt -2.80235 -1.74937
f 707/2062/586 633/2063/586 632/2064/585 708/2065/585 

vt -2.80235 -2.89624
vn -4.61175e-16 -0.82628 -0.563259
vt -2.62535 -2.89624
vt -2.62535 -2.87462
vt -2.80235 -2.87462
f 706/2066/587 634/2067/587 633/2068/586 707/2069/586 

vt -2.62535 -3.92883
vt -2.80235 -3.92883
vt -2.80235 -3.95045
vn -6.87577e-16 -0.727994 -0.685583
vt -2.62535 -3.95045
f 634/2070/587 706/2071/587 705/2072/588 635/2073/588 

vt -2.80235 -4.90765
vn -8.96829e-16 -0.611783 -0.791026
vt -2.62535 -4.90765
vt -2.62535 -4.88603
vt -2.80235 -4.88603
f 704/2074/589 636/2075/589 635/2076/588 705/2077/588 

vt -2.62535 -5.72265
vt -2.80235 -5.72265
vt -2.80235 -5.74427
vn -1.08575e-15 -0.480507 -0.876991
vt -2.62535 -5.74427
f 636/2078/589 704/2079/589 703/2080/590 637/2081/590 

vt -2.80235 -6.43972
vn -1.24792e-15 -0.337399 -0.941362
vt -2.62535 -6.43972
vt -2.62535 -6.4181
vt -2.80235 -6.4181
f 702/2082/591 638/2083/591 637/2084/590 703/2085/590 

vt -2.80235 -6.97686
vn -1.37816e-15 -0.185984 -0.982553
vt -2.62535 -6.97686
vt -2.62535 -6.95524
vt -2.80235 -6.95524
f 701/2086/592 639/2087/592 638/2088/591 702/2089/591 

vt -2.62535 -7.32086
vt -2.80235 -7.32086
vt -2.80235 -7.34248
vn -1.475e-15 -0.029989 -0.99955
vt -2.62535 -7.34248
f 639/2090/592 701/2091/592 700/2092/593 640/2093/593 

vn -1.51033e-15 0.0485272 -0.998822
f 641/401/594 599/402/594 640/403/593 700/404/593 

f 599/207/184 579/766/184 580/765/184 640/206/184 

vt 2.82332 -1.66352
vt 2.78846 -1.58198
vt 2.79294 -1.66031
f 726/2094/196 814/2095/513 803/2096/194

vt 2.80888 -7.55026
vt 2.83911 -7.63363
vt 2.83903 -7.55517
vn -0.00458592 0.0495929 0.998759
f 845/2097/495 757/2098/497 756/2099/595

vt 2.82524 -7.45811
vt 2.79536 -7.37461
vn 0.00458592 0.156883 0.987607
vt 2.79511 -7.45307
f 756/2100/595 846/2101/596 845/2102/495

vt 2.83918 -7.45219
vt 2.83893 -7.37373
vn -0.00458592 0.205223 0.978705
vt 2.80877 -7.36888
f 756/2103/595 755/2104/597 846/2105/596

vt 2.82511 -7.09568
vt 2.79543 -7.01211
vn 0.00458592 0.309447 0.950906
vt 2.79498 -7.09057
f 755/2106/597 847/2107/598 846/2108/596

vt 2.83924 -7.08756
vt 2.83881 -7.0091
vn -0.00458592 0.355799 0.934551
vt 2.80863 -7.00432
f 755/2109/597 754/2110/599 847/2111/598

vt 2.79548 -6.47735
vn 0.00458592 0.454391 0.89079
vt 2.79482 -6.55581
vt 2.82493 -6.561
f 848/2112/600 847/2113/598 754/2114/599

vt 2.80846 -6.46496
vt 2.8393 -6.54811
vt 2.83865 -6.46965
vn -0.00458592 0.497615 0.867386
f 848/2115/600 754/2116/599 753/2117/601

vt 2.82469 -5.86815
vt 2.79552 -5.78441
vn 0.00458592 0.588147 0.808741
vt 2.7946 -5.86286
f 753/2118/601 849/2119/602 848/2120/600

vt 2.83933 -5.84627
vt 2.83843 -5.76782
vn -0.00458592 0.627177 0.778863
vt 2.80823 -5.76322
f 753/2121/601 752/2122/603 849/2123/602

vt 2.79552 -4.95185
vn 0.00458592 0.707421 0.706777
vt 2.79426 -5.03029
vt 2.82433 -5.03572
f 850/2124/604 849/2125/602 752/2126/603

vt 2.80788 -4.91498
vt 2.83934 -4.99789
vt 2.8381 -4.91944
vn -0.00458592 0.741297 0.671162
f 850/2127/604 752/2128/603 751/2129/605

vt 2.82371 -4.08721
vt 2.79543 -4.00315
vn 0.00458592 0.809276 0.587411
vt 2.79367 -4.08159
f 751/2130/605 851/2131/606 850/2132/604

vt 2.83925 -4.02107
vt 2.83753 -3.94263
vn -0.00458592 0.837163 0.546934
vt 2.80728 -3.93835
f 751/2133/605 750/2134/607 851/2135/606

vt 2.82239 -3.05339
vt 2.79502 -2.96904
vn 0.00444966 0.89083 0.454314
vt 2.79242 -3.04745
f 750/2136/607 852/2137/608 851/2138/606

vt 2.83886 -2.93313
vt 2.83634 -2.85471
vn -0.00236082 0.912084 0.409996
vt 2.80604 -2.85074
f 750/2139/607 749/2140/609 852/2141/608

vt 2.79335 -1.91388
vn 0.00438092 0.950165 0.311717
vt 2.78919 -1.98975
vt 2.81903 -1.99634
f 853/2142/610 852/2143/608 749/2144/609

vt 2.80351 -1.73552
vt 2.8358 -1.81562
vt 2.83371 -1.73719
vn -6.78084e-05 0.964559 0.263866
f 853/2145/610 749/2146/609 748/2147/611

vt 2.81831 -0.907299
vt 2.7941 -0.826809
vn 0.00215669 0.986972 0.160877
vt 2.78843 -0.902584
f 748/2148/611 854/2149/612 853/2150/610

vt 2.8325 -0.711969
vt 2.8325 -0.63351
vn -0.00222464 0.993959 0.109727
vt 2.80235 -0.63351
f 748/2151/611 747/2152/613 854/2153/612

vt -2.80235 -0.581429
vn 6.78024e-05 0.999996 0.00285267
vt -2.80235 -0.500498
vt -2.8325 -0.500498
f 855/2154/614 854/2155/612 747/2156/613

vt -2.79656 -0.295686
vt -2.81877 -0.212227
vt -2.82633 -0.290321
vn -0.00451755 0.9988 -0.0487652
f 855/2157/614 747/2158/613 746/2159/615

vt -2.82908 -1.79881
vt -2.79653 -1.88131
vn 0.00229312 0.987744 -0.156065
vt -2.79887 -1.80041
f 746/2160/615 856/2161/616 855/2162/614

vt -2.83168 -1.49875
vt -2.83636 -1.57707
vn -0.00458592 0.978705 -0.205223
vt -2.80655 -1.5838
f 746/2163/615 745/2164/617 856/2165/616

vt -2.82532 -2.96509
vt -2.79242 -3.04745
vn 0.00458592 0.950906 -0.309447
vt -2.79502 -2.96904
f 745/2166/617 857/2167/618 856/2168/616

vt -2.83609 -2.71
vt -2.83876 -2.78841
vn -0.00458592 0.934551 -0.355799
vt -2.80879 -2.79438
f 745/2169/617 744/2170/619 857/2171/618

vt -2.79367 -4.08159
vn 0.00458592 0.89079 -0.454391
vt -2.79543 -4.00315
vt -2.82568 -3.99889
f 858/2172/620 857/2173/618 744/2174/619

vt -2.80919 -3.89514
vt -2.83743 -3.81107
vt -2.83922 -3.88951
vn -0.00458592 0.867386 -0.497615
f 858/2175/620 744/2176/619 743/2177/621

vt -2.82575 -4.94739
vt -2.79426 -5.03029
vn 0.00458592 0.808741 -0.588147
vt -2.79552 -4.95185
f 743/2178/621 859/2179/622 858/2180/620

vt -2.83805 -4.80279
vt -2.83933 -4.88124
vn -0.00458592 0.778863 -0.627177
vt -2.80926 -4.88668
f 743/2181/621 742/2182/623 859/2183/622

vt -2.7946 -5.86286
vn 0.00458592 0.706777 -0.707421
vt -2.79552 -5.78441
vt -2.82573 -5.77982
f 860/2184/624 859/2185/622 742/2186/623

vt -2.80925 -5.75217
vt -2.8384 -5.66841
vt -2.83934 -5.74686
vn -0.00458592 0.671162 -0.741297
f 860/2187/624 742/2188/623 741/2189/625

vt -2.82567 -6.47266
vt -2.79482 -6.55581
vn 0.00458592 0.587411 -0.809276
vt -2.79548 -6.47735
f 741/2190/625 861/2191/626 860/2192/624

vt -2.83863 -6.38969
vt -2.8393 -6.46814
vn -0.00458592 0.546934 -0.837163
vt -2.80919 -6.47334
f 741/2193/625 740/2194/627 861/2195/626

vt -2.82561 -7.00734
vt -2.79498 -7.09057
vn 0.00458592 0.45358 -0.891204
vt -2.79543 -7.01211
f 740/2196/627 862/2197/628 861/2198/626

vt -2.83879 -6.9504
vt -2.83925 -7.02886
vn -0.00458592 0.409239 -0.912415
vt -2.80913 -7.03398
f 740/2199/627 739/2200/629 862/2201/628

vt -2.79511 -7.45307
vt -2.79536 -7.37461
vt -2.82553 -7.36977
f 843/2202/203 862/2203/628 739/2204/629

vt -2.80905 -7.42116
vt -2.83892 -7.33766
vt -2.83919 -7.41612
f 843/2205/203 739/2206/629 738/2207/202

vt -2.80888 -7.6439
vt -2.83911 -7.56053
vt -2.83903 -7.63899
vn -0.00458592 -0.0495929 -0.998759
f 805/2208/199 737/2209/201 736/2210/630

vt -2.82524 -7.35116
vt -2.79536 -7.43466
vn 0.00458592 -0.156883 -0.987607
vt -2.79511 -7.3562
f 736/2211/630 806/2212/631 805/2213/199

vt -2.83918 -7.39161
vt -2.83893 -7.47007
vn -0.00458592 -0.205223 -0.978705
vt -2.80877 -7.47492
f 736/2214/630 735/2215/632 806/2216/631

vt -2.82511 -6.97523
vt -2.79543 -7.0588
vn 0.00458592 -0.309447 -0.950906
vt -2.79498 -6.98035
f 735/2217/632 807/2218/633 806/2219/631

vt -2.83924 -7.04046
vt -2.83881 -7.11891
vn -0.00458592 -0.355799 -0.934551
vt -2.80863 -7.12369
f 735/2220/632 734/2221/634 807/2222/633

vt -2.79548 -6.50882
vn 0.00458592 -0.454391 -0.89079
vt -2.79482 -6.43036
vt -2.82493 -6.42517
f 808/2223/635 807/2224/633 734/2225/634

vt -2.80846 -6.59947
vt -2.8393 -6.51632
vt -2.83865 -6.59478
vn -0.00458592 -0.497615 -0.867386
f 808/2226/635 734/2227/634 733/2228/636

vt -2.82469 -5.71362
vt -2.79552 -5.79737
vn 0.00458592 -0.588147 -0.808741
vt -2.7946 -5.71892
f 733/2229/636 809/2230/637 808/2231/635

vt -2.83933 -5.83301
vt -2.83843 -5.91146
vn -0.00458592 -0.627177 -0.778863
vt -2.80823 -5.91606
f 733/2232/636 732/2233/638 809/2234/637

vt -2.79552 -4.94052
vn 0.00458592 -0.707421 -0.706777
vt -2.79426 -4.86207
vt -2.82433 -4.85665
f 810/2235/639 809/2236/637 732/2237/638

vt -2.80788 -5.09173
vt -2.83934 -5.00881
vt -2.8381 -5.08726
vn -0.00458592 -0.741297 -0.671162
f 810/2238/639 732/2239/638 731/2240/640

vt -2.82371 -3.87244
vt -2.79543 -3.95649
vn 0.00458592 -0.809276 -0.587411
vt -2.79367 -3.87805
f 731/2241/640 811/2242/641 810/2243/639

vt -2.83925 -4.06691
vt -2.83753 -4.14535
vn -0.00458592 -0.837163 -0.546934
vt -2.80728 -4.14963
f 731/2244/640 730/2245/642 811/2246/641

vt -2.82239 -2.77807
vt -2.79502 -2.86243
vn 0.00458592 -0.891204 -0.45358
vt -2.79242 -2.78401
f 730/2247/642 812/2248/643 811/2249/641

vt -2.83886 -3.03749
vt -2.83634 -3.11591
vn -0.00458592 -0.912415 -0.409239
vt -2.80604 -3.11988
f 730/2250/642 729/2251/644 812/2252/643

vt -2.79294 -1.66031
vn 0.00458592 -0.951187 -0.308581
vt -2.78846 -1.58198
vt -2.81828 -1.57533
f 813/2253/645 812/2254/643 729/2255/644

vt -2.80231 -2.05143
vt -2.83697 -1.9698
vt -2.83268 -2.04814
vn -0.00458592 -0.965201 -0.261468
f 813/2256/645 729/2257/644 728/2258/646

vt -2.77586 -0.077849
vt -2.76048 -0.165188
vt -2.74701 -0.0878943
f 728/2259/646 804/2260/197 813/2261/645

vt -2.81171 -1.07588
vt -2.79972 -1.15342
vt -2.76917 -1.15369
f 728/2262/646 727/2263/195 804/2264/197

vt -2.60569 -7.28561
vt -2.57616 -7.37611
vn -0.011742 -0.417531 0.908587
vt -2.57543 -7.29766
f 327/2265/88 310/2266/647 309/2267/86

vt -2.64146 -7.38788
vt -2.6408 -7.46634
vn 0.011742 -0.457624 0.889068
vt -2.61033 -7.47785
f 327/2268/88 367/2269/648 310/2270/647

vt -2.57621 -6.96464
vn -0.011742 -0.554525 0.832085
vt -2.57499 -6.88619
vt -2.60517 -6.87396
f 311/2271/649 310/2272/647 367/2273/648

vt -2.60984 -7.12502
vt -2.64152 -7.03525
vt -2.64038 -7.1137
vn 0.011742 -0.591071 0.806534
f 311/2274/649 367/2275/648 366/2276/650

vt -2.60445 -6.28867
vt -2.57614 -6.37956
vn -0.011742 -0.677864 0.735093
vt -2.57436 -6.30112
f 366/2277/650 312/2278/651 311/2279/649

vt -2.64146 -6.51192
vt -2.63977 -6.59036
vn 0.011742 -0.709964 0.70414
vt -2.60916 -6.60147
f 366/2280/650 365/2281/652 312/2282/651

vt -2.60339 -5.54199
vt -2.57587 -5.63313
vn -0.011742 -0.784512 0.620002
vt -2.5734 -5.55471
f 365/2283/652 313/2284/653 312/2285/651

vt -2.64122 -5.83301
vt -2.63887 -5.91143
vn 0.011742 -0.811375 0.584408
vt -2.60816 -5.92228
f 365/2286/652 364/2287/654 313/2288/653

vt -2.57521 -4.7401
vn -0.011742 -0.871843 0.489644
vt -2.57183 -4.66171
vt -2.60166 -4.64865
f 314/2289/655 313/2290/653 364/2291/654

vt -2.60656 -5.10786
vt -2.64061 -5.01896
vt -2.63739 -5.09735
vn 0.011742 -0.892807 0.450286
f 314/2292/655 364/2293/654 363/2294/656

vt -2.59846 -3.62322
vt -2.57359 -3.71511
vn -0.011742 -0.937707 0.347229
vt -2.56885 -3.63679
f 363/2295/656 315/2296/657 314/2297/655

vt -2.63915 -4.09719
vt -2.63466 -4.17552
vn 0.011742 -0.952255 0.305077
vt -2.60367 -4.18553
f 363/2298/656 362/2299/658 315/2300/657

vt -2.56892 -2.56473
vn -0.011742 -0.980481 0.196265
vt -2.56183 -2.4866
vt -2.59101 -2.47214
f 316/2301/659 315/2302/657 362/2303/658

vt -2.59723 -3.1958
vt -2.63511 -3.10846
vt -2.62849 -3.18664
vn 0.011742 -0.988256 0.152355
f 316/2304/659 362/2305/658 361/2306/660

vt -2.5641 -1.15369
vt -2.54865 -1.24762
vn -0.011742 -0.999112 0.0404672
vt -2.53602 -1.17019
f 361/2307/660 317/2308/661 316/2309/659

vt -2.61913 -2.13978
vt -2.60778 -2.21742
vn 0.011742 -0.999923 -0.00411781
vt -2.57603 -2.22467
f 361/2310/660 360/2311/662 317/2312/661

vt -2.16935 0.94953
vt -2.1923 0.857141
vn -0.011742 -0.993142 -0.116327
vt -2.15008 0.923273
f 360/2313/662 318/2314/663 317/2315/661

vt -2.42825 -1.69399
vt -2.3963 -1.76565
vn 0.011742 -0.986968 -0.160489
vt -2.36377 -1.76403
f 360/2316/662 359/2317/664 318/2318/663

vt 2.42438 0.0504798
vn -0.011742 -0.962717 -0.270256
vt 2.44979 -0.0237508
vt 2.48233 -0.0250451
f 319/2319/665 318/2320/663 359/2321/664

vt 2.4053 -1.67088
vt 2.3963 -1.76565
vt 2.42825 -1.69399
vn 0.011742 -0.94971 -0.312909
f 319/2322/665 359/2323/664 358/2324/666

vt 2.59045 -1.67778
vt 2.5485 -1.59232
vn -0.011742 -0.908587 -0.417531
vt 2.5588 -1.6701
f 358/2325/666 320/2326/667 319/2327/665

vt 2.60778 -2.21742
vt 2.61913 -2.13978
vn 0.011742 -0.889068 -0.457624
vt 2.59078 -2.12375
f 358/2328/666 357/2329/668 320/2330/667

vt 2.56473 -2.84629
vn -0.011742 -0.832085 -0.554525
vt 2.57094 -2.9245
vt 2.60214 -2.93382
f 321/2331/669 320/2332/667 357/2333/668

vt 2.60584 -3.09417
vt 2.62849 -3.18664
vt 2.63511 -3.10846
vn 0.011742 -0.806534 -0.591071
f 321/2334/669 357/2335/668 356/2336/670

vt 2.60521 -4.04668
vt 2.56998 -3.95824
vn -0.011742 -0.735093 -0.677864
vt 2.57424 -4.03658
f 356/2337/670 322/2338/671 321/2339/669

vt 2.63466 -4.17552
vt 2.63915 -4.09719
vn 0.011742 -0.70414 -0.709964
vt 2.6095 -4.08371
f 356/2340/670 355/2341/672 322/2342/671

vt 2.60628 -5.03377
vt 2.5724 -4.94481
vn -0.011742 -0.620002 -0.784512
vt 2.57547 -5.02321
f 355/2343/672 323/2344/673 322/2345/671

vt 2.63739 -5.09735
vt 2.64061 -5.01896
vn 0.011742 -0.584408 -0.811375
vt 2.61075 -5.00596
f 355/2346/672 354/2347/674 323/2348/673

vt 2.57374 -5.79534
vt 2.57598 -5.87377
vt 2.60667 -5.88466
f 324/2349/83 323/2350/673 354/2351/674

vt 2.61121 -5.82034
vt 2.63887 -5.91143
vt 2.64122 -5.83301
f 324/2352/83 354/2353/674 325/2354/81

vt -2.62535 -5.92531
vn -8.4412e-15 0.592926 0.805257
vt -2.595 -5.92531
vt -2.595 -5.88608
vt -2.62535 -5.88608
f 238/2355/675 250/2356/675 249/2357/77 239/2358/77 

vt -2.595 -5.06133
vt -2.62535 -5.06133
vt -2.62535 -5.10056
vn -1.35341e-14 0.711596 0.702589
vt -2.595 -5.10056
f 250/2359/675 238/2360/675 237/2361/676 251/2362/676 

vt -2.595 -4.11148
vt -2.62535 -4.11148
vt -2.62535 -4.1507
vn -7.6656e-15 0.812744 0.58262
vt -2.595 -4.1507
f 251/2363/676 237/2364/676 236/2365/677 252/2366/677 

vt -2.62535 -3.09912
vn -2.02131e-15 0.89388 0.448306
vt -2.595 -3.09912
vt -2.595 -3.05989
vt -2.62535 -3.05989
f 235/2367/678 253/2368/678 252/2369/677 236/2370/677 

vt -2.595 -1.93249
vt -2.62535 -1.93249
vt -2.62535 -1.97172
vn -3.34345e-15 0.953005 0.302953
vt -2.595 -1.97172
f 253/2371/678 235/2372/678 234/2373/679 254/2374/679 

vt -2.62535 -0.796241
vn 2.23118e-15 0.988665 0.15014
vt -2.595 -0.796241
vt -2.595 -0.757011
vt -2.62535 -0.757011
f 233/2375/680 255/2376/680 254/2377/679 234/2378/679 

vt 2.595 -0.437588
vt 2.62535 -0.437588
vt 2.62535 -0.398358
vn 1.49019e-14 0.99998 -0.00636937
vt 2.595 -0.398358
f 255/2379/680 233/2380/680 232/2381/681 256/2382/681 

vt 2.595 -1.62189
vt 2.62535 -1.62189
vt 2.62535 -1.58266
vn 2.01213e-14 0.986672 -0.162722
vt 2.595 -1.58266
f 256/2383/681 232/2384/681 231/2385/682 257/2386/682 

vt 2.62535 -2.72752
vn 5.63964e-15 0.949069 -0.315068
vt 2.595 -2.72752
vt 2.595 -2.76675
vt 2.62535 -2.76675
f 230/2387/683 258/2388/683 257/2389/682 231/2390/682 

vt 2.595 -3.84396
vt 2.62535 -3.84396
vt 2.62535 -3.80473
vn -6.93462e-15 0.888097 -0.459656
vt 2.595 -3.80473
f 258/2391/683 230/2392/683 229/2393/684 259/2394/684 

vt 2.62535 -4.78777
vn -4.7164e-15 0.805257 -0.592926
vt 2.595 -4.78777
vt 2.595 -4.827
vt 2.62535 -4.827
f 228/2395/685 260/2396/685 259/2397/684 229/2398/684 

vt 2.595 -5.69167
vt 2.62535 -5.69167
vt 2.62535 -5.65244
vn -6.05517e-15 0.702589 -0.711596
vt 2.595 -5.65244
f 260/2399/685 228/2400/685 227/2401/686 261/2402/686 

vt 2.595 -6.41667
vt 2.62535 -6.41667
vt 2.62535 -6.37744
vn -3.49634e-15 0.58262 -0.812744
vt 2.595 -6.37744
f 261/2403/686 227/2404/686 226/2405/687 262/2406/687 

vt 2.62535 -6.94493
vn 2.46406e-15 0.448306 -0.89388
vt 2.595 -6.94493
vt 2.595 -6.98416
vt 2.62535 -6.98416
f 225/2407/688 263/2408/688 262/2409/687 226/2410/687 

vt 2.595 -7.38015
vt 2.62535 -7.38015
vt 2.62535 -7.34092
vn 9.64345e-16 0.302953 -0.953005
vt 2.595 -7.34092
f 263/2411/688 225/2412/688 224/2413/689 264/2414/689 

vt 2.62535 -7.55568
vn -1.92325e-16 0.15014 -0.988665
vt 2.595 -7.55568
vt 2.595 -7.59491
vt 2.62535 -7.59491
f 223/2415/690 265/2416/690 264/2417/689 224/2418/689 

vt 2.595 -7.62314
vt 2.62535 -7.62314
vt 2.62535 -7.58391
vn 2.04435e-15 -0.00636937 -0.99998
vt 2.595 -7.58391
f 265/2419/690 223/2420/690 222/2421/691 266/2422/691 

vt 2.595 -7.46414
vt 2.62535 -7.46414
vt 2.62535 -7.42491
vn 1.34637e-15 -0.162722 -0.986672
vt 2.595 -7.42491
f 266/2423/691 222/2424/691 221/2425/692 267/2426/692 

vt 2.62535 -7.0826
vn -5.39323e-16 -0.239634 -0.970863
vt 2.595 -7.0826
vt 2.595 -7.12183
vt 2.62535 -7.12183
f 220/2427/693 268/2428/693 267/2429/692 221/2430/692 

vt 2.595 -6.60465
vn -4.30829e-16 -0.38856 -0.921423
vt 2.62535 -6.60465
vt 2.62535 -6.56542
vn -2.78493e-15 -0.459656 -0.888097
vt 2.595 -6.56542
f 268/2431/694 220/2432/694 219/2433/695 269/2434/695 

vt 2.62535 -5.88608
vn -9.64403e-15 -0.592926 -0.805257
vt 2.595 -5.88608
vt 2.595 -5.92531
vt 2.62535 -5.92531
f 218/2435/696 270/2436/696 269/2437/695 219/2438/695 

vt 2.595 -5.10056
vt 2.62535 -5.10056
vt 2.62535 -5.06133
vn -1.4098e-14 -0.711596 -0.702589
vt 2.595 -5.06133
f 270/2439/696 218/2440/696 217/2441/697 271/2442/697 

vt 2.595 -4.1507
vt 2.62535 -4.1507
vt 2.62535 -4.11148
vn -7.75256e-15 -0.812744 -0.58262
vt 2.595 -4.11148
f 271/2443/697 217/2444/697 216/2445/698 272/2446/698 

vt 2.62535 -3.05989
vn -1.95293e-15 -0.89388 -0.448306
vt 2.595 -3.05989
vt 2.595 -3.09912
vt 2.62535 -3.09912
f 215/2447/699 273/2448/699 272/2449/698 216/2450/698 

vt 2.595 -1.97172
vt 2.62535 -1.97172
vt 2.62535 -1.93249
vn -3.14507e-15 -0.953005 -0.302953
vt 2.595 -1.93249
f 273/2451/699 215/2452/699 214/2453/700 274/2454/700 

vt 2.62535 -0.757011
vn 2.64972e-15 -0.988665 -0.15014
vt 2.595 -0.757011
vt 2.595 -0.796241
vt 2.62535 -0.796241
f 213/2455/701 275/2456/701 274/2457/700 214/2458/700 

vt -2.595 -0.398358
vt -2.62535 -0.398358
vt -2.62535 -0.437588
vn 1.52341e-14 -0.99998 0.00636937
vt -2.595 -0.437588
f 275/2459/701 213/2460/701 212/2461/702 276/2462/702 

vt -2.595 -1.58266
vt -2.62535 -1.58266
vt -2.62535 -1.62189
vn 2.02198e-14 -0.986672 0.162722
vt -2.595 -1.62189
f 276/2463/702 212/2464/702 211/2465/703 277/2466/703 

vt -2.62535 -2.76675
vn 5.55819e-15 -0.949069 0.315068
vt -2.595 -2.76675
vt -2.595 -2.72752
vt -2.62535 -2.72752
f 210/2467/704 278/2468/704 277/2469/703 211/2470/703 

vt -2.595 -3.80473
vt -2.62535 -3.80473
vt -2.62535 -3.84396
vn -7.22916e-15 -0.888097 0.459656
vt -2.595 -3.84396
f 278/2471/704 210/2472/704 209/2473/705 279/2474/705 

vt -2.62535 -4.827
vn -5.36721e-15 -0.805257 0.592926
vt -2.595 -4.827
vt -2.595 -4.78777
vt -2.62535 -4.78777
f 208/2475/706 280/2476/706 279/2477/705 209/2478/705 

vt -2.595 -5.65244
vt -2.62535 -5.65244
vt -2.62535 -5.69167
vn -6.51589e-15 -0.702589 0.711596
vt -2.595 -5.69167
f 280/2479/706 208/2480/706 207/2481/707 281/2482/707 

vt -2.595 -6.37744
vt -2.62535 -6.37744
vt -2.62535 -6.41667
vt -2.595 -6.41667
f 281/2483/707 207/2484/707 206/2485/73 247/2486/73 

vn 5.16781e-16 -0.427066 0.904221
f 203/2090/708 141/2091/708 140/2092/70 204/2093/70 

vn 5.79819e-16 -0.563259 0.82628
f 202/2088/709 142/2089/709 141/2086/708 203/2087/708 

vn 6.04665e-16 -0.685583 0.727994
f 142/2082/709 202/2083/709 201/2084/710 143/2085/710 

vn 5.92529e-16 -0.791026 0.611783
f 200/2078/711 144/2079/711 143/2080/710 201/2081/710 

vn 5.96461e-16 -0.876991 0.480507
f 144/2074/711 200/2075/711 199/2076/712 145/2077/712 

vn 5.82976e-16 -0.941362 0.337399
f 198/2070/713 146/2071/713 145/2072/712 199/2073/712 

vn 5.28656e-16 -0.982553 0.185984
f 197/2068/714 147/2069/714 146/2066/713 198/2067/713 

vn 4.25235e-16 -0.99955 0.029989
f 147/2062/714 197/2063/714 196/2064/715 148/2065/715 

vn -9.95156e-16 -0.991935 -0.126744
f 195/2058/716 149/2059/716 148/2060/715 196/2061/715 

vn -2.44301e-15 -0.959896 -0.280357
f 149/2054/716 195/2055/716 194/2056/717 150/2057/717 

vn -1.46695e-15 -0.904221 -0.427066
f 193/2050/718 151/2051/718 150/2052/717 194/2053/717 

vn -5.68701e-16 -0.82628 -0.563259
f 192/2048/719 152/2049/719 151/2046/718 193/2047/718 

vn -9.34904e-16 -0.727994 -0.685583
f 152/2042/719 192/2043/719 191/2044/720 153/2045/720 

vn -2.13452e-15 -0.611783 -0.791026
f 190/2038/721 154/2039/721 153/2040/720 191/2041/720 

vn -3.15118e-15 -0.480507 -0.876991
f 154/2034/721 190/2035/721 189/2036/722 155/2037/722 

vn -2.65909e-15 -0.337399 -0.941362
f 188/2030/723 156/2031/723 155/2032/722 189/2033/722 

vn -2.25538e-15 -0.185984 -0.982553
f 187/2028/724 157/2029/724 156/2026/723 188/2027/723 

vn -2.44407e-15 -0.029989 -0.99955
f 157/2022/724 187/2023/724 186/2024/725 158/2025/725 

vn -2.52636e-15 0.0485272 -0.998822
f 185/2018/726 159/2019/726 158/2020/725 186/2021/725 

vn -3.26083e-15 0.126744 -0.991935
f 160/2014/727 159/2015/727 185/2016/727 184/2017/727 

vn -3.97526e-15 0.20418 -0.978933
vn -3.99757e-15 0.280357 -0.959896
f 160/2010/728 184/2011/728 183/2012/729 161/2013/729 

f 164/2006/47 162/2007/47 161/2008/729 183/2009/729 

g Mesh2 Component_3_1 Model

v -0.0724602 1.3773 -0.175212
vn -1.43671e-15 0.943878 0.330294
v -0.0716944 1.3773 -0.175212
v -0.0716944 1.37763 -0.176152
vn -1.15817e-15 0.915054 0.403331
v -0.0724602 1.37763 -0.176152
f 1063/1/730 1064/2/730 1065/3/731 1066/4/731 

vn -2.08857e-15 0.983927 0.178572
v -0.0724602 1.37712 -0.174232
vn -2.27778e-15 0.994904 0.100824
v -0.0716944 1.37712 -0.174232
f 1064/5/732 1063/6/732 1067/7/733 1068/8/733 

v -0.0724602 1.38958 -0.171971
vn -1 -2.07081e-15 -1.26739e-15
v -0.0724602 1.38925 -0.17103
vn -1 -2.01043e-15 -1.49615e-15
v -0.0724602 1.38878 -0.170153
v -0.0724602 1.38818 -0.16936
v -0.0724602 1.38746 -0.168671
v -0.0724602 1.38664 -0.168104
v -0.0724602 1.38574 -0.167672
v -0.0724602 1.38479 -0.167385
v -0.0724602 1.3838 -0.167251
v -0.0724602 1.3828 -0.167274
v -0.0724602 1.38182 -0.167452
v -0.0724602 1.38088 -0.167781
v -0.0724602 1.38 -0.168253
v -0.0724602 1.37921 -0.168857
v -0.0724602 1.37852 -0.169577
v -0.0724602 1.37795 -0.170396
v -0.0724602 1.37752 -0.171294
v -0.0724602 1.37724 -0.172248
v -0.0724602 1.3771 -0.173235
v -0.0724602 1.3781 -0.17703
v -0.0724602 1.37871 -0.177823
v -0.0724602 1.37943 -0.178511
v -0.0724602 1.38025 -0.179079
v -0.0724602 1.38114 -0.179511
v -0.0724602 1.3821 -0.179798
v -0.0724602 1.38309 -0.179931
v -0.0724602 1.38408 -0.179909
v -0.0724602 1.38506 -0.179731
v -0.0724602 1.386 -0.179402
v -0.0724602 1.38688 -0.17893
v -0.0724602 1.38767 -0.178326
v -0.0724602 1.38836 -0.177606
v -0.0724602 1.38893 -0.176787
v -0.0724602 1.38936 -0.175889
v -0.0724602 1.38965 -0.174935
v -0.0724602 1.38978 -0.173947
v -0.0724602 1.38976 -0.172951
v -0.0724602 1.39572 -0.17035
v -0.0724602 1.39608 -0.172311
v -0.0724602 1.39612 -0.174303
v -0.0724602 1.39585 -0.176278
v -0.0724602 1.39528 -0.178187
v -0.0724602 1.39442 -0.179982
v -0.0724602 1.39328 -0.18162
v -0.0724602 1.3919 -0.183061
v -0.0724602 1.39032 -0.184268
v -0.0724602 1.38856 -0.185213
v -0.0724602 1.38668 -0.185871
v -0.0724602 1.38472 -0.186227
v -0.0724602 1.38273 -0.186271
v -0.0724602 1.38076 -0.186004
v -0.0724602 1.37885 -0.185431
v -0.0724602 1.37705 -0.184566
v -0.0724602 1.37541 -0.183431
v -0.0724602 1.37397 -0.182054
v -0.0724602 1.37277 -0.180469
v -0.0724602 1.37182 -0.178714
v -0.0724602 1.37116 -0.176833
v -0.0724602 1.37081 -0.174872
v -0.0724602 1.37076 -0.172879
v -0.0724602 1.37103 -0.170905
v -0.0724602 1.3716 -0.168996
v -0.0724602 1.37247 -0.1672
v -0.0724602 1.3736 -0.165562
v -0.0724602 1.37498 -0.164122
v -0.0724602 1.37656 -0.162915
v -0.0724602 1.37832 -0.16197
v -0.0724602 1.3802 -0.161312
v -0.0724602 1.38216 -0.160956
v -0.0724602 1.38415 -0.160911
v -0.0724602 1.38613 -0.161179
v -0.0724602 1.38804 -0.161752
v -0.0724602 1.38983 -0.162617
v -0.0724602 1.39147 -0.163751
v -0.0724602 1.39291 -0.165129
v -0.0724602 1.39412 -0.166714
v -0.0724602 1.39506 -0.168469
f 1069/9/734 1070/10/735 1071/11/735 1072/12/735 1073/13/735 1074/14/735 1075/15/735 1076/16/735 1077/17/735 1078/18/735 1079/19/735 1080/20/735 1081/21/735 1082/22/735 1083/23/735 1084/24/735 1085/25/735 1086/26/735 1087/27/735 1067/28/735 1063/29/735 1066/30/735 1088/31/735 1089/32/735 1090/33/735 1091/34/735 1092/35/735 1093/36/735 1094/37/735 1095/38/735 1096/39/735 1097/40/735 1098/41/735 1099/42/735 1100/43/735 1101/44/735 1102/45/735 1103/46/735 1104/47/735 1105/48/734 1106/49/734 1107/50/735 1108/51/735 1109/52/735 1110/53/735 1111/54/735 1112/55/735 1113/56/735 1114/57/735 1115/58/735 1116/59/735 1117/60/735 1118/61/735 1119/62/735 1120/63/735 1121/64/735 1122/65/735 1123/66/735 1124/67/735 1125/68/735 1126/69/735 1127/70/735 1128/71/735 1129/72/735 1130/73/735 1131/74/735 1132/75/735 1133/76/735 1134/77/735 1135/78/735 1136/79/735 1137/80/735 1138/81/735 1139/82/735 1140/83/735 1141/84/735 1142/85/735 1143/86/735 1144/87/735 1145/88/734 

vn 2.54365e-15 -0.966883 -0.25522
v -0.0716944 1.38958 -0.171971
v -0.0716944 1.38925 -0.17103
vn 3.01224e-15 -0.915054 -0.403331
f 1069/89/736 1146/90/736 1147/91/737 1070/92/737 

vn 2.20016e-15 -0.994904 -0.100824
v -0.0716944 1.38976 -0.172951
f 1105/93/738 1148/94/738 1146/95/736 1069/96/736 

vn 1.86486e-15 -0.998428 0.0560551
v -0.0716944 1.38978 -0.173947
f 1104/97/739 1149/98/739 1148/99/738 1105/100/738 

vn 1.48768e-15 -0.977366 0.211553
v -0.0716944 1.38965 -0.174935
f 1103/101/740 1150/102/740 1149/103/739 1104/104/739 

vn 1.25988e-15 -0.932239 0.361843
v -0.0716944 1.38936 -0.175889
f 1150/105/740 1103/106/740 1102/107/741 1151/108/741 

vn 1.18871e-15 -0.864157 0.503222
v -0.0716944 1.38893 -0.176787
f 1101/109/742 1152/110/742 1151/111/741 1102/112/741 

vn 8.08655e-16 -0.774797 0.632211
v -0.0716944 1.38836 -0.177606
f 1152/113/742 1101/114/742 1100/115/743 1153/116/743 

vn -3.30273e-16 -0.666358 0.745632
v -0.0716944 1.38767 -0.178326
f 1099/117/744 1154/118/744 1153/119/743 1100/120/743 

vn -1.36778e-15 -0.541512 0.840693
v -0.0716944 1.38688 -0.17893
f 1098/121/745 1155/122/745 1154/123/744 1099/124/744 

vn -1.39564e-15 -0.403331 0.915054
v -0.0716944 1.386 -0.179402
f 1155/125/745 1098/126/745 1097/127/746 1156/128/746 

vn -1.13611e-15 -0.25522 0.966883
v -0.0716944 1.38506 -0.179731
f 1096/129/747 1157/130/747 1156/131/746 1097/132/746 

vn -1.36233e-15 -0.100824 0.994904
v -0.0716944 1.38408 -0.179909
f 1157/133/747 1096/134/747 1095/135/748 1158/136/748 

vn -2.48656e-15 0.0560551 0.998428
v -0.0716944 1.38309 -0.179931
f 1094/137/749 1159/138/749 1158/139/748 1095/140/748 

vn -1.42979e-15 0.211553 0.977366
v -0.0716944 1.3821 -0.179798
f 1093/141/750 1160/142/750 1159/143/749 1094/144/749 

vn 4.6664e-16 0.361843 0.932239
v -0.0716944 1.38114 -0.179511
f 1160/145/750 1093/146/750 1092/147/751 1161/148/751 

vn 5.51133e-16 0.503222 0.864157
v -0.0716944 1.38025 -0.179079
f 1091/149/752 1162/150/752 1161/151/751 1092/152/751 

vn 5.19631e-16 0.632211 0.774797
v -0.0716944 1.37943 -0.178511
f 1162/153/752 1091/154/752 1090/155/753 1163/156/753 

vn 1.0608e-17 0.745632 0.666358
v -0.0716944 1.37871 -0.177823
f 1089/157/754 1164/158/754 1163/159/753 1090/160/753 

vn -6.16385e-16 0.840693 0.541512
v -0.0716944 1.3781 -0.17703
f 1088/161/755 1165/162/755 1164/163/754 1089/164/754 

f 1165/165/755 1088/166/755 1066/167/731 1065/168/731 

vn -1 1.05837e-14 -1.57563e-14
vn -1 -1.74739e-15 -3.00243e-15
v -0.0716944 1.3771 -0.173235
v -0.0716944 1.37724 -0.172248
v -0.0716944 1.37752 -0.171294
v -0.0716944 1.37795 -0.170396
v -0.0716944 1.37852 -0.169577
v -0.0716944 1.37921 -0.168857
v -0.0716944 1.38 -0.168253
v -0.0716944 1.38088 -0.167781
v -0.0716944 1.38182 -0.167452
v -0.0716944 1.3828 -0.167274
v -0.0716944 1.3838 -0.167251
v -0.0716944 1.38479 -0.167385
v -0.0716944 1.38574 -0.167672
v -0.0716944 1.38664 -0.168104
v -0.0716944 1.38746 -0.168671
v -0.0716944 1.38818 -0.16936
v -0.0716944 1.38878 -0.170153
v -0.0716944 1.3873 -0.176242
v -0.0716944 1.38773 -0.175898
v -0.0716944 1.3881 -0.175491
v -0.0716944 1.3884 -0.175032
v -0.0716944 1.38863 -0.174531
v -0.0716944 1.38877 -0.174001
v -0.0716944 1.38883 -0.173455
v -0.0716944 1.3888 -0.172906
v -0.0716944 1.38869 -0.172369
v -0.0716944 1.3885 -0.171855
v -0.0716944 1.38822 -0.171378
v -0.0716944 1.38788 -0.17095
v -0.0716944 1.38747 -0.170581
v -0.0716944 1.38701 -0.17028
v -0.0716944 1.38651 -0.170055
v -0.0716944 1.38598 -0.169911
v -0.0716944 1.38544 -0.169851
v -0.0716944 1.38489 -0.169878
v -0.0716944 1.38111 -0.170361
v -0.0716944 1.38057 -0.170473
v -0.0716944 1.38006 -0.170668
v -0.0716944 1.37958 -0.170941
v -0.0716944 1.37915 -0.171285
v -0.0716944 1.37878 -0.171692
v -0.0716944 1.37848 -0.172151
v -0.0716944 1.37826 -0.172652
v -0.0716944 1.37811 -0.173182
v -0.0716944 1.37805 -0.173728
v -0.0716944 1.37808 -0.174276
v -0.0716944 1.37819 -0.174814
v -0.0716944 1.37839 -0.175328
v -0.0716944 1.37866 -0.175804
v -0.0716944 1.379 -0.176232
v -0.0716944 1.37941 -0.176601
v -0.0716944 1.37987 -0.176902
v -0.0716944 1.38037 -0.177128
v -0.0716944 1.3809 -0.177272
v -0.0716944 1.38145 -0.177331
v -0.0716944 1.382 -0.177305
v -0.0716944 1.38578 -0.176822
v -0.0716944 1.38631 -0.17671
v -0.0716944 1.38683 -0.176515
f 1154/42/756 1155/41/757 1156/40/757 1157/39/757 1158/38/757 1159/37/757 1160/36/757 1161/35/757 1162/34/757 1163/33/757 1164/32/757 1165/31/757 1065/30/757 1064/29/757 1068/28/757 1166/27/757 1167/26/757 1168/25/757 1169/24/757 1170/23/757 1171/22/757 1172/21/757 1173/20/757 1174/19/757 1175/18/757 1176/17/757 1177/16/757 1178/15/757 1179/14/757 1180/13/757 1181/12/757 1182/11/757 1147/10/757 1146/9/757 1148/48/757 1149/47/757 1150/46/757 1151/45/757 1152/44/757 1153/43/756 1183/169/756 1184/170/757 1185/171/757 1186/172/757 1187/173/757 1188/174/757 1189/175/757 1190/176/757 1191/177/757 1192/178/757 1193/179/757 1194/180/757 1195/181/757 1196/182/757 1197/183/757 1198/184/757 1199/185/757 1200/186/757 1201/187/757 1202/188/757 1203/189/757 1204/190/757 1205/191/757 1206/192/757 1207/193/757 1208/194/757 1209/195/757 1210/196/757 1211/197/757 1212/198/757 1213/199/757 1214/200/757 1215/201/757 1216/202/757 1217/203/757 1218/204/757 1219/205/757 1220/206/757 1221/207/757 1222/208/757 1223/209/757 1224/210/756 

vn -2.56008e-15 0.998428 -0.0560551
f 1087/211/758 1166/212/758 1068/213/733 1067/214/733 

vn -2.61547e-15 0.977366 -0.211553
f 1086/215/759 1167/216/759 1166/217/758 1087/218/758 

vn -2.65793e-15 0.932239 -0.361843
f 1167/219/759 1086/220/759 1085/221/760 1168/222/760 

vn -2.87484e-15 0.864157 -0.503222
f 1084/223/761 1169/224/761 1168/225/760 1085/226/760 

vn -2.81005e-15 0.774797 -0.632211
f 1169/227/761 1084/228/761 1083/229/762 1170/230/762 

vn -2.14928e-15 0.666358 -0.745632
f 1082/231/763 1171/232/763 1170/233/762 1083/234/762 

vn -1.106e-15 0.541512 -0.840693
f 1081/235/764 1172/236/764 1171/237/763 1082/238/763 

vn -1.32888e-16 0.403331 -0.915054
f 1172/239/764 1081/240/764 1080/241/765 1173/242/765 

vn 6.84496e-16 0.25522 -0.966883
f 1079/243/766 1174/244/766 1173/245/765 1080/246/765 

vn 7.39442e-16 0.100824 -0.994904
f 1174/247/766 1079/248/766 1078/249/767 1175/250/767 

vn -6.17742e-16 -0.0560551 -0.998428
f 1077/251/768 1176/252/768 1175/253/767 1078/254/767 

vn 6.30801e-16 -0.211553 -0.977366
f 1076/255/769 1177/256/769 1176/257/768 1077/258/768 

vn 3.33376e-15 -0.361843 -0.932239
f 1177/259/769 1076/260/769 1075/261/770 1178/262/770 

vn 3.95843e-15 -0.503222 -0.864157
f 1074/263/771 1179/264/771 1178/265/770 1075/266/770 

vn 3.90326e-15 -0.632211 -0.774797
f 1179/267/771 1074/268/771 1073/269/772 1180/270/772 

vn 3.54826e-15 -0.745632 -0.666358
f 1072/271/773 1181/272/773 1180/273/772 1073/274/772 

vn 3.3429e-15 -0.840693 -0.541512
f 1071/275/774 1182/276/774 1181/277/773 1072/278/773 

f 1182/279/774 1071/280/774 1070/281/737 1147/282/737 

f 1153/43/756 1154/42/756 1224/210/756 1183/169/756 

v -0.0671986 1.3873 -0.176242
vn -2.97865e-15 -0.563259 0.82628
vn -3.60831e-15 -0.427066 0.904221
v -0.0671986 1.38683 -0.176515
f 1225/283/775 1183/284/775 1224/285/776 1226/286/776 

v -0.0671986 1.38773 -0.175898
vn -2.24725e-15 -0.685583 0.727994
f 1183/287/775 1225/288/775 1227/289/777 1184/290/777 

v -0.0671986 1.38111 -0.170361
vn 1 5.08313e-15 -1.46255e-14
v -0.0671986 1.38489 -0.169878
vn 1 2.07842e-15 1.56157e-15
v -0.0671986 1.38544 -0.169851
v -0.0671986 1.38598 -0.169911
v -0.0671986 1.38651 -0.170055
v -0.0671986 1.38701 -0.17028
v -0.0671986 1.38747 -0.170581
v -0.0671986 1.38788 -0.17095
v -0.0671986 1.38822 -0.171378
v -0.0671986 1.3885 -0.171855
v -0.0671986 1.38869 -0.172369
v -0.0671986 1.3888 -0.172906
v -0.0671986 1.38883 -0.173455
v -0.0671986 1.38877 -0.174001
v -0.0671986 1.38863 -0.174531
v -0.0671986 1.3884 -0.175032
v -0.0671986 1.3881 -0.175491
v -0.0671986 1.38631 -0.17671
v -0.0671986 1.38578 -0.176822
v -0.0671986 1.382 -0.177305
v -0.0671986 1.38145 -0.177331
v -0.0671986 1.3809 -0.177272
v -0.0671986 1.38037 -0.177128
v -0.0671986 1.37987 -0.176902
v -0.0671986 1.37941 -0.176601
v -0.0671986 1.379 -0.176232
v -0.0671986 1.37866 -0.175804
v -0.0671986 1.37839 -0.175328
v -0.0671986 1.37819 -0.174814
v -0.0671986 1.37808 -0.174276
v -0.0671986 1.37805 -0.173728
v -0.0671986 1.37811 -0.173182
v -0.0671986 1.37826 -0.172652
v -0.0671986 1.37848 -0.172151
v -0.0671986 1.37878 -0.171692
v -0.0671986 1.37915 -0.171285
v -0.0671986 1.37958 -0.170941
v -0.0671986 1.38006 -0.170668
v -0.0671986 1.38057 -0.170473
v -0.0671986 1.3806 -0.167915
v -0.0671986 1.37974 -0.16843
v -0.0671986 1.37898 -0.169073
v -0.0671986 1.37833 -0.169826
v -0.0671986 1.3778 -0.170673
v -0.0671986 1.37742 -0.171591
v -0.0671986 1.37718 -0.172558
v -0.0671986 1.37709 -0.173551
v -0.0671986 1.37716 -0.174545
v -0.0671986 1.37739 -0.175515
v -0.0671986 1.37777 -0.176438
v -0.0671986 1.37828 -0.177291
v -0.0671986 1.37892 -0.178053
v -0.0671986 1.37968 -0.178705
v -0.0671986 1.38052 -0.179231
v -0.0671986 1.38144 -0.179618
v -0.0671986 1.38241 -0.179857
v -0.0671986 1.3834 -0.179941
v -0.0671986 1.3844 -0.179869
v -0.0671986 1.38537 -0.179643
v -0.0671986 1.38629 -0.179267
v -0.0671986 1.38714 -0.178752
v -0.0671986 1.3879 -0.17811
v -0.0671986 1.38856 -0.177356
v -0.0671986 1.38908 -0.17651
v -0.0671986 1.38947 -0.175592
v -0.0671986 1.38971 -0.174625
v -0.0671986 1.38979 -0.173632
v -0.0671986 1.38972 -0.172638
v -0.0671986 1.38949 -0.171668
v -0.0671986 1.38912 -0.170745
v -0.0671986 1.3886 -0.169892
v -0.0671986 1.38796 -0.16913
v -0.0671986 1.38721 -0.168478
v -0.0671986 1.38636 -0.167952
v -0.0671986 1.38544 -0.167565
v -0.0671986 1.38448 -0.167326
v -0.0671986 1.38348 -0.167241
v -0.0671986 1.38249 -0.167313
v -0.0671986 1.38152 -0.16754
f 1228/207/778 1229/208/779 1230/209/779 1231/210/779 1232/169/779 1233/170/779 1234/171/779 1235/172/779 1236/173/779 1237/174/779 1238/175/779 1239/291/779 1240/177/779 1241/178/779 1242/179/779 1243/180/779 1244/181/779 1227/182/779 1225/183/779 1226/184/779 1245/185/779 1246/186/779 1247/187/779 1248/188/779 1249/189/779 1250/190/779 1251/191/779 1252/192/779 1253/193/779 1254/194/779 1255/195/779 1256/196/779 1257/292/779 1258/198/779 1259/199/779 1260/200/779 1261/201/779 1262/202/779 1263/203/779 1264/204/779 1265/205/779 1266/206/778 1267/293/778 1268/294/779 1269/295/779 1270/296/779 1271/297/779 1272/298/779 1273/299/779 1274/300/779 1275/301/779 1276/302/779 1277/303/779 1278/304/779 1279/305/779 1280/306/779 1281/307/779 1282/308/779 1283/309/779 1284/310/779 1285/311/779 1286/312/779 1287/313/779 1288/314/779 1289/315/779 1290/316/779 1291/317/779 1292/318/779 1293/319/779 1294/320/779 1295/321/779 1296/322/779 1297/323/779 1298/324/779 1299/325/779 1300/326/779 1301/327/779 1302/328/779 1303/329/779 1304/330/779 1305/331/779 1306/332/778 

vn 1.85782e-15 0.126744 -0.991935
f 1201/333/780 1200/334/780 1229/335/780 1228/336/780 

vn 2.80995e-15 0.0485272 -0.998822
vn 2.76953e-15 -0.029989 -0.99955
f 1229/337/781 1200/338/781 1199/339/782 1230/340/782 

vn 2.90676e-15 -0.185984 -0.982553
f 1198/341/783 1231/342/783 1230/343/782 1199/344/782 

vn 2.55821e-15 -0.337399 -0.941362
f 1198/345/783 1197/346/784 1232/347/784 1231/348/783 

vn 1.93377e-15 -0.480507 -0.876991
f 1232/349/784 1197/350/784 1196/351/785 1233/352/785 

vn 2.69123e-15 -0.611783 -0.791026
f 1195/353/786 1234/354/786 1233/355/785 1196/356/785 

vn 3.50453e-15 -0.727994 -0.685583
f 1234/357/786 1195/358/786 1194/359/787 1235/360/787 

vn 3.3762e-15 -0.82628 -0.563259
f 1193/361/788 1236/362/788 1235/363/787 1194/364/787 

vn 1.91132e-15 -0.904221 -0.427066
f 1193/365/788 1192/366/789 1237/367/789 1236/368/788 

vn 2.83296e-16 -0.959896 -0.280357
f 1237/369/789 1192/370/789 1191/371/790 1238/372/790 

vn 2.5444e-17 -0.978933 -0.20418
f 1190/373/791 1239/374/791 1238/375/790 1191/376/790 

vn 1.93689e-15 -0.998822 -0.0485272
vn 1.59633e-15 -0.99955 0.029989
f 1239/377/792 1190/378/792 1189/379/793 1240/380/793 

vn 8.67952e-16 -0.982553 0.185984
f 1188/381/794 1241/382/794 1240/383/793 1189/384/793 

vn 8.09598e-17 -0.941362 0.337399
f 1241/385/794 1188/386/794 1187/387/795 1242/388/795 

vn -7.26724e-16 -0.876991 0.480507
f 1242/389/795 1187/390/795 1186/391/796 1243/392/796 

vn -1.49832e-15 -0.791026 0.611783
f 1185/393/797 1244/394/797 1243/395/796 1186/396/796 

f 1244/397/797 1185/398/797 1184/399/777 1227/400/777 

vn 5.81466e-16 0.20418 -0.978933
vn 4.75788e-16 0.280357 -0.959896
f 1201/401/798 1228/402/798 1266/403/799 1202/404/799 

f 1228/207/778 1306/332/778 1267/293/778 1266/206/778 

v -0.0664277 1.3806 -0.167915
vn 2.56283e-15 0.448306 -0.89388
vn 1.41204e-15 0.302953 -0.953005
v -0.0664277 1.38152 -0.16754
f 1307/405/800 1267/406/800 1306/407/801 1308/408/801 

v -0.0664277 1.37974 -0.16843
vn -3.91101e-15 0.58262 -0.812744
f 1267/409/800 1307/410/800 1309/411/802 1268/412/802 

v -0.0664277 1.38544 -0.167565
vn 1 1.85209e-15 1.13129e-15
v -0.0664277 1.38636 -0.167952
vn 1 1.57299e-15 1.22395e-15
v -0.0664277 1.38721 -0.168478
v -0.0664277 1.38796 -0.16913
v -0.0664277 1.3886 -0.169892
v -0.0664277 1.38912 -0.170745
v -0.0664277 1.38949 -0.171668
v -0.0664277 1.38972 -0.172638
v -0.0664277 1.38979 -0.173632
v -0.0664277 1.38971 -0.174625
v -0.0664277 1.38947 -0.175592
v -0.0664277 1.38908 -0.17651
v -0.0664277 1.38856 -0.177356
v -0.0664277 1.3879 -0.17811
v -0.0664277 1.38714 -0.178752
v -0.0664277 1.38629 -0.179267
v -0.0664277 1.38537 -0.179643
v -0.0664277 1.3844 -0.179869
v -0.0664277 1.3834 -0.179941
v -0.0664277 1.38241 -0.179857
v -0.0664277 1.38144 -0.179618
v -0.0664277 1.38052 -0.179231
v -0.0664277 1.37968 -0.178705
v -0.0664277 1.37892 -0.178053
v -0.0664277 1.37828 -0.177291
v -0.0664277 1.37777 -0.176438
v -0.0664277 1.37739 -0.175515
v -0.0664277 1.37716 -0.174545
v -0.0664277 1.37709 -0.173551
v -0.0664277 1.37718 -0.172558
v -0.0664277 1.37742 -0.171591
v -0.0664277 1.3778 -0.170673
v -0.0664277 1.37833 -0.169826
v -0.0664277 1.37898 -0.169073
v -0.0664277 1.38249 -0.167313
v -0.0664277 1.38348 -0.167241
v -0.0664277 1.38448 -0.167326
v -0.0664277 1.38744 -0.161538
v -0.0664277 1.38551 -0.161061
v -0.0664277 1.38352 -0.160892
v -0.0664277 1.38154 -0.161035
v -0.0664277 1.37959 -0.161488
v -0.0664277 1.37775 -0.162239
v -0.0664277 1.37604 -0.163269
v -0.0664277 1.37452 -0.164554
v -0.0664277 1.37322 -0.166061
v -0.0664277 1.37216 -0.167754
v -0.0664277 1.37139 -0.16959
v -0.0664277 1.37091 -0.171525
v -0.0664277 1.37074 -0.17351
v -0.0664277 1.37089 -0.175498
v -0.0664277 1.37134 -0.177439
v -0.0664277 1.37209 -0.179285
v -0.0664277 1.37312 -0.180991
v -0.0664277 1.3744 -0.182514
v -0.0664277 1.37591 -0.183818
v -0.0664277 1.3776 -0.18487
v -0.0664277 1.37944 -0.185645
v -0.0664277 1.38138 -0.186122
v -0.0664277 1.38336 -0.186291
v -0.0664277 1.38535 -0.186147
v -0.0664277 1.38729 -0.185695
v -0.0664277 1.38914 -0.184944
v -0.0664277 1.39084 -0.183913
v -0.0664277 1.39236 -0.182629
v -0.0664277 1.39367 -0.181121
v -0.0664277 1.39472 -0.179429
v -0.0664277 1.3955 -0.177593
v -0.0664277 1.39597 -0.175658
v -0.0664277 1.39614 -0.173672
v -0.0664277 1.396 -0.171685
v -0.0664277 1.39555 -0.169744
v -0.0664277 1.39479 -0.167898
v -0.0664277 1.39376 -0.166192
v -0.0664277 1.39248 -0.164668
v -0.0664277 1.39097 -0.163365
v -0.0664277 1.38928 -0.162313
f 1310/328/803 1311/327/804 1312/326/804 1313/325/804 1314/324/804 1315/323/804 1316/322/804 1317/321/804 1318/320/804 1319/319/804 1320/318/804 1321/317/804 1322/316/804 1323/315/804 1324/314/804 1325/313/804 1326/312/804 1327/311/804 1328/310/804 1329/309/804 1330/308/804 1331/307/804 1332/306/804 1333/305/804 1334/304/804 1335/303/804 1336/302/804 1337/301/804 1338/300/804 1339/299/804 1340/298/804 1341/297/804 1342/296/804 1343/295/804 1309/294/804 1307/293/804 1308/332/804 1344/331/804 1345/330/804 1346/329/803 1347/413/803 1348/414/804 1349/415/804 1350/416/804 1351/417/804 1352/418/804 1353/419/804 1354/420/804 1355/421/804 1356/422/804 1357/423/804 1358/424/804 1359/425/804 1360/426/804 1361/427/804 1362/428/804 1363/429/804 1364/430/804 1365/431/804 1366/432/804 1367/433/804 1368/434/804 1369/435/804 1370/436/804 1371/437/804 1372/438/804 1373/439/804 1374/440/804 1375/441/804 1376/442/804 1377/443/804 1378/444/804 1379/445/804 1380/446/804 1381/447/804 1382/448/804 1383/449/804 1384/450/804 1385/451/804 1386/452/803 

vn 4.8286e-15 -0.315068 -0.949069
vn 1.1677e-15 -0.459656 -0.888097
f 1310/453/805 1302/454/805 1301/455/806 1311/456/806 

vn 4.94651e-15 -0.162722 -0.986672
f 1346/457/807 1303/458/807 1302/459/805 1310/460/805 

vn 2.8862e-15 -0.00636937 -0.99998
f 1345/461/808 1304/462/808 1303/463/807 1346/464/807 

vn 5.71935e-16 0.15014 -0.988665
f 1344/465/809 1305/466/809 1304/467/808 1345/468/808 

f 1305/469/809 1344/470/809 1308/471/801 1306/472/801 

f 1310/328/803 1386/452/803 1347/413/803 1346/329/803 

v -0.0671986 1.38954 -0.162454
vn 0.011742 0.450286 0.892807
vn -0.011742 0.347229 0.937707
f 1387/473/810 1347/474/811 1386/475/128

v -0.0671986 1.38773 -0.161636
vn 0.011742 0.305077 0.952255
f 1387/476/810 1388/477/812 1347/478/811

v -0.0671986 1.387 -0.185782
vn 1 7.1396e-15 2.88038e-15
v -0.0671986 1.38505 -0.186189
v -0.0671986 1.39319 -0.185149
v -0.0671986 1.39465 -0.184844
v -0.0671986 1.39605 -0.184314
v -0.0671986 1.39735 -0.183571
v -0.0671986 1.39851 -0.182635
v -0.0671986 1.39952 -0.181528
v -0.0671986 1.40034 -0.180278
v -0.0671986 1.40095 -0.178915
v -0.0671986 1.40134 -0.177472
v -0.0671986 1.4015 -0.175987
v -0.0671986 1.40143 -0.174494
v -0.0671986 1.40063 -0.168195
v -0.0671986 1.40032 -0.166732
v -0.0671986 1.39979 -0.165334
v -0.0671986 1.39905 -0.164037
v -0.0671986 1.39811 -0.162872
v -0.0671986 1.397 -0.161868
v -0.0671986 1.39575 -0.161049
v -0.0671986 1.39439 -0.160436
v -0.0671986 1.39295 -0.160043
v -0.0671986 1.39146 -0.159881
v -0.0671986 1.38997 -0.159954
v -0.0671986 1.38183 -0.160994
v -0.0671986 1.38382 -0.160897
v -0.0671986 1.3858 -0.161113
v -0.0671986 1.39121 -0.163545
v -0.0671986 1.39269 -0.164884
v -0.0671986 1.39394 -0.166438
v -0.0671986 1.39493 -0.168168
v -0.0671986 1.39563 -0.170031
v -0.0671986 1.39604 -0.171982
v -0.0671986 1.39614 -0.173972
v -0.0671986 1.39592 -0.175953
v -0.0671986 1.3954 -0.177876
v -0.0671986 1.39458 -0.179694
v -0.0671986 1.39349 -0.181361
v -0.0671986 1.39215 -0.182837
v -0.0671986 1.3906 -0.184085
v -0.0671986 1.38887 -0.185075
f 1389/479/813 1390/480/813 1391/481/813 1392/482/813 1393/483/813 1394/484/813 1395/485/813 1396/486/813 1397/487/813 1398/488/813 1399/489/813 1400/490/813 1401/491/813 1402/492/813 1403/493/813 1404/494/813 1405/495/813 1406/496/813 1407/497/813 1408/498/813 1409/499/813 1410/500/813 1411/501/813 1412/502/813 1413/503/813 1414/504/813 1415/505/813 1388/506/813 1387/507/813 1416/508/813 1417/509/813 1418/510/813 1419/511/813 1420/512/813 1421/513/813 1422/514/813 1423/515/813 1424/516/813 1425/517/813 1426/518/813 1427/519/813 1428/520/813 1429/521/813 

vn 0.0160742 0.14956 -0.988622
f 1371/522/92 1390/523/814 1389/524/94

vn -0.056391 0.105301 -0.99284
f 1371/525/92 1370/526/815 1390/527/814

v -0.0671986 1.38222 -0.186232
vn -0.0426846 -0.0517785 -0.997746
f 1430/528/816 1390/529/814 1370/530/815

v -0.0671986 1.37988 -0.161401
vn 1 1.63347e-15 1.75169e-15
v -0.0671986 1.17465 -0.187466
vt 0.5 0.607941
v -0.0671986 1.17787 -0.212661
vt -0.5 0.607941
v -0.0671986 1.37944 -0.185645
v -0.0671986 1.37734 -0.184729
v -0.0671986 1.37567 -0.183637
v -0.0671986 1.3742 -0.182298
v -0.0671986 1.37295 -0.180745
v -0.0671986 1.37196 -0.179015
v -0.0671986 1.37125 -0.177152
v -0.0671986 1.37084 -0.175201
vt -2.28465e-14 -7.115
v -0.0671986 1.37075 -0.17321
v -0.0671986 1.37096 -0.171229
v -0.0671986 1.37149 -0.169306
v -0.0671986 1.3723 -0.167489
v -0.0671986 1.3734 -0.165822
v -0.0671986 1.37474 -0.164346
v -0.0671986 1.37629 -0.163098
v -0.0671986 1.37802 -0.162108
f 1431/531/817 1413/503/817 1432/2487/817 1433/2488/817 1390/480/817 1430/534/817 1434/433/817 1435/535/817 1436/536/817 1437/537/817 1438/538/817 1439/539/817 1440/540/817 1441/2489/817 1442/542/817 1443/543/817 1444/544/817 1445/545/817 1446/546/817 1447/547/817 1448/548/817 1449/549/817 

vn 0.011742 -0.160489 0.986968
f 1351/550/86 1413/551/818 1431/552/88

vn -0.011742 -0.116327 0.993142
f 1351/553/86 1350/554/819 1413/555/818

vn 0.011742 -0.00411781 0.999923
f 1414/556/820 1413/557/818 1350/558/819

vn -0.011742 0.0404672 0.999112
f 1414/559/820 1350/560/819 1349/561/821

vn 0.011742 0.152355 0.988256
f 1415/562/822 1414/563/820 1349/564/821

vn -0.011742 0.196265 0.980481
f 1415/565/822 1349/566/821 1348/567/823

f 1388/568/812 1415/569/822 1348/570/823

f 1388/571/812 1348/572/823 1347/573/811

f 1431/574/88 1352/575/647 1351/576/86

f 1431/577/88 1449/578/648 1352/579/647

f 1353/580/649 1352/581/647 1449/582/648

f 1353/583/649 1449/584/648 1448/585/650

f 1448/586/650 1354/587/651 1353/588/649

f 1448/589/650 1447/590/652 1354/591/651

f 1447/592/652 1355/593/653 1354/594/651

f 1447/595/652 1446/596/654 1355/597/653

f 1356/598/655 1355/599/653 1446/600/654

f 1356/601/655 1446/602/654 1445/603/656

f 1445/604/656 1357/605/657 1356/606/655

f 1445/607/656 1444/608/658 1357/609/657

f 1358/610/659 1357/611/657 1444/612/658

f 1358/613/659 1444/614/658 1443/615/660

f 1443/616/660 1359/617/661 1358/618/659

f 1443/619/660 1442/620/662 1359/621/661

f 1442/622/662 1360/623/663 1359/624/661

f 1442/625/662 1441/626/664 1360/627/663

f 1361/628/665 1360/629/663 1441/630/664

f 1361/631/665 1441/632/664 1440/633/666

f 1440/634/666 1362/635/667 1361/636/665

f 1440/637/666 1439/638/668 1362/639/667

f 1363/640/669 1362/641/667 1439/642/668

f 1363/643/669 1439/644/668 1438/645/670

f 1438/646/670 1364/647/671 1363/648/669

f 1438/649/670 1437/650/672 1364/651/671

f 1437/652/672 1365/653/673 1364/654/671

f 1437/655/672 1436/656/674 1365/657/673

f 1366/658/83 1365/659/673 1436/660/674

vn 4.06833e-07 -0.446781 -0.894643
f 1366/661/83 1436/662/674 1435/663/824

vn -0.0117342 -0.343521 -0.939072
f 1435/664/824 1367/665/825 1366/666/83

vn -0.0287741 -0.28314 -0.958647
f 1435/667/824 1434/668/826 1367/669/825

vn -0.0121605 -0.177579 -0.984031
f 1368/670/827 1367/671/825 1434/672/826

f 1368/673/827 1434/674/826 1430/675/816

vn -0.066155 -0.00695808 -0.997785
f 1430/676/816 1369/677/828 1368/678/827

f 1430/679/816 1370/680/815 1369/681/828

v 0.070665 1.38997 -0.159954
vn -2.78893e-15 -0.126744 0.991935
v 0.0661692 1.38997 -0.159954
v 0.0661692 1.38183 -0.160994
v 0.0661692 1.17465 -0.187466
vt -2.62535 0.607941
v 0.0661105 1.17392 -0.18756
vt -2.62304 0.637273
v 0.0659361 1.17319 -0.187652
vt -2.61617 0.665882
v 0.0656501 1.17251 -0.18774
vt -2.60491 0.693064
v 0.0652596 1.17188 -0.187821
vt -2.58954 0.718151
v 0.0647743 1.17131 -0.187893
vt -2.57043 0.740524
v 0.064206 1.17083 -0.187954
vt -2.54806 0.759632
v 0.0635688 1.17044 -0.188004
vt -2.52297 0.775005
v 0.0628784 1.17016 -0.18804
vt -2.49579 0.786264
v 0.0621517 1.16999 -0.188062
vt -2.46718 0.793133
v 0.0614067 1.16993 -0.18807
vt -2.43785 0.795441
v -0.0624361 1.16993 -0.18807
vt 2.43785 0.795441
v -0.0631812 1.16999 -0.188062
vt 2.46718 0.793133
v -0.0639078 1.17016 -0.18804
vt 2.49579 0.786264
v -0.0645983 1.17044 -0.188004
vt 2.52297 0.775005
v -0.0652355 1.17083 -0.187954
vt 2.54806 0.759632
v -0.0658037 1.17131 -0.187893
vt 2.57043 0.740524
v -0.0662891 1.17188 -0.187821
vt 2.58954 0.718151
v -0.0666796 1.17251 -0.18774
vt 2.60491 0.693064
v -0.0669655 1.17319 -0.187652
vt 2.61617 0.665882
v -0.06714 1.17392 -0.18756
vt 2.62304 0.637273
vt 2.62535 0.607941
v -0.0716944 1.38997 -0.159954
v -0.0716944 1.38183 -0.160994
v -0.0716944 1.17492 -0.187432
vt 2.80235 0.597441
v -0.0715772 1.17344 -0.187621
vt 2.79773 0.656104
v -0.0712283 1.172 -0.187805
vt 2.784 0.713322
v -0.0706563 1.17063 -0.18798
vt 2.76148 0.767688
v -0.0698753 1.16937 -0.188142
vt 2.73073 0.817861
v -0.0689046 1.16824 -0.188286
vt 2.69252 0.862606
v -0.0677681 1.16727 -0.188409
vt 2.64777 0.900822
v -0.0664937 1.1665 -0.188508
vt 2.5976 0.931569
v -0.0651128 1.16593 -0.18858
vt 2.54323 0.954087
v -0.0636595 1.16559 -0.188624
vt 2.48601 0.967824
v -0.0621694 1.16547 -0.188639
vt 2.42735 0.972441
v 0.06114 1.16547 -0.188639
vt -2.42735 0.972441
v 0.06263 1.16559 -0.188624
vt -2.48601 0.967824
v 0.0640834 1.16593 -0.18858
vt -2.54323 0.954087
v 0.0654642 1.1665 -0.188508
vt -2.5976 0.931569
v 0.0667386 1.16727 -0.188409
vt -2.64777 0.900822
v 0.0678752 1.16824 -0.188286
vt -2.69252 0.862606
v 0.0688459 1.16937 -0.188142
vt -2.73073 0.817861
v 0.0696268 1.17063 -0.18798
vt -2.76148 0.767688
v 0.0701988 1.172 -0.187805
vt -2.784 0.713322
v 0.0705477 1.17344 -0.187621
vt -2.79773 0.656104
v 0.070665 1.17492 -0.187432
vt -2.80235 0.597441
v 0.070665 1.38183 -0.160994
f 1450/682/829 1451/683/829 1452/684/829 1453/2490/829 1454/2491/829 1455/2492/829 1456/2493/829 1457/2494/829 1458/2495/829 1459/2496/829 1460/2497/829 1461/2498/829 1462/2499/829 1463/2500/829 1464/2501/829 1465/2502/829 1466/2503/829 1467/2504/829 1468/2505/829 1469/2506/829 1470/2507/829 1471/2508/829 1472/2509/829 1473/2510/829 1432/2511/829 1413/707/829 1412/708/829 1474/709/829 1475/710/829 1476/2512/829 1477/2513/829 1478/2514/829 1479/2515/829 1480/2516/829 1481/2517/829 1482/2518/829 1483/2519/829 1484/2520/829 1485/2521/829 1486/2522/829 1487/2523/829 1488/2524/829 1489/2525/829 1490/2526/829 1491/2527/829 1492/2528/829 1493/2529/829 1494/2530/829 1495/2531/829 1496/2532/829 1497/2533/829 1498/733/829 

v 0.0661692 1.39146 -0.159881
vn -4.0485e-15 0.029989 0.99955
vn -4.21756e-15 -0.0485272 0.998822
v 0.070665 1.39146 -0.159881
f 1499/734/830 1451/735/831 1450/736/831 1500/737/830 

v 0.0661692 1.38382 -0.160897
vn -1 -2.95159e-15 -2.606e-15
v 0.0661692 1.39295 -0.160043
v 0.0661692 1.39439 -0.160436
v 0.0661692 1.39575 -0.161049
v 0.0661692 1.397 -0.161868
v 0.0661692 1.39811 -0.162872
v 0.0661692 1.39905 -0.164037
v 0.0661692 1.39979 -0.165334
v 0.0661692 1.40032 -0.166732
v 0.0661692 1.40063 -0.168195
v 0.0661692 1.40143 -0.174494
v 0.0661692 1.4015 -0.175987
v 0.0661692 1.40134 -0.177472
v 0.0661692 1.40095 -0.178915
v 0.0661692 1.40034 -0.180278
v 0.0661692 1.39952 -0.181528
v 0.0661692 1.39851 -0.182635
v 0.0661692 1.39735 -0.183571
v 0.0661692 1.39605 -0.184314
v 0.0661692 1.39465 -0.184844
v 0.0661692 1.39319 -0.185149
v 0.0661692 1.38505 -0.186189
v 0.0661692 1.387 -0.185782
v 0.0661692 1.38887 -0.185075
v 0.0661692 1.3906 -0.184085
v 0.0661692 1.39215 -0.182837
v 0.0661692 1.39349 -0.181361
v 0.0661692 1.39458 -0.179694
v 0.0661692 1.3954 -0.177876
v 0.0661692 1.39592 -0.175953
v 0.0661692 1.39614 -0.173972
v 0.0661692 1.39604 -0.171982
v 0.0661692 1.39563 -0.170031
v 0.0661692 1.39493 -0.168168
v 0.0661692 1.39394 -0.166438
v 0.0661692 1.39269 -0.164884
v 0.0661692 1.39121 -0.163545
v 0.0661692 1.38954 -0.162454
v 0.0661692 1.38773 -0.161636
v 0.0661692 1.3858 -0.161113
f 1501/479/832 1452/480/832 1451/481/832 1499/482/832 1502/483/832 1503/484/832 1504/485/832 1505/486/832 1506/487/832 1507/488/832 1508/489/832 1509/490/832 1510/491/832 1511/492/832 1512/493/832 1513/494/832 1514/495/832 1515/496/832 1516/497/832 1517/498/832 1518/499/832 1519/500/832 1520/501/832 1521/502/832 1522/503/832 1523/504/832 1524/505/832 1525/506/832 1526/507/832 1527/508/832 1528/509/832 1529/510/832 1530/511/832 1531/512/832 1532/738/832 1533/514/832 1534/515/832 1535/516/832 1536/517/832 1537/518/832 1538/519/832 1539/520/832 1540/521/832 

vn -0.0100148 -0.126703 0.99189
vn 1.27971e-15 0.0473936 0.998876
v 0.0653983 1.38227 -0.160945
vn 2.03179e-15 -0.109378 0.994
f 1452/739/833 1501/740/834 1541/741/835

v 0.0653983 1.38427 -0.160918
vn 0.0100148 0.0648159 0.997847
f 1542/742/836 1541/743/835 1501/744/834

v 0.0653983 1.38484 -0.167397
vn -1 -2.13119e-15 -1.03864e-15
v 0.0653983 1.38385 -0.167255
v 0.0653983 1.38286 -0.167268
v 0.0653983 1.38188 -0.167438
v 0.0653983 1.38093 -0.167758
v 0.0653983 1.38005 -0.168223
v 0.0653983 1.37925 -0.168819
v 0.0653983 1.37856 -0.169534
v 0.0653983 1.37798 -0.170348
v 0.0653983 1.37754 -0.171242
v 0.0653983 1.37725 -0.172193
v 0.0653983 1.37711 -0.17318
v 0.0653983 1.37712 -0.174176
v 0.0653983 1.37729 -0.175158
v 0.0653983 1.37761 -0.176101
v 0.0653983 1.37807 -0.176983
v 0.0653983 1.37867 -0.177781
v 0.0653983 1.37938 -0.178476
v 0.0653983 1.3802 -0.17905
v 0.0653983 1.38109 -0.179491
v 0.0653983 1.38204 -0.179786
v 0.0653983 1.38303 -0.179928
v 0.0653983 1.38403 -0.179914
v 0.0653983 1.38501 -0.179745
v 0.0653983 1.38595 -0.179424
v 0.0653983 1.38683 -0.17896
v 0.0653983 1.38763 -0.178363
v 0.0653983 1.38833 -0.177649
v 0.0653983 1.3889 -0.176835
v 0.0653983 1.38934 -0.175941
v 0.0653983 1.38964 -0.174989
v 0.0653983 1.38978 -0.174003
v 0.0653983 1.38977 -0.173007
v 0.0653983 1.3896 -0.172025
v 0.0653983 1.38928 -0.171082
v 0.0653983 1.38881 -0.1702
v 0.0653983 1.38821 -0.169402
v 0.0653983 1.3875 -0.168707
v 0.0653983 1.38669 -0.168132
v 0.0653983 1.38579 -0.167692
v 0.0653983 1.38624 -0.161203
v 0.0653983 1.38814 -0.161793
v 0.0653983 1.38993 -0.162673
v 0.0653983 1.39156 -0.163823
v 0.0653983 1.39299 -0.165212
v 0.0653983 1.39418 -0.166809
v 0.0653983 1.39511 -0.168572
v 0.0653983 1.39575 -0.170458
v 0.0653983 1.39609 -0.172422
v 0.0653983 1.39612 -0.174415
v 0.0653983 1.39583 -0.176387
v 0.0653983 1.39524 -0.178291
v 0.0653983 1.39436 -0.180079
v 0.0653983 1.39321 -0.181707
v 0.0653983 1.39182 -0.183135
v 0.0653983 1.39022 -0.184328
v 0.0653983 1.38846 -0.185257
v 0.0653983 1.38657 -0.185899
v 0.0653983 1.38461 -0.186237
v 0.0653983 1.38262 -0.186265
v 0.0653983 1.38065 -0.18598
v 0.0653983 1.37874 -0.18539
v 0.0653983 1.37695 -0.184509
v 0.0653983 1.37533 -0.18336
v 0.0653983 1.3739 -0.18197
v 0.0653983 1.37271 -0.180374
v 0.0653983 1.37178 -0.178611
v 0.0653983 1.37113 -0.176724
v 0.0653983 1.3708 -0.17476
v 0.0653983 1.37077 -0.172768
v 0.0653983 1.37105 -0.170795
v 0.0653983 1.37164 -0.168892
v 0.0653983 1.37252 -0.167104
v 0.0653983 1.37367 -0.165476
v 0.0653983 1.37506 -0.164048
v 0.0653983 1.37666 -0.162854
v 0.0653983 1.37842 -0.161925
v 0.0653983 1.38031 -0.161284
f 1543/745/837 1544/746/837 1545/747/837 1546/748/837 1547/749/837 1548/750/837 1549/751/837 1550/752/837 1551/753/837 1552/754/837 1553/755/837 1554/756/837 1555/757/837 1556/758/837 1557/759/837 1558/760/837 1559/761/837 1560/762/837 1561/763/837 1562/764/837 1563/765/837 1564/766/837 1565/767/837 1566/768/837 1567/769/837 1568/770/837 1569/771/837 1570/772/837 1571/773/837 1572/774/837 1573/775/837 1574/776/837 1575/777/837 1576/778/837 1577/779/837 1578/780/837 1579/781/837 1580/782/837 1581/783/837 1582/784/837 1583/785/837 1584/786/837 1585/787/837 1586/788/837 1587/789/837 1588/790/837 1589/791/837 1590/792/837 1591/793/837 1592/794/837 1593/795/837 1594/796/837 1595/797/837 1596/798/837 1597/799/837 1598/800/837 1599/801/837 1600/802/837 1601/803/837 1602/804/837 1603/805/837 1604/806/837 1605/807/837 1606/808/837 1607/809/837 1608/810/837 1609/811/837 1610/812/837 1611/813/837 1612/814/837 1613/815/837 1614/816/837 1615/817/837 1616/818/837 1617/819/837 1618/820/837 1619/821/837 1620/822/837 1541/823/837 1542/824/837 

vn 1.03995e-15 -0.220161 -0.975463
v 0.0661692 1.38484 -0.167397
v 0.0661692 1.38385 -0.167255
vn 9.47127e-16 -0.0648546 -0.997895
f 1543/825/838 1621/826/838 1622/827/839 1544/828/839 

vn 1.34178e-15 -0.370047 -0.929013
v 0.0661692 1.38579 -0.167692
f 1582/829/840 1623/830/840 1621/831/838 1543/832/838 

vn 6.41261e-15 -0.510821 -0.859687
v 0.0661692 1.38669 -0.168132
f 1581/833/841 1624/834/841 1623/835/840 1582/836/840 

vn 1.2382e-14 -0.639016 -0.769193
v 0.0661692 1.3875 -0.168707
f 1580/837/842 1625/838/842 1624/839/841 1581/840/841 

vn 7.70563e-15 -0.751477 -0.659759
v 0.0661692 1.38821 -0.169402
f 1625/841/842 1580/842/842 1579/843/843 1626/844/843 

vn 2.05804e-15 -0.845434 -0.534079
v 0.0661692 1.38881 -0.1702
f 1578/845/844 1627/846/844 1626/847/843 1579/848/843 

vn 2.26768e-15 -0.918574 -0.395249
v 0.0661692 1.38928 -0.171082
f 1627/849/844 1578/850/844 1577/851/845 1628/852/845 

vn 2.40045e-15 -0.969095 -0.246686
v 0.0661692 1.3896 -0.172025
f 1576/853/846 1629/854/846 1628/855/845 1577/856/845 

vn 2.01917e-15 -0.995754 -0.092049
v 0.0661692 1.38977 -0.173007
f 1575/857/847 1630/858/847 1629/859/846 1576/860/846 

vn 1.20593e-15 -0.997895 0.0648546
v 0.0661692 1.38978 -0.174003
f 1630/861/847 1575/862/847 1574/863/848 1631/864/848 

vn 3.57227e-16 -0.975463 0.220161
v 0.0661692 1.38964 -0.174989
f 1573/865/849 1632/866/849 1631/867/848 1574/868/848 

vn -3.56886e-16 -0.929013 0.370047
v 0.0661692 1.38934 -0.175941
f 1632/869/849 1573/870/849 1572/871/850 1633/872/850 

vn 4.41411e-15 -0.859687 0.510821
v 0.0661692 1.3889 -0.176835
f 1571/873/851 1634/874/851 1633/875/850 1572/876/850 

vn 8.63888e-15 -0.769193 0.639016
v 0.0661692 1.38833 -0.177649
f 1570/877/852 1635/878/852 1634/879/851 1571/880/851 

vn 3.32105e-15 -0.659759 0.751477
v 0.0661692 1.38763 -0.178363
f 1635/881/852 1570/882/852 1569/883/853 1636/884/853 

vn -1.3933e-15 -0.534079 0.845434
v 0.0661692 1.38683 -0.17896
f 1568/885/854 1637/886/854 1636/887/853 1569/888/853 

vn -1.64486e-15 -0.395249 0.918574
v 0.0661692 1.38595 -0.179424
f 1637/889/854 1568/890/854 1567/891/855 1638/892/855 

vn -1.61488e-15 -0.246686 0.969095
v 0.0661692 1.38501 -0.179745
f 1566/893/856 1639/894/856 1638/895/855 1567/896/855 

vn -2.12469e-15 -0.092049 0.995754
v 0.0661692 1.38403 -0.179914
f 1565/897/857 1640/898/857 1639/899/856 1566/900/856 

vn -3.52653e-15 0.0648546 0.997895
v 0.0661692 1.38303 -0.179928
f 1640/901/857 1565/902/857 1564/903/858 1641/904/858 

vn -4.36965e-15 0.142949 0.98973
v 0.0661692 1.38204 -0.179786
f 1563/905/859 1642/906/859 1641/907/858 1564/908/858 

vn -2.02459e-15 0.296017 0.955183
vn -2.9149e-15 0.370047 0.929013
v 0.0661692 1.38109 -0.179491
f 1642/909/860 1563/910/860 1562/911/861 1643/912/861 

vn -4.13836e-15 0.510821 0.859687
v 0.0661692 1.3802 -0.17905
f 1561/913/862 1644/914/862 1643/915/861 1562/916/861 

vn -4.49687e-15 0.639016 0.769193
v 0.0661692 1.37938 -0.178476
f 1560/917/863 1645/918/863 1644/919/862 1561/920/862 

vn -4.45794e-15 0.751477 0.659759
v 0.0661692 1.37867 -0.177781
f 1645/921/863 1560/922/863 1559/923/864 1646/924/864 

vn -4.19471e-15 0.845434 0.534079
v 0.0661692 1.37807 -0.176983
f 1558/925/865 1647/926/865 1646/927/864 1559/928/864 

vn -3.6511e-15 0.918574 0.395249
v 0.0661692 1.37761 -0.176101
f 1647/929/865 1558/930/865 1557/931/866 1648/932/866 

vn -2.87802e-15 0.969095 0.246686
v 0.0661692 1.37729 -0.175158
f 1556/933/867 1649/934/867 1648/935/866 1557/936/866 

vn -2.20736e-15 0.995754 0.092049
v 0.0661692 1.37712 -0.174176
f 1555/937/868 1650/938/868 1649/939/867 1556/940/867 

vn -1.82715e-15 0.997895 -0.0648546
v 0.0661692 1.37711 -0.17318
f 1650/941/868 1555/942/868 1554/943/869 1651/944/869 

vn -1.41449e-15 0.975463 -0.220161
v 0.0661692 1.37725 -0.172193
f 1553/945/870 1652/946/870 1651/947/869 1554/948/869 

vn -9.75978e-16 0.929013 -0.370047
v 0.0661692 1.37754 -0.171242
f 1652/949/870 1553/950/870 1552/951/871 1653/952/871 

vn -6.66699e-16 0.859687 -0.510821
v 0.0661692 1.37798 -0.170348
f 1551/953/872 1654/954/872 1653/955/871 1552/956/871 

vn -3.20017e-16 0.769193 -0.639016
v 0.0661692 1.37856 -0.169534
f 1550/957/873 1655/958/873 1654/959/872 1551/960/872 

vn -7.35519e-17 0.659759 -0.751477
v 0.0661692 1.37925 -0.168819
f 1655/961/873 1550/962/873 1549/963/874 1656/964/874 

vn -5.46104e-17 0.534079 -0.845434
v 0.0661692 1.38005 -0.168223
f 1548/965/875 1657/966/875 1656/967/874 1549/968/874 

vn 1.11713e-16 0.395249 -0.918574
v 0.0661692 1.38093 -0.167758
f 1657/969/875 1548/970/875 1547/971/876 1658/972/876 

vn 4.80803e-16 0.246686 -0.969095
v 0.0661692 1.38188 -0.167438
f 1546/973/877 1659/974/877 1658/975/876 1547/976/876 

vn 8.38053e-16 0.092049 -0.995754
v 0.0661692 1.38286 -0.167268
f 1545/977/878 1660/978/878 1659/979/877 1546/980/877 

f 1660/981/878 1545/982/878 1544/983/839 1622/984/839 

v 0.0661692 1.382 -0.177305
vn -1 -2.10481e-15 -1.3001e-15
v 0.0661692 1.38578 -0.176822
vn -1 -2.07842e-15 -1.56157e-15
v 0.0661692 1.38631 -0.17671
v 0.0661692 1.38683 -0.176515
v 0.0661692 1.3873 -0.176242
v 0.0661692 1.38773 -0.175898
v 0.0661692 1.3881 -0.175491
v 0.0661692 1.3884 -0.175032
v 0.0661692 1.38863 -0.174531
v 0.0661692 1.38877 -0.174001
v 0.0661692 1.38883 -0.173455
v 0.0661692 1.3888 -0.172906
v 0.0661692 1.38869 -0.172369
v 0.0661692 1.3885 -0.171855
v 0.0661692 1.38822 -0.171378
v 0.0661692 1.38788 -0.17095
v 0.0661692 1.38747 -0.170581
v 0.0661692 1.38701 -0.17028
v 0.0661692 1.38651 -0.170055
v 0.0661692 1.38598 -0.169911
v 0.0661692 1.38544 -0.169851
v 0.0661692 1.38489 -0.169878
v 0.0661692 1.38111 -0.170361
v 0.0661692 1.38057 -0.170473
v 0.0661692 1.38006 -0.170668
v 0.0661692 1.37958 -0.170941
v 0.0661692 1.37915 -0.171285
v 0.0661692 1.37878 -0.171692
v 0.0661692 1.37848 -0.172151
v 0.0661692 1.37826 -0.172652
v 0.0661692 1.37811 -0.173182
v 0.0661692 1.37805 -0.173728
v 0.0661692 1.37808 -0.174276
v 0.0661692 1.37819 -0.174814
v 0.0661692 1.37839 -0.175328
v 0.0661692 1.37866 -0.175804
v 0.0661692 1.379 -0.176232
v 0.0661692 1.37941 -0.176601
v 0.0661692 1.37987 -0.176902
v 0.0661692 1.38037 -0.177128
v 0.0661692 1.3809 -0.177272
v 0.0661692 1.38145 -0.177331
f 1661/207/879 1662/208/880 1663/209/880 1664/210/880 1665/169/880 1666/170/880 1667/171/880 1668/172/880 1669/173/880 1670/174/880 1671/175/880 1672/985/880 1673/177/880 1674/178/880 1675/179/880 1676/180/880 1677/181/880 1678/182/880 1679/183/880 1680/184/880 1681/185/880 1682/186/880 1683/187/880 1684/188/880 1685/189/880 1686/190/880 1687/191/880 1688/192/880 1689/193/880 1690/194/880 1691/195/880 1692/196/880 1693/986/880 1694/198/880 1695/199/880 1696/200/880 1697/201/880 1698/202/880 1699/203/880 1700/204/880 1701/205/880 1702/206/879 1642/765/879 1643/764/880 1644/763/880 1645/762/880 1646/761/880 1647/760/880 1648/759/880 1649/758/880 1650/757/880 1651/756/880 1652/755/880 1653/754/880 1654/753/880 1655/752/880 1656/751/880 1657/750/880 1658/749/880 1659/748/880 1660/747/880 1622/746/880 1621/745/880 1623/784/880 1624/783/880 1625/782/880 1626/781/880 1627/780/880 1628/779/880 1629/778/880 1630/777/880 1631/776/880 1632/775/880 1633/774/880 1634/773/880 1635/772/880 1636/771/880 1637/770/880 1638/769/880 1639/768/880 1640/767/880 1641/766/879 

v 0.070665 1.382 -0.177305
vn -1.93623e-15 -0.126744 0.991935
v 0.070665 1.38578 -0.176822
f 1703/333/881 1704/334/881 1662/335/881 1661/336/881 

v 0.070665 1.38644 -0.167992
vn 1 -5.44568e-15 -1.16543e-14
v 0.070665 1.38553 -0.167593
vn 1 1.86665e-15 3.03009e-15
v 0.070665 1.38456 -0.167341
v 0.070665 1.38357 -0.167243
v 0.070665 1.38257 -0.167301
v 0.070665 1.3816 -0.167514
v 0.070665 1.38067 -0.167877
v 0.070665 1.37981 -0.16838
v 0.070665 1.37904 -0.169012
v 0.070665 1.37838 -0.169757
v 0.070665 1.37784 -0.170595
v 0.070665 1.37744 -0.171508
v 0.070665 1.37719 -0.172472
v 0.070665 1.37709 -0.173464
v 0.070665 1.37715 -0.174459
v 0.070665 1.37736 -0.175432
v 0.070665 1.37773 -0.17636
v 0.070665 1.37823 -0.17722
v 0.070665 1.37886 -0.17799
v 0.070665 1.37961 -0.178653
v 0.070665 1.38045 -0.17919
v 0.070665 1.38136 -0.17959
v 0.070665 1.38232 -0.179842
v 0.070665 1.38331 -0.17994
v 0.070665 1.38431 -0.179882
v 0.070665 1.38528 -0.179669
v 0.070665 1.38621 -0.179306
v 0.070665 1.38707 -0.178802
v 0.070665 1.38784 -0.178171
v 0.070665 1.3885 -0.177426
v 0.070665 1.38904 -0.176587
v 0.070665 1.38944 -0.175674
v 0.070665 1.38969 -0.17471
v 0.070665 1.38979 -0.173719
v 0.070665 1.38973 -0.172724
v 0.070665 1.38952 -0.171751
v 0.070665 1.38916 -0.170823
v 0.070665 1.38865 -0.169963
v 0.070665 1.38802 -0.169192
v 0.070665 1.38728 -0.16853
v 0.070665 1.38651 -0.170055
v 0.070665 1.38701 -0.17028
v 0.070665 1.38747 -0.170581
v 0.070665 1.38788 -0.17095
v 0.070665 1.38822 -0.171378
v 0.070665 1.3885 -0.171855
v 0.070665 1.38869 -0.172369
v 0.070665 1.3888 -0.172906
v 0.070665 1.38883 -0.173455
v 0.070665 1.38877 -0.174001
v 0.070665 1.38863 -0.174531
v 0.070665 1.3884 -0.175032
v 0.070665 1.3881 -0.175491
v 0.070665 1.38773 -0.175898
v 0.070665 1.3873 -0.176242
v 0.070665 1.38683 -0.176515
v 0.070665 1.38631 -0.17671
v 0.070665 1.38145 -0.177331
v 0.070665 1.3809 -0.177272
v 0.070665 1.38037 -0.177128
v 0.070665 1.37987 -0.176902
v 0.070665 1.37941 -0.176601
v 0.070665 1.379 -0.176232
v 0.070665 1.37866 -0.175804
v 0.070665 1.37839 -0.175328
v 0.070665 1.37819 -0.174814
v 0.070665 1.37808 -0.174276
v 0.070665 1.37805 -0.173728
v 0.070665 1.37811 -0.173182
v 0.070665 1.37826 -0.172652
v 0.070665 1.37848 -0.172151
v 0.070665 1.37878 -0.171692
v 0.070665 1.37915 -0.171285
v 0.070665 1.37958 -0.170941
v 0.070665 1.38006 -0.170668
v 0.070665 1.38057 -0.170473
v 0.070665 1.38111 -0.170361
v 0.070665 1.38489 -0.169878
v 0.070665 1.38544 -0.169851
v 0.070665 1.38598 -0.169911
f 1705/987/882 1706/988/883 1707/989/883 1708/990/883 1709/991/883 1710/992/883 1711/993/883 1712/994/883 1713/995/883 1714/996/883 1715/997/883 1716/998/883 1717/999/883 1718/1000/883 1719/1001/883 1720/1002/883 1721/1003/883 1722/1004/883 1723/1005/883 1724/1006/883 1725/1007/883 1726/1008/883 1727/1009/883 1728/1010/883 1729/1011/883 1730/1012/883 1731/1013/883 1732/1014/883 1733/1015/883 1734/1016/883 1735/1017/883 1736/1018/883 1737/1019/883 1738/1020/883 1739/1021/883 1740/1022/883 1741/1023/883 1742/1024/883 1743/1025/883 1744/1026/882 1745/169/882 1746/170/883 1747/171/883 1748/172/883 1749/173/883 1750/174/883 1751/175/883 1752/1027/883 1753/177/883 1754/178/883 1755/179/883 1756/180/883 1757/181/883 1758/182/883 1759/183/883 1760/184/883 1761/185/883 1704/186/883 1703/187/883 1762/188/883 1763/189/883 1764/190/883 1765/191/883 1766/192/883 1767/193/883 1768/194/883 1769/195/883 1770/196/883 1771/1028/883 1772/198/883 1773/199/883 1774/200/883 1775/201/883 1776/202/883 1777/203/883 1778/204/883 1779/205/883 1780/206/883 1781/207/883 1782/208/883 1783/209/883 1784/210/882 

v 0.0714308 1.38553 -0.167593
vn 2.30279e-15 -0.328047 -0.944662
vn 2.11367e-15 -0.471785 -0.881713
v 0.0714308 1.38644 -0.167992
f 1785/1029/884 1706/1030/884 1705/1031/885 1786/1032/885 

v 0.0714308 1.38456 -0.167341
vn 2.05396e-15 -0.17623 -0.984349
f 1706/1033/884 1785/1034/884 1787/1035/886 1707/1036/886 

v 0.0714308 1.39614 -0.173846
vn 1 2.09103e-15 1.32996e-15
v 0.0714308 1.39602 -0.171857
vn 1 2.05087e-15 1.62128e-15
v 0.0714308 1.3956 -0.16991
v 0.0714308 1.39487 -0.168054
v 0.0714308 1.39386 -0.166334
v 0.0714308 1.3926 -0.164793
v 0.0714308 1.39111 -0.163469
v 0.0714308 1.38943 -0.162394
v 0.0714308 1.38761 -0.161594
v 0.0714308 1.38568 -0.16109
v 0.0714308 1.3837 -0.160894
v 0.0714308 1.38171 -0.16101
v 0.0714308 1.37976 -0.161437
v 0.0714308 1.3779 -0.162162
v 0.0714308 1.37618 -0.163169
v 0.0714308 1.37464 -0.164433
v 0.0714308 1.37332 -0.165922
v 0.0714308 1.37224 -0.1676
v 0.0714308 1.37144 -0.169425
v 0.0714308 1.37094 -0.171353
v 0.0714308 1.37074 -0.173336
v 0.0714308 1.37086 -0.175326
v 0.0714308 1.37129 -0.177273
v 0.0714308 1.37201 -0.179129
v 0.0714308 1.37302 -0.180848
v 0.0714308 1.37428 -0.18239
v 0.0714308 1.37577 -0.183714
v 0.0714308 1.37745 -0.184789
v 0.0714308 1.37928 -0.185589
v 0.0714308 1.3812 -0.186093
v 0.0714308 1.38319 -0.186289
v 0.0714308 1.38518 -0.186172
v 0.0714308 1.38712 -0.185746
v 0.0714308 1.38898 -0.185021
v 0.0714308 1.3907 -0.184014
v 0.0714308 1.39224 -0.18275
v 0.0714308 1.39356 -0.181261
v 0.0714308 1.39464 -0.179583
v 0.0714308 1.39544 -0.177758
v 0.0714308 1.39594 -0.175829
v 0.0714308 1.38944 -0.175674
v 0.0714308 1.38904 -0.176587
v 0.0714308 1.3885 -0.177426
v 0.0714308 1.38784 -0.178171
v 0.0714308 1.38707 -0.178802
v 0.0714308 1.38621 -0.179306
v 0.0714308 1.38528 -0.179669
v 0.0714308 1.38431 -0.179882
v 0.0714308 1.38331 -0.17994
v 0.0714308 1.38232 -0.179842
v 0.0714308 1.38136 -0.17959
v 0.0714308 1.38045 -0.17919
v 0.0714308 1.37961 -0.178653
v 0.0714308 1.37886 -0.17799
v 0.0714308 1.37823 -0.17722
v 0.0714308 1.37773 -0.17636
v 0.0714308 1.37736 -0.175432
v 0.0714308 1.37715 -0.174459
v 0.0714308 1.37709 -0.173464
v 0.0714308 1.37719 -0.172472
v 0.0714308 1.37744 -0.171508
v 0.0714308 1.37784 -0.170595
v 0.0714308 1.37838 -0.169757
v 0.0714308 1.37904 -0.169012
v 0.0714308 1.37981 -0.16838
v 0.0714308 1.38067 -0.167877
v 0.0714308 1.3816 -0.167514
v 0.0714308 1.38257 -0.167301
v 0.0714308 1.38357 -0.167243
v 0.0714308 1.38728 -0.16853
v 0.0714308 1.38802 -0.169192
v 0.0714308 1.38865 -0.169963
v 0.0714308 1.38916 -0.170823
v 0.0714308 1.38952 -0.171751
v 0.0714308 1.38973 -0.172724
v 0.0714308 1.38979 -0.173719
v 0.0714308 1.38969 -0.17471
f 1788/1037/887 1789/1038/888 1790/1039/888 1791/1040/888 1792/1041/888 1793/1042/888 1794/1043/888 1795/1044/888 1796/1045/888 1797/1046/888 1798/1047/888 1799/1048/888 1800/1049/888 1801/1050/888 1802/1051/888 1803/1052/888 1804/1053/888 1805/1054/888 1806/1055/888 1807/1056/888 1808/1057/888 1809/1058/888 1810/1059/888 1811/1060/888 1812/1061/888 1813/1062/888 1814/1063/888 1815/1064/888 1816/1065/888 1817/1066/888 1818/1067/888 1819/1068/888 1820/1069/888 1821/1070/888 1822/1071/888 1823/1072/888 1824/1073/888 1825/1074/888 1826/1075/888 1827/1076/887 1828/1018/887 1829/1017/888 1830/1016/888 1831/1015/888 1832/1014/888 1833/1013/888 1834/1012/888 1835/1011/888 1836/1010/888 1837/1009/888 1838/1008/888 1839/1007/888 1840/1006/888 1841/1005/888 1842/1004/888 1843/1003/888 1844/1002/888 1845/1001/888 1846/1000/888 1847/999/888 1848/998/888 1849/997/888 1850/996/888 1851/995/888 1852/994/888 1853/993/888 1854/992/888 1855/991/888 1856/990/888 1787/989/888 1785/988/888 1786/987/888 1857/1026/888 1858/1025/888 1859/1024/888 1860/1023/888 1861/1022/888 1862/1021/888 1863/1020/888 1864/1019/887 

v 0.070665 1.39614 -0.173972
vn 0.00458592 0.999989 -0.000455445
vn -0.00458592 0.994221 0.107258
vn -0.00458592 0.998759 -0.0495929
f 1865/1077/889 1789/1078/890 1788/1079/891

v 0.070665 1.39604 -0.171982
vn 0.00458592 0.987749 0.155983
f 1865/1080/889 1866/1081/892 1789/1082/890

vn 1 5.34909e-15 3.37508e-15
v 0.070665 1.38382 -0.160897
v 0.070665 1.3858 -0.161113
v 0.070665 1.38773 -0.161636
v 0.070665 1.38954 -0.162454
v 0.070665 1.39121 -0.163545
v 0.070665 1.39269 -0.164884
v 0.070665 1.39394 -0.166438
v 0.070665 1.39493 -0.168168
v 0.070665 1.39563 -0.170031
v 0.070665 1.39592 -0.175953
v 0.070665 1.3954 -0.177876
v 0.070665 1.39458 -0.179694
v 0.070665 1.39349 -0.181361
v 0.070665 1.39215 -0.182837
v 0.070665 1.3906 -0.184085
v 0.070665 1.38887 -0.185075
v 0.070665 1.387 -0.185782
v 0.070665 1.38505 -0.186189
v 0.070665 1.39319 -0.185149
v 0.070665 1.39465 -0.184844
v 0.070665 1.39605 -0.184314
v 0.070665 1.39735 -0.183571
v 0.070665 1.39851 -0.182635
v 0.070665 1.39952 -0.181528
v 0.070665 1.40034 -0.180278
v 0.070665 1.40095 -0.178915
v 0.070665 1.40134 -0.177472
v 0.070665 1.4015 -0.175987
v 0.070665 1.40143 -0.174494
v 0.070665 1.40063 -0.168195
v 0.070665 1.40032 -0.166732
v 0.070665 1.39979 -0.165334
v 0.070665 1.39905 -0.164037
v 0.070665 1.39811 -0.162872
v 0.070665 1.397 -0.161868
v 0.070665 1.39575 -0.161049
v 0.070665 1.39439 -0.160436
v 0.070665 1.39295 -0.160043
f 1450/502/893 1498/503/893 1867/504/893 1868/505/893 1869/506/893 1870/507/893 1871/508/893 1872/509/893 1873/510/893 1874/511/893 1875/512/893 1866/1083/893 1865/514/893 1876/515/893 1877/516/893 1878/517/893 1879/518/893 1880/519/893 1881/520/893 1882/521/893 1883/479/893 1884/480/893 1885/481/893 1886/482/893 1887/483/893 1888/484/893 1889/485/893 1890/486/893 1891/487/893 1892/488/893 1893/489/893 1894/490/893 1895/491/893 1896/492/893 1897/493/893 1898/494/893 1899/495/893 1900/496/893 1901/497/893 1902/498/893 1903/499/893 1904/500/893 1500/501/893 

f 1867/1084/495 1498/1085/496 1799/1086/497

f 1800/1087/498 1799/1088/497 1498/1089/496

v 0.070665 1.37988 -0.161401
f 1800/1090/498 1498/1091/496 1905/1092/499

v 0.070665 1.17814 -0.212627
vt -0.5 0.597441
vn 1 1.44657e-15 3.0058e-15
v 0.070665 1.38306 -0.186286
v 0.070665 1.38108 -0.18607
v 0.070665 1.37916 -0.185547
v 0.070665 1.37734 -0.184729
v 0.070665 1.37567 -0.183637
v 0.070665 1.3742 -0.182298
v 0.070665 1.37295 -0.180745
v 0.070665 1.37196 -0.179015
v 0.070665 1.37127 -0.177212
v 0.070665 1.37086 -0.175326
v 0.070665 1.37075 -0.173273
v 0.070665 1.37096 -0.171229
v 0.070665 1.37149 -0.169306
v 0.070665 1.3723 -0.167489
v 0.070665 1.3734 -0.165822
v 0.070665 1.37474 -0.164346
v 0.070665 1.37629 -0.163098
v 0.070665 1.37802 -0.162108
vt 0.5 0.597441
f 1906/2534/894 1884/480/894 1907/1094/894 1908/1095/894 1909/1096/894 1910/535/894 1911/536/894 1912/537/894 1913/538/894 1914/539/894 1915/1097/894 1916/1098/894 1917/1099/894 1918/543/894 1919/544/894 1920/545/894 1921/546/894 1922/547/894 1923/548/894 1924/549/894 1905/531/894 1498/503/894 1497/2535/894 

vn 2.37939e-15 0.126744 -0.991935
v 0.0705477 1.17666 -0.212816
v 0.0701988 1.17522 -0.213
v 0.0696268 1.17385 -0.213175
v 0.0688459 1.17258 -0.213337
v 0.0678752 1.17146 -0.213481
v 0.0667386 1.17049 -0.213604
v 0.0654642 1.16972 -0.213703
v 0.0640834 1.16915 -0.213775
v 0.06263 1.16881 -0.21382
v 0.06114 1.16869 -0.213835
v -0.0621694 1.16869 -0.213835
v -0.0636595 1.16881 -0.21382
v -0.0651128 1.16915 -0.213775
v -0.0664937 1.16972 -0.213703
v -0.0677681 1.17049 -0.213604
v -0.0689046 1.17146 -0.213481
v -0.0698753 1.17258 -0.213337
v -0.0706563 1.17385 -0.213175
v -0.0712283 1.17522 -0.213
v -0.0715772 1.17666 -0.212816
v -0.0716944 1.17814 -0.212627
v -0.0716944 1.38505 -0.186189
v -0.0716944 1.39319 -0.185149
v -0.06714 1.17713 -0.212755
v -0.0669655 1.17641 -0.212848
v -0.0666796 1.17573 -0.212935
v -0.0662891 1.1751 -0.213016
v -0.0658037 1.17453 -0.213088
v -0.0652355 1.17405 -0.213149
v -0.0645983 1.17366 -0.213199
v -0.0639078 1.17338 -0.213235
v -0.0631812 1.17321 -0.213257
v -0.0624361 1.17315 -0.213265
v 0.0614067 1.17315 -0.213265
v 0.0621517 1.17321 -0.213257
v 0.0628784 1.17338 -0.213235
v 0.0635688 1.17366 -0.213199
v 0.064206 1.17405 -0.213149
v 0.0647743 1.17453 -0.213088
v 0.0652596 1.1751 -0.213016
v 0.0656501 1.17573 -0.212935
v 0.0659361 1.17641 -0.212848
v 0.0661105 1.17713 -0.212755
v 0.0661692 1.17787 -0.212661
f 1522/707/895 1521/708/895 1885/709/895 1884/710/895 1906/2512/895 1925/2513/895 1926/2514/895 1927/2515/895 1928/2516/895 1929/2517/895 1930/2518/895 1931/2519/895 1932/2520/895 1933/2521/895 1934/2522/895 1935/2523/895 1936/2524/895 1937/2525/895 1938/2526/895 1939/2527/895 1940/2528/895 1941/2529/895 1942/2530/895 1943/2531/895 1944/2532/895 1945/2533/895 1946/733/895 1947/682/895 1391/683/895 1390/684/895 1433/2490/895 1948/2491/895 1949/2492/895 1950/2493/895 1951/2494/895 1952/2495/895 1953/2496/895 1954/2497/895 1955/2498/895 1956/2499/895 1957/2500/895 1958/2501/895 1959/2502/895 1960/2503/895 1961/2504/895 1962/2505/895 1963/2506/895 1964/2507/895 1965/2508/895 1966/2509/895 1967/2510/895 1968/2511/895 

vn 1.79741e-15 0.280357 -0.959896
vn 2.45689e-15 0.20418 -0.978933
f 1886/1101/896 1885/1102/897 1521/1103/897 1520/1104/896 

vn 7.76276e-16 0.427066 -0.904221
f 1520/1105/896 1519/1106/898 1887/1107/898 1886/1108/896 

vn 2.17039e-16 0.563259 -0.82628
f 1518/1109/899 1888/1110/899 1887/1111/898 1519/1112/898 

vn -2.63293e-16 0.685583 -0.727994
f 1889/1113/900 1888/1114/899 1518/1115/899 1517/1116/900 

vn -8.28461e-16 0.791026 -0.611783
f 1517/1117/900 1516/1118/901 1890/1119/901 1889/1120/900 

vn -1.36027e-15 0.876991 -0.480507
f 1891/1121/902 1890/1122/901 1516/1123/901 1515/1124/902 

vn -1.72617e-15 0.941362 -0.337399
f 1515/1125/902 1514/1126/903 1892/1127/903 1891/1128/902 

vn -1.88594e-15 0.982553 -0.185984
f 1513/1129/904 1893/1130/904 1892/1131/903 1514/1132/903 

vn 3.00753e-15 0.99955 -0.029989
f 1894/1133/905 1893/1134/904 1513/1135/904 1512/1136/905 

vn 7.91219e-15 0.998822 0.0485272
f 1512/1137/905 1511/1138/906 1895/1139/906 1894/1140/905 

vn -2.24565e-15 0.991935 0.126744
f 1510/1141/907 1896/1142/907 1895/1143/907 1511/1144/907 

vn -7.65779e-15 0.959896 0.280357
vn -1.24291e-14 0.978933 0.20418
f 1897/1145/908 1896/1146/909 1510/1147/909 1509/1148/908 

vn -2.98974e-15 0.904221 0.427066
f 1509/1149/908 1508/1150/910 1898/1151/910 1897/1152/908 

vn -3.2621e-15 0.82628 0.563259
f 1507/1153/911 1899/1154/911 1898/1155/910 1508/1156/910 

vn -3.51287e-15 0.727994 0.685583
f 1900/1157/912 1899/1158/911 1507/1159/911 1506/1160/912 

vn -3.73796e-15 0.611783 0.791026
f 1506/1161/912 1505/1162/913 1901/1163/913 1900/1164/912 

vn -3.90652e-15 0.480507 0.876991
f 1902/1165/914 1901/1166/913 1505/1167/913 1504/1168/914 

vn -4.07804e-15 0.337399 0.941362
f 1504/1169/914 1503/1170/915 1903/1171/915 1902/1172/914 

vn -4.02622e-15 0.185984 0.982553
f 1502/1173/916 1904/1174/916 1903/1175/915 1503/1176/915 

f 1500/1177/830 1904/1178/916 1502/1179/916 1499/1180/830 

vt -0.5 0.434574
vt -0.5 0.37573
vt 0.5 0.37573
vt 0.5 0.434574
f 1925/2536/405 1906/2537/406 1497/2538/406 1496/2539/405 

vt 0.5 -0.0151421
vt 0.5 0.0437022
vt -0.5 0.0437022
vt -0.5 -0.0151421
f 1496/2540/405 1495/2541/404 1926/2542/404 1925/2543/405 

vt 0.5 -0.347521
vt -0.5 -0.347521
vt -0.5 -0.406365
vt 0.5 -0.406365
f 1494/2544/403 1927/2545/403 1926/2546/404 1495/2547/404 

vt -0.5 -0.729463
vt -0.5 -0.788307
vt 0.5 -0.788307
vt 0.5 -0.729463
f 1928/2548/402 1927/2549/403 1494/2550/403 1493/2551/402 

vt 0.5 -1.15156
vt 0.5 -1.09272
vt -0.5 -1.09272
vt -0.5 -1.15156
f 1493/2552/402 1492/2553/401 1929/2554/401 1928/2555/402 

vt -0.5 -1.42834
vt -0.5 -1.48719
vt 0.5 -1.48719
vt 0.5 -1.42834
f 1930/2556/400 1929/2557/401 1492/2558/401 1491/2559/400 

vt 0.5 -1.78692
vt 0.5 -1.72807
vt -0.5 -1.72807
vt -0.5 -1.78692
f 1491/2560/400 1490/2561/399 1931/2562/399 1930/2563/400 

vt 0.5 -1.98453
vt -0.5 -1.98453
vt -0.5 -2.04337
vt 0.5 -2.04337
f 1489/2564/398 1932/2565/398 1931/2566/399 1490/2567/399 

vt -0.5 -2.19139
vt -0.5 -2.25023
vt 0.5 -2.25023
vt 0.5 -2.19139
f 1933/2568/397 1932/2569/398 1489/2570/398 1488/2571/397 

vt 0.5 -2.40242
vt 0.5 -2.34357
vt -0.5 -2.34357
vt -0.5 -2.40242
f 1488/2572/397 1487/2573/396 1934/2574/396 1933/2575/397 

vn 3.84338e-15 -0.991935 -0.126744
vn 4.15877e-15 -0.991935 -0.126744
v -0.00495933 1.16699 -0.200539
v -0.00479449 1.1669 -0.199858
v -0.00452426 1.16682 -0.19921
v -0.00415531 1.16674 -0.198613
v -0.00369672 1.16668 -0.198081
v -0.00315977 1.16662 -0.197626
v -0.00255769 1.16657 -0.19726
v -0.00190531 1.16654 -0.196992
v -0.00121869 1.16652 -0.196828
v -0.000514735 1.16651 -0.196773
vt 1.93518e-16 0.177165
v 0.00018922 1.16652 -0.196828
v 0.000875842 1.16654 -0.196992
v 0.00152822 1.16657 -0.19726
v 0.0021303 1.16662 -0.197626
v 0.00266725 1.16668 -0.198081
v 0.00312584 1.16674 -0.198613
v 0.00349479 1.16682 -0.19921
v 0.00376502 1.1669 -0.199858
v 0.00392986 1.16699 -0.200539
v 0.00398527 1.16708 -0.201237
vt 0.177165 -1.75275e-14
v 0.00392986 1.16717 -0.201935
v 0.00376502 1.16726 -0.202616
v 0.00349479 1.16734 -0.203263
v 0.00312584 1.16742 -0.203861
v 0.00266725 1.16748 -0.204393
v 0.0021303 1.16754 -0.204848
v 0.00152822 1.16759 -0.205214
v 0.000875842 1.16762 -0.205482
v 0.00018922 1.16764 -0.205646
v -0.000514735 1.16765 -0.205701
vt 9.15163e-16 -0.177165
v -0.00121869 1.16764 -0.205646
v -0.00190531 1.16762 -0.205482
v -0.00255769 1.16759 -0.205214
v -0.00315977 1.16754 -0.204848
v -0.00369672 1.16748 -0.204393
v -0.00415531 1.16742 -0.203861
v -0.00452426 1.16734 -0.203263
v -0.00479449 1.16726 -0.202616
v -0.00495933 1.16717 -0.201935
v -0.00501473 1.16708 -0.201237
vt -0.177165 -2.10802e-14
f 1935/1221/917 1934/1222/918 1487/1223/918 1486/1224/917 1969/1225/917 1970/1226/918 1971/1227/918 1972/1228/918 1973/1229/918 1974/1230/918 1975/1231/918 1976/1232/918 1977/1233/918 1978/2576/918 1979/1235/918 1980/1236/918 1981/1237/918 1982/1238/918 1983/1239/918 1984/1240/918 1985/1241/918 1986/1242/918 1987/1243/918 1988/2577/918 1989/1245/918 1990/1246/918 1991/1247/918 1992/1248/918 1993/1249/918 1994/1250/918 1995/1251/918 1996/1252/918 1997/1253/918 1998/2578/918 1999/1255/918 2000/1256/918 2001/1257/918 2002/1258/918 2003/1259/918 2004/1260/918 2005/1261/918 2006/1262/918 2007/1263/918 2008/2579/917 

vt -0.177165 -2.86106e-14
f 1969/1225/917 1486/1224/917 1935/1221/917 2008/2580/917 

f 1936/2572/408 1935/2573/407 1486/2574/407 1485/2575/408 

f 1485/2568/408 1484/2569/409 1937/2570/409 1936/2571/408 

f 1483/2566/410 1938/2567/410 1937/2564/409 1484/2565/409 

f 1939/2560/411 1938/2561/410 1483/2562/410 1482/2563/411 

f 1482/2556/411 1481/2557/412 1940/2558/412 1939/2559/411 

f 1941/2552/413 1940/2553/412 1481/2554/412 1480/2555/413 

f 1480/2548/413 1479/2549/414 1942/2550/414 1941/2551/413 

f 1478/2546/415 1943/2547/415 1942/2544/414 1479/2545/414 

f 1944/2540/416 1943/2541/415 1478/2542/415 1477/2543/416 

f 1477/2536/416 1476/2537/417 1945/2538/417 1944/2539/416 

vn -1 -1.47783e-15 -3.01814e-15
v -0.0716944 1.37988 -0.161401
v -0.0716944 1.37802 -0.162108
v -0.0716944 1.37629 -0.163098
v -0.0716944 1.37474 -0.164346
v -0.0716944 1.3734 -0.165822
v -0.0716944 1.3723 -0.167489
v -0.0716944 1.37149 -0.169306
v -0.0716944 1.37096 -0.171229
v -0.0716944 1.37075 -0.174042
v -0.0716944 1.37116 -0.176833
v -0.0716944 1.37196 -0.179015
v -0.0716944 1.37295 -0.180745
v -0.0716944 1.3742 -0.182298
v -0.0716944 1.37567 -0.183637
v -0.0716944 1.37734 -0.184729
v -0.0716944 1.37916 -0.185547
v -0.0716944 1.38108 -0.18607
v -0.0716944 1.38306 -0.186286
f 1476/2534/919 1475/480/919 2009/1094/919 2010/1095/919 2011/1096/919 2012/535/919 2013/536/919 2014/537/919 2015/538/919 2016/539/919 2017/1266/919 2018/1267/919 2019/543/919 2020/544/919 2021/545/919 2022/546/919 2023/547/919 2024/548/919 2025/549/919 2026/531/919 1946/503/919 1945/2535/919 

f 1137/1268/292 2009/1269/293 1475/1270/291

f 1137/1271/292 1136/1272/294 2009/1273/293

f 2010/1274/295 2009/1275/293 1136/1276/294

f 2010/1277/295 1136/1278/294 1135/1279/297

f 1135/1280/297 2011/1281/298 2010/1282/295

f 1135/1283/297 1134/1284/299 2011/1285/298

f 2012/1286/300 2011/1287/298 1134/1288/299

f 2012/1289/300 1134/1290/299 1133/1291/301

f 2013/1292/302 2012/1293/300 1133/1294/301

f 2013/1295/302 1133/1296/301 1132/1297/303

f 1132/1298/303 2014/1299/304 2013/1300/302

f 1132/1301/303 1131/1302/305 2014/1303/304

f 2015/1304/306 2014/1305/304 1131/1306/305

f 2015/1307/306 1131/1308/305 1130/1309/307

vn -0.0179583 -0.97763 0.209564
f 1130/1310/307 2016/1311/920 2015/1312/306

vn 0.0575173 -0.984371 0.166452
f 1130/1313/307 1129/1314/921 2016/1315/920

vn 0.0421243 -0.999063 0.00994232
f 2017/1316/922 2016/1317/920 1129/1318/921

vn 0.0683773 -0.996126 0.0552895
f 2017/1319/922 1129/1320/921 1128/1321/923

vn 0.0117938 -0.993177 -0.116021
f 2017/1322/922 1128/1323/923 1127/1324/924

vn 0.0284337 -0.974322 -0.223355
f 1127/1325/924 2018/1326/925 2017/1327/922

vn 0.0132221 -0.958547 -0.284628
f 1127/1328/924 1126/1329/926 2018/1330/925

vn -5.29815e-08 -0.920304 -0.391203
f 2019/1331/927 2018/1332/925 1126/1333/926

f 2019/1334/927 1126/1335/926 1125/1336/317

f 1125/1337/317 2020/1338/318 2019/1339/927

f 1125/1340/317 1124/1341/319 2020/1342/318

f 2021/1343/320 2020/1344/318 1124/1345/319

f 2021/1346/320 1124/1347/319 1123/1348/321

f 2022/1349/322 2021/1350/320 1123/1351/321

f 2022/1352/322 1123/1353/321 1122/1354/323

f 1122/1355/323 2023/1356/324 2022/1357/322

f 1122/1358/323 1121/1359/325 2023/1360/324

f 2024/1361/326 2023/1362/324 1121/1363/325

f 2024/1364/326 1121/1365/325 1120/1366/327

f 1120/1367/327 2025/1368/328 2024/1369/326

f 1120/1370/327 1119/1371/329 2025/1372/328

f 2026/1373/330 2025/1374/328 1119/1375/329

f 2026/1376/330 1119/1377/329 1118/1378/331

f 1946/1379/254 2026/1380/330 1118/1381/331

f 1946/1382/254 1118/1383/331 1117/1384/252

v -0.0716944 1.387 -0.185782
f 1117/1385/252 2027/1386/253 1946/1387/254

f 1117/1388/252 1116/1389/255 2027/1390/253

v -0.0716944 1.38887 -0.185075
f 2028/1391/256 2027/1392/253 1116/1393/255

vn -1 -6.15406e-15 -3.40768e-15
v -0.0716944 1.3906 -0.184085
v -0.0716944 1.39215 -0.182837
v -0.0716944 1.39349 -0.181361
v -0.0716944 1.39458 -0.179694
v -0.0716944 1.3954 -0.177876
v -0.0716944 1.39592 -0.175953
v -0.0716944 1.39614 -0.173972
v -0.0716944 1.39604 -0.171982
v -0.0716944 1.39563 -0.170031
v -0.0716944 1.39493 -0.168168
v -0.0716944 1.39394 -0.166438
v -0.0716944 1.39269 -0.164884
v -0.0716944 1.39121 -0.163545
v -0.0716944 1.38954 -0.162454
v -0.0716944 1.38773 -0.161636
v -0.0716944 1.3858 -0.161113
v -0.0716944 1.38382 -0.160897
v -0.0716944 1.39146 -0.159881
v -0.0716944 1.39295 -0.160043
v -0.0716944 1.39439 -0.160436
v -0.0716944 1.39575 -0.161049
v -0.0716944 1.397 -0.161868
v -0.0716944 1.39811 -0.162872
v -0.0716944 1.39905 -0.164037
v -0.0716944 1.39979 -0.165334
v -0.0716944 1.40032 -0.166732
v -0.0716944 1.40063 -0.168195
v -0.0716944 1.40143 -0.174494
v -0.0716944 1.4015 -0.175987
v -0.0716944 1.40134 -0.177472
v -0.0716944 1.40095 -0.178915
v -0.0716944 1.40034 -0.180278
v -0.0716944 1.39952 -0.181528
v -0.0716944 1.39851 -0.182635
v -0.0716944 1.39735 -0.183571
v -0.0716944 1.39605 -0.184314
v -0.0716944 1.39465 -0.184844
f 1947/502/928 1946/503/928 2027/504/928 2028/505/928 2029/506/928 2030/507/928 2031/508/928 2032/509/928 2033/510/928 2034/511/928 2035/512/928 2036/1394/928 2037/514/928 2038/515/928 2039/516/928 2040/517/928 2041/518/928 2042/519/928 2043/520/928 2044/521/928 2045/479/928 1475/480/928 1474/481/928 2046/482/928 2047/483/928 2048/484/928 2049/485/928 2050/486/928 2051/487/928 2052/488/928 2053/489/928 2054/490/928 2055/491/928 2056/492/928 2057/493/928 2058/494/928 2059/495/928 2060/496/928 2061/497/928 2062/498/928 2063/499/928 2064/500/928 2065/501/928 

f 1115/1395/257 2029/1396/258 2028/1397/256

f 1115/1398/257 1114/1399/259 2029/1400/258

f 2030/1401/260 2029/1402/258 1114/1403/259

f 2030/1404/260 1114/1405/259 1113/1406/261

f 2031/1407/262 2030/1408/260 1113/1409/261

f 2031/1410/262 1113/1411/261 1112/1412/263

f 1112/1413/263 2032/1414/264 2031/1415/262

f 1112/1416/263 1111/1417/265 2032/1418/264

f 2033/1419/266 2032/1420/264 1111/1421/265

f 2033/1422/266 1111/1423/265 1110/1424/267

vn -0.0132327 0.975372 -0.220169
f 1110/1425/267 2034/1426/929 2033/1427/266

vn 0.0132327 0.984073 -0.177272
f 1110/1428/267 1109/1429/930 2034/1430/929

vn -0.0132327 0.997806 -0.0648769
f 2035/1431/931 2034/1432/929 1109/1433/930

vn 0.0132327 0.999689 -0.0211464
f 2035/1434/931 1109/1435/930 1108/1436/932

vn -0.0132327 0.99567 0.092013
f 2036/1437/933 2035/1438/931 1108/1439/932

vn 0.0132327 0.990689 0.1355
f 2036/1440/933 1108/1441/932 1107/1442/934

vn -0.0132327 0.969018 0.246637
f 2037/1443/935 2036/1444/933 1107/1445/934

vn 0.0132327 0.957295 0.288809
f 2037/1446/935 1107/1447/934 1106/1448/936

vn -0.0132327 0.918505 0.395189
f 2038/1449/937 2037/1450/935 1106/1451/936

f 2038/1452/937 1106/1453/936 1145/1454/276

f 1069/9/734 1145/88/734 1106/49/734 1105/48/734 

f 1145/1455/276 2039/1456/277 2038/1457/937

f 1145/1458/276 1144/1459/278 2039/1460/277

f 2040/1461/279 2039/1462/277 1144/1463/278

f 2040/1464/279 1144/1465/278 1143/1466/280

f 2041/1467/281 2040/1468/279 1143/1469/280

f 2041/1470/281 1143/1471/280 1142/1472/282

f 1142/1473/282 2042/1474/283 2041/1475/281

f 1142/1476/282 1141/1477/284 2042/1478/283

f 2043/1479/285 2042/1480/283 1141/1481/284

f 2043/1482/285 1141/1483/284 1140/1484/286

f 1140/1485/286 2044/1486/287 2043/1487/285

f 1140/1488/286 1139/1489/288 2044/1490/287

f 2045/1491/289 2044/1492/287 1139/1493/288

f 2045/1494/289 1139/1495/288 1138/1496/290

f 1475/1497/291 2045/1498/289 1138/1499/290

f 1475/1500/291 1138/1501/290 1137/1502/292

f 2028/1503/256 1116/1504/255 1115/1505/257

vn -2.34135e-15 0.029989 0.99955
vn -2.02871e-15 -0.0485272 0.998822
f 2046/1101/938 1474/1102/939 1412/1103/939 1411/1104/938 

vn -2.83638e-15 0.185984 0.982553
f 1411/1105/938 1410/1106/940 2047/1107/940 2046/1108/938 

vn -3.16308e-15 0.337399 0.941362
f 2047/1111/940 1410/1112/940 1409/1109/941 2048/1110/941 

vn -3.32921e-15 0.480507 0.876991
f 2049/1113/942 2048/1114/941 1409/1115/941 1408/1116/942 

vn -3.29672e-15 0.611783 0.791026
f 1408/1117/942 1407/1118/943 2050/1119/943 2049/1120/942 

vn -3.18751e-15 0.727994 0.685583
f 2051/1121/944 2050/1122/943 1407/1123/943 1406/1124/944 

vn -3.06129e-15 0.82628 0.563259
f 1406/1125/944 1405/1126/945 2052/1127/945 2051/1128/944 

vn -2.86889e-15 0.904221 0.427066
f 2052/1131/945 1405/1132/945 1404/1129/946 2053/1130/946 

vn -2.61566e-15 0.959896 0.280357
f 2054/1133/947 2053/1134/946 1404/1135/946 1403/1136/947 

vn -2.46958e-15 0.978933 0.20418
f 1403/1137/947 1402/1138/948 2055/1139/948 2054/1140/947 

f 1401/1506/907 2056/1507/907 2055/1508/907 1402/1509/907 

vn -1.80774e-15 0.99955 -0.029989
vn -2.05706e-15 0.998822 0.0485272
f 2057/1145/949 2056/1146/950 1401/1147/950 1400/1148/949 

vn -1.27497e-15 0.982553 -0.185984
f 1400/1149/949 1399/1150/951 2058/1151/951 2057/1152/949 

vn -6.83278e-16 0.941362 -0.337399
f 2058/1155/951 1399/1156/951 1398/1153/952 2059/1154/952 

vn -8.07562e-17 0.876991 -0.480507
f 2060/1157/953 2059/1158/952 1398/1159/952 1397/1160/953 

vn 3.80002e-16 0.791026 -0.611783
f 1397/1161/953 1396/1162/954 2061/1163/954 2060/1164/953 

vn 7.52966e-16 0.685583 -0.727994
f 2062/1165/955 2061/1166/954 1396/1167/954 1395/1168/955 

vn 1.27136e-15 0.563259 -0.82628
f 1395/1169/955 1394/1170/956 2063/1171/956 2062/1172/955 

vn 1.89506e-15 0.427066 -0.904221
f 2063/1175/956 1394/1176/956 1393/1173/957 2064/1174/957 

vn 2.56782e-15 0.280357 -0.959896
f 2065/1177/958 2064/1178/957 1393/1179/957 1392/1180/958 

vn 2.9261e-15 0.20418 -0.978933
f 1392/734/958 1391/735/959 1947/736/959 2065/737/958 

vt -0.0139002 0.972441
vn 1 1.8933e-15 6.58671e-15
v -0.00501473 1.17154 -0.200667
vt -0.0139002 0.795441
v -0.00495933 1.17145 -0.199969
vt 0.0139002 0.795441
vt 0.0139002 0.972441
f 2008/2581/960 2066/2582/960 2067/2583/356 1969/2584/356 

v -0.00495933 1.17163 -0.201365
f 2066/2583/960 2008/2584/960 2007/2581/355 2068/2582/355 

v -0.00479449 1.17172 -0.202046
f 2006/2581/393 2069/2582/393 2068/2583/355 2007/2584/355 

v -0.00452426 1.1718 -0.202694
f 2069/2583/393 2006/2584/393 2005/2581/392 2070/2582/392 

v -0.00415531 1.17187 -0.203291
f 2070/2583/392 2005/2584/392 2004/2581/391 2071/2582/391 

v -0.00369672 1.17194 -0.203823
f 2003/2581/390 2072/2582/390 2071/2583/391 2004/2584/391 

v -0.00315977 1.172 -0.204278
f 2072/2583/390 2003/2584/390 2002/2581/389 2073/2582/389 

v -0.00255769 1.17205 -0.204644
f 2001/2581/388 2074/2582/388 2073/2583/389 2002/2584/389 

v -0.00190531 1.17208 -0.204912
f 2074/2583/388 2001/2584/388 2000/2581/387 2075/2582/387 

v -0.00121869 1.1721 -0.205076
f 2075/2583/387 2000/2584/387 1999/2581/386 2076/2582/386 

vn 5.4941e-18 -0.126744 0.991935
v -0.000514735 1.17211 -0.205131
f 2076/2583/386 1999/2584/386 1998/2581/961 2077/2582/961 

v 0.00018922 1.1721 -0.205076
f 2077/2583/961 1998/2584/961 1997/2581/384 2078/2582/384 

v 0.000875842 1.17208 -0.204912
f 1996/2581/383 2079/2582/383 2078/2583/384 1997/2584/384 

v 0.00152822 1.17205 -0.204644
f 2079/2583/383 1996/2584/383 1995/2581/382 2080/2582/382 

v 0.0021303 1.172 -0.204278
f 2080/2583/382 1995/2584/382 1994/2581/381 2081/2582/381 

v 0.00266725 1.17194 -0.203823
f 1993/2581/380 2082/2582/380 2081/2583/381 1994/2584/381 

v 0.00312584 1.17187 -0.203291
f 2082/2583/380 1993/2584/380 1992/2581/379 2083/2582/379 

v 0.00349479 1.1718 -0.202694
f 1991/2581/378 2084/2582/378 2083/2583/379 1992/2584/379 

v 0.00376502 1.17172 -0.202046
f 2084/2583/378 1991/2584/378 1990/2581/377 2085/2582/377 

v 0.00392986 1.17163 -0.201365
f 2085/2583/377 1990/2584/377 1989/2581/376 2086/2582/376 

vn -1 -2.47859e-15 3.2668e-17
v 0.00398527 1.17154 -0.200667
f 1988/2581/962 2087/2582/962 2086/2583/376 1989/2584/376 

v 0.00392986 1.17145 -0.199969
f 2087/2583/962 1988/2584/962 1987/2581/374 2088/2582/374 

v 0.00376502 1.17136 -0.199288
f 1986/2581/373 2089/2582/373 2088/2583/374 1987/2584/374 

v 0.00349479 1.17128 -0.198641
f 2089/2583/373 1986/2584/373 1985/2581/372 2090/2582/372 

v 0.00312584 1.1712 -0.198043
f 2090/2583/372 1985/2584/372 1984/2581/371 2091/2582/371 

v 0.00266725 1.17114 -0.197511
f 1983/2581/370 2092/2582/370 2091/2583/371 1984/2584/371 

v 0.0021303 1.17108 -0.197056
f 2092/2583/370 1983/2584/370 1982/2581/369 2093/2582/369 

v 0.00152822 1.17103 -0.19669
f 1981/2581/368 2094/2582/368 2093/2583/369 1982/2584/369 

v 0.000875842 1.171 -0.196422
f 2094/2583/368 1981/2584/368 1980/2581/367 2095/2582/367 

v 0.00018922 1.17098 -0.196258
f 2095/2583/367 1980/2584/367 1979/2581/366 2096/2582/366 

vn 1.53869e-17 0.126744 -0.991935
v -0.000514735 1.17097 -0.196203
f 1978/2581/963 2097/2582/963 2096/2583/366 1979/2584/366 

v -0.00121869 1.17098 -0.196258
f 2097/2583/963 1978/2584/963 1977/2581/364 2098/2582/364 

v -0.00190531 1.171 -0.196422
f 1976/2581/363 2099/2582/363 2098/2583/364 1977/2584/364 

v -0.00255769 1.17103 -0.19669
f 2099/2583/363 1976/2584/363 1975/2581/362 2100/2582/362 

v -0.00315977 1.17108 -0.197056
f 2100/2583/362 1975/2584/362 1974/2581/361 2101/2582/361 

v -0.00369672 1.17114 -0.197511
f 1973/2581/360 2102/2582/360 2101/2583/361 1974/2584/361 

v -0.00415531 1.1712 -0.198043
f 2102/2583/360 1973/2584/360 1972/2581/359 2103/2582/359 

v -0.00452426 1.17128 -0.198641
f 1971/2581/358 2104/2582/358 2103/2583/359 1972/2584/359 

v -0.00479449 1.17136 -0.199288
f 2104/2583/358 1971/2584/358 1970/2581/357 2105/2582/357 

f 2105/2583/357 1970/2584/357 1969/2581/356 2067/2582/356 

vt -2.42302e-15 -0.177165
vn -2.22374e-15 0.991935 0.126744
vn -2.64523e-15 0.991935 0.126744
vt -0.177165 -2.29703e-14
vt -1.72566e-15 0.177165
vt 0.177165 -2.6523e-14
f 2077/2585/964 2078/1255/965 2079/1256/965 2080/1257/965 2081/1258/965 2082/1259/965 2083/1260/965 2084/1261/965 2085/1262/965 2086/1263/965 2087/2586/965 2088/1225/965 2089/1226/965 2090/1227/965 2091/1228/965 2092/1229/965 2093/1230/965 2094/1231/965 2095/1232/965 2096/1233/965 2097/2587/965 2098/1235/965 2099/1236/965 2100/1237/965 2101/1238/965 2102/1239/965 2103/1240/965 2104/1241/965 2105/1242/965 2067/1243/965 2066/2588/965 2068/1245/965 2069/1246/965 2070/1247/965 2071/1248/965 2072/1249/965 2073/1250/965 2074/1251/965 2075/1252/965 2076/1253/964 1957/1518/964 1464/1519/965 1463/1520/965 1958/1521/964 

vt -3.09356e-15 -0.177165
f 2077/2589/964 1958/1521/964 1957/1518/964 2076/1253/964 

vt 0.5 -2.36793
vt -0.5 -2.36793
vt -0.5 -2.39735
vt 0.5 -2.39735
f 1464/2590/237 1957/2591/237 1956/2592/236 1465/2593/236 

vt -0.5 -2.24328
vt 0.5 -2.24328
vt 0.5 -2.21386
vt -0.5 -2.21386
f 1955/2594/235 1466/2595/235 1465/2596/236 1956/2597/236 

vt 0.5 -2.00492
vt -0.5 -2.00492
vt -0.5 -2.03434
vt 0.5 -2.03434
f 1466/2598/235 1955/2599/235 1954/2600/234 1467/2601/234 

vt 0.5 -1.74625
vt -0.5 -1.74625
vt -0.5 -1.77567
vt 0.5 -1.77567
f 1467/2602/234 1954/2603/234 1953/2604/233 1468/2605/233 

vt -0.5 -1.47364
vt 0.5 -1.47364
vt 0.5 -1.44422
vt -0.5 -1.44422
f 1952/2606/232 1469/2607/232 1468/2608/233 1953/2609/233 

vt 0.5 -1.10626
vt -0.5 -1.10626
vt -0.5 -1.13569
vt 0.5 -1.13569
f 1469/2610/232 1952/2611/232 1951/2612/231 1470/2613/231 

vt -0.5 -0.770129
vt 0.5 -0.770129
vt 0.5 -0.740707
vt -0.5 -0.740707
f 1950/2614/230 1471/2615/230 1470/2616/231 1951/2617/231 

vt 0.5 -0.35655
vt -0.5 -0.35655
vt -0.5 -0.385972
vt 0.5 -0.385972
f 1471/2618/230 1950/2619/230 1949/2620/229 1472/2621/229 

vt 0.5 0.0367498
vt -0.5 0.0367498
vt -0.5 0.00732766
vt 0.5 0.00732766
f 1472/2622/229 1949/2623/229 1948/2624/227 1473/2625/227 

vt -0.5 0.400084
vt 0.5 0.400084
vt 0.5 0.429507
vt -0.5 0.429507
f 1433/2626/228 1432/2627/228 1473/2628/227 1948/2629/227 

f 1958/2590/241 1463/2591/241 1462/2592/240 1959/2593/240 

f 1461/2594/242 1960/2595/242 1959/2596/240 1462/2597/240 

f 1460/2600/243 1961/2601/243 1960/2598/242 1461/2599/242 

f 1961/2602/243 1460/2603/243 1459/2604/244 1962/2605/244 

f 1458/2606/245 1963/2607/245 1962/2608/244 1459/2609/244 

f 1963/2610/245 1458/2611/245 1457/2612/246 1964/2613/246 

f 1456/2614/247 1965/2615/247 1964/2616/246 1457/2617/246 

f 1455/2620/248 1966/2621/248 1965/2618/247 1456/2619/247 

f 1966/2622/248 1455/2623/248 1454/2624/249 1967/2625/249 

f 1453/2626/250 1968/2627/250 1967/2628/249 1454/2629/249 

v 0.0661692 1.38284 -0.186277
vn -1 -1.747e-15 -1.71124e-15
v 0.0661692 1.37988 -0.161401
v 0.0661692 1.37802 -0.162108
v 0.0661692 1.37629 -0.163098
v 0.0661692 1.37474 -0.164346
v 0.0661692 1.3734 -0.165822
v 0.0661692 1.3723 -0.167489
v 0.0661692 1.37149 -0.169306
v 0.0661692 1.37096 -0.171229
v 0.0661692 1.37075 -0.17321
v 0.0661692 1.37084 -0.175201
vt 1.9643e-14 -7.115
v 0.0661692 1.37125 -0.177152
v 0.0661692 1.37196 -0.179015
v 0.0661692 1.37295 -0.180745
v 0.0661692 1.3742 -0.182298
v 0.0661692 1.37567 -0.183637
v 0.0661692 1.37734 -0.184729
v 0.0661692 1.37895 -0.18547
v 0.0661692 1.38065 -0.18598
f 2106/1563/966 1522/503/966 1968/2487/966 1453/2488/966 1452/480/966 2107/1094/966 2108/1095/966 2109/1096/966 2110/535/966 2111/536/966 2112/537/966 2113/538/966 2114/539/966 2115/540/966 2116/2630/966 2117/542/966 2118/543/966 2119/544/966 2120/545/966 2121/546/966 2122/547/966 2123/1565/966 2124/805/966 

vn -0.00750967 0.122382 -0.992455
vn 0.011312 -0.0561594 -0.998358
vn 0.0050287 0.107198 -0.994225
f 1522/1566/967 2106/1567/968 1601/1568/969

vn 0.00250783 -0.0648499 -0.997892
f 1602/1569/970 1601/1570/969 2106/1571/968

vn 0.00837544 -0.191645 -0.981429
f 2106/1572/968 1603/1573/971 1602/1574/970

vn -0.00754008 -0.240016 -0.97074
f 2106/1575/968 2124/1576/972 1603/1577/971

vn 0.000835431 -0.342815 -0.939402
f 1604/1578/973 1603/1579/971 2124/1580/972

vn -0.0159017 -0.383496 -0.923406
f 1604/1581/973 2124/1582/972 2123/1583/974

vn 0.010052 -0.480411 -0.876986
f 2123/1584/974 1605/1585/975 1604/1586/973

vn -0.0167591 -0.515776 -0.856559
f 2123/1587/974 2122/1588/976 1605/1589/975

vn -2.92811e-15 -0.625522 -0.780206
f 1606/1590/977 1605/1591/975 2122/1592/976

f 1606/1593/977 2122/1594/976 2121/1595/488

vn -7.65334e-15 -0.739825 -0.6728
f 2121/1596/488 2120/1597/978 1606/1598/977

f 1607/1599/486 1606/1600/977 2120/1601/978

f 2120/1602/978 1608/1603/484 1607/1604/486

f 2120/1605/978 2119/1606/483 1608/1607/484

f 1609/1608/482 1608/1609/484 2119/1610/483

f 1609/1611/482 2119/1612/483 2118/1613/481

f 2118/1614/481 1610/1615/480 1609/1616/482

f 2118/1617/481 2117/1618/479 1610/1619/480

vn 8.60675e-15 -0.994 -0.109378
f 1611/1620/979 1610/1621/480 2117/1622/479

f 1611/1623/979 2117/1624/479 2116/1625/478

vn 2.5552e-15 -0.998876 0.0473936
f 2116/1626/478 2115/1627/980 1611/1628/979

f 1612/1629/476 1611/1630/979 2115/1631/980

f 2115/1632/980 1613/1633/474 1612/1634/476

f 2115/1635/980 2114/1636/473 1613/1637/474

f 1614/1638/472 1613/1639/474 2114/1640/473

f 1614/1641/472 2114/1642/473 2113/1643/471

f 2113/1644/471 1615/1645/470 1614/1646/472

f 2113/1647/471 2112/1648/469 1615/1649/470

vn 1.03339e-14 -0.780206 0.625522
f 1616/1650/981 1615/1651/470 2112/1652/469

f 1616/1653/981 2112/1654/469 2111/1655/468

vn 3.78401e-15 -0.6728 0.739825
f 2111/1656/468 2110/1657/982 1616/1658/981

f 1617/1659/466 1616/1660/981 2110/1661/982

f 2110/1662/982 1618/1663/464 1617/1664/466

f 2110/1665/982 2109/1666/463 1618/1667/464

f 1619/1668/462 1618/1669/464 2109/1670/463

f 1619/1671/462 2109/1672/463 2108/1673/461

f 2108/1674/461 1620/1675/460 1619/1676/462

f 2108/1677/461 2107/1678/459 1620/1679/460

f 1541/1680/835 1620/1681/460 2107/1682/459

f 1541/1683/835 2107/1684/459 1452/1685/833

f 1601/1686/969 1523/1687/458 1522/1688/967

f 1601/1689/969 1600/1690/457 1523/1691/458

f 1524/1692/456 1523/1693/458 1600/1694/457

f 1524/1695/456 1600/1696/457 1599/1697/455

f 1599/1698/455 1525/1699/454 1524/1700/456

f 1599/1701/455 1598/1702/453 1525/1703/454

vn 6.35913e-15 0.6728 -0.739825
f 1526/1704/983 1525/1705/454 1598/1706/453

f 1526/1707/983 1598/1708/453 1597/1709/452

vn -3.64556e-15 0.780206 -0.625522
f 1597/1710/452 1596/1711/984 1526/1712/983

f 1527/1713/450 1526/1714/983 1596/1715/984

f 1596/1716/984 1528/1717/448 1527/1718/450

f 1596/1719/984 1595/1720/447 1528/1721/448

f 1529/1722/446 1528/1723/448 1595/1724/447

f 1529/1725/446 1595/1726/447 1594/1727/445

f 1594/1728/445 1530/1729/444 1529/1730/446

f 1594/1731/445 1593/1732/443 1530/1733/444

vn -1.09962e-14 0.998876 -0.0473936
f 1531/1734/985 1530/1735/444 1593/1736/443

f 1531/1737/985 1593/1738/443 1592/1739/442

vn -1.94346e-14 0.994 0.109378
f 1592/1740/442 1591/1741/986 1531/1742/985

f 1532/1743/440 1531/1744/985 1591/1745/986

f 1591/1746/986 1533/1747/438 1532/1748/440

f 1591/1749/986 1590/1750/437 1533/1751/438

f 1534/1752/436 1533/1753/438 1590/1754/437

f 1534/1755/436 1590/1756/437 1589/1757/435

f 1589/1758/435 1535/1759/434 1534/1760/436

f 1589/1761/435 1588/1762/433 1535/1763/434

vn -1.10197e-14 0.739825 0.6728
f 1536/1764/987 1535/1765/434 1588/1766/433

f 1536/1767/987 1588/1768/433 1587/1769/432

vn 7.46865e-16 0.625522 0.780206
f 1587/1770/432 1586/1771/988 1536/1772/987

f 1537/1773/430 1536/1774/987 1586/1775/988

vn -0.0184324 0.513283 0.858021
f 1586/1776/988 1538/1777/989 1537/1778/430

vn 0.0184324 0.47782 0.878264
f 1586/1779/988 1585/1780/990 1538/1781/989

vn -0.0184324 0.37274 0.927753
f 1539/1782/991 1538/1783/989 1585/1784/990

vn 0.0184324 0.334546 0.942199
f 1539/1785/991 1585/1786/990 1584/1787/992

vn -0.0184324 0.223018 0.97464
f 1540/1788/993 1539/1789/991 1584/1790/992

vn 0.0184324 0.183035 0.982934
f 1540/1791/993 1584/1792/992 1583/1793/994

f 1501/1794/834 1540/1795/993 1583/1796/994

f 1501/1797/834 1583/1798/994 1542/1799/836

f 1543/745/837 1542/824/837 1583/785/837 1582/784/837 

f 1907/1800/199 1884/1801/200 1819/1802/201

f 1820/1803/202 1819/1804/201 1884/1805/200

f 1820/1806/202 1884/1807/200 1883/1808/203

f 1883/1809/203 1821/1810/629 1820/1811/202

f 1883/1812/203 1882/1813/628 1821/1814/629

f 1822/1815/627 1821/1816/629 1882/1817/628

f 1822/1818/627 1882/1819/628 1881/1820/626

f 1823/1821/625 1822/1822/627 1881/1823/626

f 1823/1824/625 1881/1825/626 1880/1826/624

f 1880/1827/624 1824/1828/623 1823/1829/625

f 1880/1830/624 1879/1831/622 1824/1832/623

f 1825/1833/621 1824/1834/623 1879/1835/622

f 1825/1836/621 1879/1837/622 1878/1838/620

f 1878/1839/620 1826/1840/619 1825/1841/621

f 1878/1842/620 1877/1843/618 1826/1844/619

f 1827/1845/617 1826/1846/619 1877/1847/618

vn 0.00458592 0.987607 -0.156883
f 1827/1848/617 1877/1849/618 1876/1850/995

f 1788/1851/891 1827/1852/617 1876/1853/995

f 1827/1076/887 1788/1037/887 1864/1019/887 1828/1018/887 

vn 2.06037e-15 -0.944662 0.328047
vn 2.18278e-15 -0.984349 0.17623
f 1736/1854/996 1828/1855/996 1864/1856/997 1737/1857/997 

vn 1.75334e-15 -0.881713 0.471785
f 1828/1858/996 1736/1859/996 1735/1860/998 1829/1861/998 

vn 1.20415e-15 -0.797055 0.603907
f 1734/1862/999 1830/1863/999 1829/1864/998 1735/1865/998 

vn 9.18904e-16 -0.69277 0.721159
f 1830/1866/999 1734/1867/999 1733/1868/1000 1831/1869/1000 

vn 9.94784e-16 -0.571426 0.820653
f 1732/1870/1001 1832/1871/1001 1831/1872/1000 1733/1873/1000 

vn 6.38668e-16 -0.436013 0.899941
f 1731/1874/1002 1833/1875/1002 1832/1876/1001 1732/1877/1001 

vn -1.58689e-16 -0.289863 0.957068
f 1833/1878/1002 1731/1879/1002 1730/1880/1003 1834/1881/1003 

vn -7.37835e-16 -0.136576 0.99063
f 1729/1882/1004 1835/1883/1004 1834/1884/1003 1730/1885/1003 

vn -1.30714e-15 0.0200743 0.999798
f 1835/1886/1004 1729/1887/1004 1728/1888/1005 1836/1889/1005 

vn -2.05396e-15 0.17623 0.984349
f 1727/1890/1006 1837/1891/1006 1836/1892/1005 1728/1893/1005 

vn -2.30279e-15 0.328047 0.944662
f 1726/1894/1007 1838/1895/1007 1837/1896/1006 1727/1897/1006 

vn -2.11367e-15 0.471785 0.881713
f 1838/1898/1007 1726/1899/1007 1725/1900/1008 1839/1901/1008 

vn -2.26227e-15 0.603907 0.797055
f 1724/1902/1009 1840/1903/1009 1839/1904/1008 1725/1905/1008 

vn -2.65267e-15 0.721159 0.69277
f 1840/1906/1009 1724/1907/1009 1723/1908/1010 1841/1909/1010 

vn -2.77882e-15 0.820653 0.571426
f 1722/1910/1011 1842/1911/1011 1841/1912/1010 1723/1913/1010 

vn -2.67466e-15 0.899941 0.436013
f 1721/1914/1012 1843/1915/1012 1842/1916/1011 1722/1917/1011 

vn -2.45445e-15 0.957068 0.289863
f 1843/1918/1012 1721/1919/1012 1720/1920/1013 1844/1921/1013 

vn -2.29875e-15 0.97686 0.213879
f 1719/1922/1014 1845/1923/1014 1844/1924/1013 1720/1925/1013 

vn -2.25776e-15 0.998291 0.0584308
vn -2.24519e-15 0.999798 -0.0200743
f 1845/1926/1015 1719/1927/1015 1718/1928/1016 1846/1929/1016 

vn -2.17161e-15 0.984349 -0.17623
f 1717/1930/1017 1847/1931/1017 1846/1932/1016 1718/1933/1016 

vn -2.04919e-15 0.944662 -0.328047
f 1716/1934/1018 1848/1935/1018 1847/1936/1017 1717/1937/1017 

vn -1.76294e-15 0.881713 -0.471785
f 1848/1938/1018 1716/1939/1018 1715/1940/1019 1849/1941/1019 

vn -1.22503e-15 0.797055 -0.603907
f 1714/1942/1020 1850/1943/1020 1849/1944/1019 1715/1945/1019 

vn -9.17506e-16 0.69277 -0.721159
f 1850/1946/1020 1714/1947/1020 1713/1948/1021 1851/1949/1021 

vn -9.82111e-16 0.571426 -0.820653
f 1712/1950/1022 1852/1951/1022 1851/1952/1021 1713/1953/1021 

vn -6.45922e-16 0.436013 -0.899941
f 1711/1954/1023 1853/1955/1023 1852/1956/1022 1712/1957/1022 

vn 1.51435e-16 0.289863 -0.957068
f 1853/1958/1023 1711/1959/1023 1710/1960/1024 1854/1961/1024 

vn 7.37835e-16 0.136576 -0.99063
f 1709/1962/1025 1855/1963/1025 1854/1964/1024 1710/1965/1024 

vn 1.30714e-15 -0.0200743 -0.999798
f 1855/1966/1025 1709/1967/1025 1708/1968/1026 1856/1969/1026 

f 1707/1970/886 1787/1971/886 1856/1972/1026 1708/1973/1026 

vn 2.2064e-15 -0.999798 0.0200743
f 1737/1974/997 1864/1975/997 1863/1976/1027 1738/1977/1027 

vn 2.29144e-15 -0.99063 -0.136576
f 1738/1978/1027 1863/1979/1027 1862/1980/1028 1739/1981/1028 

vn 2.49937e-15 -0.957068 -0.289863
f 1739/1982/1028 1862/1983/1028 1861/1984/1029 1740/1985/1029 

vn 2.67466e-15 -0.899941 -0.436013
f 1860/1986/1030 1741/1987/1030 1740/1988/1029 1861/1989/1029 

vn 2.79149e-15 -0.820653 -0.571426
f 1741/1990/1030 1860/1991/1030 1859/1992/1031 1742/1993/1031 

vn 2.67517e-15 -0.721159 -0.69277
f 1742/1994/1031 1859/1995/1031 1858/1996/1032 1743/1997/1032 

vn 2.2721e-15 -0.603907 -0.797055
f 1857/1998/1033 1744/1999/1033 1743/2000/1032 1858/2001/1032 

f 1744/2002/1033 1857/2003/1033 1786/2004/885 1705/2005/885 

f 1744/1026/882 1705/987/882 1784/210/882 1745/169/882 

vn 2.61121e-15 -0.185984 -0.982553
vn 2.81548e-15 -0.337399 -0.941362
f 1680/286/1034 1679/283/1035 1745/284/1035 1784/285/1034 

vn 2.94929e-15 -0.480507 -0.876991
f 1745/287/1035 1679/288/1035 1678/289/1036 1746/290/1036 

vn 3.01126e-15 -0.611783 -0.791026
f 1677/397/1037 1747/398/1037 1746/399/1036 1678/400/1036 

vn 2.99993e-15 -0.727994 -0.685583
f 1747/393/1037 1677/394/1037 1676/395/1038 1748/396/1038 

vn 2.9154e-15 -0.82628 -0.563259
f 1675/389/1039 1749/390/1039 1748/391/1038 1676/392/1038 

vn 2.75883e-15 -0.904221 -0.427066
f 1675/388/1039 1674/385/1040 1750/386/1040 1749/387/1039 

vn 2.53329e-15 -0.959896 -0.280357
f 1750/381/1040 1674/382/1040 1673/383/1041 1751/384/1041 

vn 2.39666e-15 -0.978933 -0.20418
f 1672/377/1042 1752/378/1042 1751/379/1041 1673/380/1041 

vn 2.08079e-15 -0.998822 -0.0485272
vn 1.9027e-15 -0.99955 0.029989
f 1752/373/1043 1672/374/1043 1671/375/1044 1753/376/1044 

vn 1.51264e-15 -0.982553 0.185984
f 1670/369/1045 1754/370/1045 1753/371/1044 1671/372/1044 

vn 1.08638e-15 -0.941362 0.337399
f 1754/366/1045 1670/367/1045 1669/368/1046 1755/365/1046 

vn 6.33604e-16 -0.876991 0.480507
f 1755/361/1046 1669/362/1046 1668/363/1047 1756/364/1047 

vn 1.64565e-16 -0.791026 0.611783
f 1667/357/1048 1757/358/1048 1756/359/1047 1668/360/1047 

vn -3.09374e-16 -0.685583 0.727994
f 1757/353/1048 1667/354/1048 1666/355/1049 1758/356/1049 

vn -7.7567e-16 -0.563259 0.82628
f 1665/349/1050 1759/350/1050 1758/351/1049 1666/352/1049 

vn -1.2221e-15 -0.427066 0.904221
f 1759/346/1050 1665/347/1050 1664/348/1051 1760/345/1051 

vn -1.59925e-15 -0.280357 0.959896
f 1760/341/1051 1664/342/1051 1663/343/1052 1761/344/1052 

vn -1.75389e-15 -0.20418 0.978933
f 1662/337/1053 1704/338/1053 1761/339/1052 1663/340/1052 

vn 2.34156e-15 -0.029989 -0.99955
f 1680/2006/1034 1784/2007/1034 1783/2008/1054 1681/2009/1054 

vn 2.18463e-15 0.0485272 -0.998822
f 1782/2010/1055 1682/2011/1055 1681/2012/1054 1783/2013/1054 

vn 1.15217e-15 0.126744 -0.991935
f 1782/2014/1056 1781/2015/1056 1683/2016/1056 1682/2017/1056 

vn 1.16961e-15 0.20418 -0.978933
vn 1.30621e-15 0.280357 -0.959896
f 1683/2018/1057 1781/2019/1057 1780/2020/1058 1684/2021/1058 

vn 1.2221e-15 0.427066 -0.904221
f 1779/2022/1059 1685/2023/1059 1684/2024/1058 1780/2025/1058 

vn 7.7567e-16 0.563259 -0.82628
f 1778/2026/1060 1686/2027/1060 1685/2028/1059 1779/2029/1059 

vn 3.09374e-16 0.685583 -0.727994
f 1686/2030/1060 1778/2031/1060 1777/2032/1061 1687/2033/1061 

vn -1.64565e-16 0.791026 -0.611783
f 1776/2034/1062 1688/2035/1062 1687/2036/1061 1777/2037/1061 

vn -6.32697e-16 0.876991 -0.480507
f 1688/2038/1062 1776/2039/1062 1775/2040/1063 1689/2041/1063 

vn -1.08481e-15 0.941362 -0.337399
f 1774/2042/1064 1690/2043/1064 1689/2044/1063 1775/2045/1063 

vn -1.51198e-15 0.982553 -0.185984
f 1773/2046/1065 1691/2047/1065 1690/2048/1064 1774/2049/1064 

vn -1.9027e-15 0.99955 -0.029989
f 1691/2050/1065 1773/2051/1065 1772/2052/1066 1692/2053/1066 

f 1771/2054/907 1693/2055/907 1692/2056/1066 1772/2057/1066 

vn -2.53329e-15 0.959896 0.280357
f 1693/2058/907 1771/2059/907 1770/2060/1067 1694/2061/1067 

vn -2.75883e-15 0.904221 0.427066
f 1769/2062/1068 1695/2063/1068 1694/2064/1067 1770/2065/1067 

vn -2.9163e-15 0.82628 0.563259
f 1768/2066/1069 1696/2067/1069 1695/2068/1068 1769/2069/1068 

vn -3.00084e-15 0.727994 0.685583
f 1696/2070/1069 1768/2071/1069 1767/2072/1070 1697/2073/1070 

vn -3.01126e-15 0.611783 0.791026
f 1766/2074/1071 1698/2075/1071 1697/2076/1070 1767/2077/1070 

vn -2.94929e-15 0.480507 0.876991
f 1698/2078/1071 1766/2079/1071 1765/2080/1072 1699/2081/1072 

vn -2.81467e-15 0.337399 0.941362
f 1764/2082/1073 1700/2083/1073 1699/2084/1072 1765/2085/1072 

vn -2.60956e-15 0.185984 0.982553
f 1763/2086/1074 1701/2087/1074 1700/2088/1073 1764/2089/1073 

vn -2.34072e-15 0.029989 0.99955
f 1701/2090/1074 1763/2091/1074 1762/2092/1075 1702/2093/1075 

vn -2.18463e-15 -0.0485272 0.998822
f 1703/401/1076 1661/402/1076 1702/403/1075 1762/404/1075 

f 1661/207/879 1641/766/879 1642/765/879 1702/206/879 

f 1788/2094/891 1876/2095/995 1865/2096/889

f 1907/2097/199 1819/2098/201 1818/2099/630

f 1818/2100/630 1908/2101/631 1907/2102/199

f 1818/2103/630 1817/2104/632 1908/2105/631

f 1817/2106/632 1909/2107/633 1908/2108/631

f 1817/2109/632 1816/2110/634 1909/2111/633

f 1910/2112/635 1909/2113/633 1816/2114/634

f 1910/2115/635 1816/2116/634 1815/2117/636

f 1815/2118/636 1911/2119/637 1910/2120/635

f 1815/2121/636 1814/2122/638 1911/2123/637

f 1912/2124/639 1911/2125/637 1814/2126/638

f 1912/2127/639 1814/2128/638 1813/2129/640

f 1813/2130/640 1913/2131/641 1912/2132/639

f 1813/2133/640 1812/2134/642 1913/2135/641

vn 0.00444966 -0.89083 -0.454314
f 1812/2136/642 1914/2137/1077 1913/2138/641

vn -0.00236082 -0.912084 -0.409996
f 1812/2139/642 1811/2140/1078 1914/2141/1077

vn 0.00438092 -0.950165 -0.311717
f 1915/2142/1079 1914/2143/1077 1811/2144/1078

vn -6.78084e-05 -0.964559 -0.263866
f 1915/2145/1079 1811/2146/1078 1810/2147/1080

vn 0.00215669 -0.986972 -0.160877
f 1810/2148/1080 1916/2149/1081 1915/2150/1079

vn -0.00222464 -0.993959 -0.109727
f 1810/2151/1080 1809/2152/1082 1916/2153/1081

vn 6.78024e-05 -0.999996 -0.00285267
f 1917/2154/1083 1916/2155/1081 1809/2156/1082

vn -0.00451755 -0.9988 0.0487652
f 1917/2157/1083 1809/2158/1082 1808/2159/1084

vn 0.00229312 -0.987744 0.156065
f 1808/2160/1084 1918/2161/1085 1917/2162/1083

f 1808/2163/1084 1807/2164/512 1918/2165/1085

f 1807/2166/512 1919/2167/511 1918/2168/1085

f 1807/2169/512 1806/2170/510 1919/2171/511

f 1920/2172/509 1919/2173/511 1806/2174/510

f 1920/2175/509 1806/2176/510 1805/2177/508

f 1805/2178/508 1921/2179/507 1920/2180/509

f 1805/2181/508 1804/2182/506 1921/2183/507

f 1922/2184/505 1921/2185/507 1804/2186/506

f 1922/2187/505 1804/2188/506 1803/2189/504

f 1803/2190/504 1923/2191/503 1922/2192/505

f 1803/2193/504 1802/2194/502 1923/2195/503

f 1802/2196/502 1924/2197/501 1923/2198/503

f 1802/2199/502 1801/2200/500 1924/2201/501

f 1905/2202/499 1924/2203/501 1801/2204/500

f 1905/2205/499 1801/2206/500 1800/2207/498

f 1867/2208/495 1799/2209/497 1798/2210/595

f 1798/2211/595 1868/2212/596 1867/2213/495

f 1798/2214/595 1797/2215/597 1868/2216/596

f 1797/2217/597 1869/2218/598 1868/2219/596

f 1797/2220/597 1796/2221/599 1869/2222/598

f 1870/2223/600 1869/2224/598 1796/2225/599

f 1870/2226/600 1796/2227/599 1795/2228/601

f 1795/2229/601 1871/2230/602 1870/2231/600

f 1795/2232/601 1794/2233/603 1871/2234/602

f 1872/2235/604 1871/2236/602 1794/2237/603

f 1872/2238/604 1794/2239/603 1793/2240/605

f 1793/2241/605 1873/2242/606 1872/2243/604

f 1793/2244/605 1792/2245/607 1873/2246/606

vn 0.00458592 0.891204 0.45358
f 1792/2247/607 1874/2248/1086 1873/2249/606

vn -0.00458592 0.912415 0.409239
f 1792/2250/607 1791/2251/1087 1874/2252/1086

vn 0.00458592 0.951187 0.308581
f 1875/2253/1088 1874/2254/1086 1791/2255/1087

vn -0.00458592 0.965201 0.261468
f 1875/2256/1088 1791/2257/1087 1790/2258/1089

f 1790/2259/1089 1866/2260/892 1875/2261/1088

f 1790/2262/1089 1789/2263/890 1866/2264/892

f 1389/2265/94 1372/2266/100 1371/2267/92

f 1389/2268/94 1429/2269/101 1372/2270/100

f 1373/2271/102 1372/2272/100 1429/2273/101

f 1373/2274/102 1429/2275/101 1428/2276/103

f 1428/2277/103 1374/2278/104 1373/2279/102

f 1428/2280/103 1427/2281/105 1374/2282/104

f 1427/2283/105 1375/2284/106 1374/2285/104

f 1427/2286/105 1426/2287/107 1375/2288/106

f 1376/2289/108 1375/2290/106 1426/2291/107

f 1376/2292/108 1426/2293/107 1425/2294/109

f 1425/2295/109 1377/2296/110 1376/2297/108

f 1425/2298/109 1424/2299/111 1377/2300/110

f 1378/2301/112 1377/2302/110 1424/2303/111

f 1378/2304/112 1424/2305/111 1423/2306/113

f 1423/2307/113 1379/2308/114 1378/2309/112

f 1423/2310/113 1422/2311/115 1379/2312/114

f 1422/2313/115 1380/2314/116 1379/2315/114

f 1422/2316/115 1421/2317/117 1380/2318/116

f 1381/2319/118 1380/2320/116 1421/2321/117

f 1381/2322/118 1421/2323/117 1420/2324/119

f 1420/2325/119 1382/2326/120 1381/2327/118

f 1420/2328/119 1419/2329/121 1382/2330/120

f 1383/2331/122 1382/2332/120 1419/2333/121

f 1383/2334/122 1419/2335/121 1418/2336/123

f 1418/2337/123 1384/2338/124 1383/2339/122

f 1418/2340/123 1417/2341/125 1384/2342/124

f 1417/2343/125 1385/2344/126 1384/2345/124

f 1417/2346/125 1416/2347/127 1385/2348/126

f 1386/2349/128 1385/2350/126 1416/2351/127

f 1386/2352/128 1416/2353/127 1387/2354/810

vn -6.36132e-15 -0.592926 -0.805257
f 1300/2355/1090 1312/2356/1090 1311/2357/806 1301/2358/806 

vn -1.12472e-14 -0.711596 -0.702589
f 1312/2359/1090 1300/2360/1090 1299/2361/1091 1313/2362/1091 

vn -5.22801e-15 -0.812744 -0.58262
f 1313/2363/1091 1299/2364/1091 1298/2365/1092 1314/2366/1092 

vn 5.06947e-16 -0.89388 -0.448306
f 1297/2367/1093 1315/2368/1093 1314/2369/1092 1298/2370/1092 

vn -7.86779e-16 -0.953005 -0.302953
f 1315/2371/1093 1297/2372/1093 1296/2373/1094 1316/2374/1094 

vn 4.75332e-15 -0.988665 -0.15014
f 1295/2375/1095 1317/2376/1095 1316/2377/1094 1296/2378/1094 

vn 1.73274e-14 -0.99998 0.00636937
f 1317/2379/1095 1295/2380/1095 1294/2381/1096 1318/2382/1096 

vn 2.23905e-14 -0.986672 0.162722
f 1318/2383/1096 1294/2384/1096 1293/2385/1097 1319/2386/1097 

vn 7.69654e-15 -0.949069 0.315068
f 1292/2387/1098 1320/2388/1098 1319/2389/1097 1293/2390/1097 

vn -5.1406e-15 -0.888097 0.459656
f 1320/2391/1098 1292/2392/1098 1291/2393/1099 1321/2394/1099 

vn -3.22945e-15 -0.805257 0.592926
f 1290/2395/1100 1322/2396/1100 1321/2397/1099 1291/2398/1099 

vn -4.91189e-15 -0.702589 0.711596
f 1322/2399/1100 1290/2400/1100 1289/2401/1101 1323/2402/1101 

vn -2.72488e-15 -0.58262 0.812744
f 1323/2403/1101 1289/2404/1101 1288/2405/1102 1324/2406/1102 

vn 2.8447e-15 -0.448306 0.89388
f 1287/2407/1103 1325/2408/1103 1324/2409/1102 1288/2410/1102 

vn 9.44792e-16 -0.302953 0.953005
f 1325/2411/1103 1287/2412/1103 1286/2413/1104 1326/2414/1104 

vn -6.11589e-16 -0.15014 0.988665
f 1285/2415/1105 1327/2416/1105 1326/2417/1104 1286/2418/1104 

vn 1.23569e-15 0.00636937 0.99998
f 1327/2419/1105 1285/2420/1105 1284/2421/1106 1328/2422/1106 

vn 1.68245e-16 0.162722 0.986672
f 1328/2423/1106 1284/2424/1106 1283/2425/1107 1329/2426/1107 

vn -1.89185e-15 0.239634 0.970863
f 1282/2427/1108 1330/2428/1108 1329/2429/1107 1283/2430/1107 

vn -2.10612e-15 0.38856 0.921423
vn -4.6066e-15 0.459656 0.888097
f 1330/2431/1109 1282/2432/1109 1281/2433/1110 1331/2434/1110 

vn -1.17239e-14 0.592926 0.805257
f 1280/2435/1111 1332/2436/1111 1331/2437/1110 1281/2438/1110 

vn -1.63849e-14 0.711596 0.702589
f 1332/2439/1111 1280/2440/1111 1279/2441/1112 1333/2442/1112 

vn -1.01901e-14 0.812744 0.58262
f 1333/2443/1112 1279/2444/1112 1278/2445/1113 1334/2446/1113 

vn -4.48119e-15 0.89388 0.448306
f 1277/2447/1114 1335/2448/1114 1334/2449/1113 1278/2450/1113 

vn -5.70175e-15 0.953005 0.302953
f 1335/2451/1114 1277/2452/1114 1276/2453/1115 1336/2454/1115 

vn 1.27581e-16 0.988665 0.15014
f 1275/2455/1116 1337/2456/1116 1336/2457/1115 1276/2458/1115 

vn 1.28086e-14 0.99998 -0.00636937
f 1337/2459/1116 1275/2460/1116 1274/2461/1117 1338/2462/1117 

vn 1.79506e-14 0.986672 -0.162722
f 1338/2463/1117 1274/2464/1117 1273/2465/1118 1339/2466/1118 

vn 3.50129e-15 0.949069 -0.315068
f 1272/2467/1119 1340/2468/1119 1339/2469/1118 1273/2470/1118 

vn -9.02317e-15 0.888097 -0.459656
f 1340/2471/1119 1272/2472/1119 1271/2473/1120 1341/2474/1120 

vn -6.85416e-15 0.805257 -0.592926
f 1270/2475/1121 1342/2476/1121 1341/2477/1120 1271/2478/1120 

vn -7.65917e-15 0.702589 -0.711596
f 1342/2479/1121 1270/2480/1121 1269/2481/1122 1343/2482/1122 

f 1343/2483/1122 1269/2484/1122 1268/2485/802 1309/2486/802 

vn 1.9597e-16 0.427066 -0.904221
f 1265/2090/1123 1203/2091/1123 1202/2092/799 1266/2093/799 

vn -1.33845e-16 0.563259 -0.82628
f 1264/2088/1124 1204/2089/1124 1203/2086/1123 1265/2087/1123 

vn -4.84279e-16 0.685583 -0.727994
f 1204/2082/1124 1264/2083/1124 1263/2084/1125 1205/2085/1125 

vn -8.44882e-16 0.791026 -0.611783
f 1262/2078/1126 1206/2079/1126 1205/2080/1125 1263/2081/1125 

vn -1.15402e-15 0.876991 -0.480507
f 1206/2074/1126 1262/2075/1126 1261/2076/1127 1207/2077/1127 

vn -1.43748e-15 0.941362 -0.337399
f 1260/2070/1128 1208/2071/1128 1207/2072/1127 1261/2073/1127 

vn -1.71202e-15 0.982553 -0.185984
f 1259/2068/1129 1209/2069/1129 1208/2066/1128 1260/2067/1128 

vn -1.98049e-15 0.99955 -0.029989
f 1209/2062/1129 1259/2063/1129 1258/2064/1130 1210/2065/1130 

vn -3.50669e-15 0.991935 0.126744
f 1257/2058/1131 1211/2059/1131 1210/2060/1130 1258/2061/1130 

vn -4.99851e-15 0.959896 0.280357
f 1211/2054/1131 1257/2055/1131 1256/2056/1132 1212/2057/1132 

vn -4.00349e-15 0.904221 0.427066
f 1255/2050/1133 1213/2051/1133 1212/2052/1132 1256/2053/1132 

vn -3.02383e-15 0.82628 0.563259
f 1254/2048/1134 1214/2049/1134 1213/2046/1133 1255/2047/1133 

vn -3.24816e-15 0.727994 0.685583
f 1214/2042/1134 1254/2043/1134 1253/2044/1135 1215/2045/1135 

vn -4.24895e-15 0.611783 0.791026
f 1252/2038/1136 1216/2039/1136 1215/2040/1135 1253/2041/1135 

vn -5.01472e-15 0.480507 0.876991
f 1216/2034/1136 1252/2035/1136 1251/2036/1137 1217/2037/1137 

vn -4.22585e-15 0.337399 0.941362
f 1250/2030/1138 1218/2031/1138 1217/2032/1137 1251/2033/1137 

vn -3.48678e-15 0.185984 0.982553
f 1249/2028/1139 1219/2029/1139 1218/2026/1138 1250/2027/1138 

vn -3.30979e-15 0.029989 0.99955
f 1219/2022/1139 1249/2023/1139 1248/2024/1140 1220/2025/1140 

vn -3.20066e-15 -0.0485272 0.998822
f 1247/2018/1141 1221/2019/1141 1220/2020/1140 1248/2021/1140 

vn -3.73956e-15 -0.126744 0.991935
f 1222/2014/1142 1221/2015/1142 1247/2016/1142 1246/2017/1142 

vn -4.25546e-15 -0.20418 0.978933
vn -4.07751e-15 -0.280357 0.959896
f 1222/2010/1143 1246/2011/1143 1245/2012/1144 1223/2013/1144 

f 1226/2006/776 1224/2007/776 1223/2008/1144 1245/2009/1144 

