# Alias OBJ Model File
# Exported from SketchUp, (c) 2000-2012 Trimble Navigation Limited
# File units = meters

mtllib speaker_U.mtl

g Mesh1 Component_2 Model

usemtl _auto_
v -0.00437682 1.61966 -0.177457
vt 0.15205 -2.37175
vn 8.61716e-14 0.999394 -0.0348228
v -0.00525402 1.61964 -0.178134
vt 0.186586 -2.3984
vn -1.26394e-15 0.999394 -0.0348228
v -0.00601452 1.61961 -0.178939
vt 0.216527 -2.43013
v -0.0066396 1.61958 -0.179853
vt 0.241137 -2.46615
v -0.00711387 1.61954 -0.180854
vt 0.259808 -2.50557
v -0.00742564 1.61951 -0.181917
vt 0.272083 -2.54743
v -0.00756725 1.61947 -0.183015
vt 0.277658 -2.5907
v -0.0075352 1.61943 -0.184122
vt 0.276396 -2.6343
v -0.00733028 1.61939 -0.18521
vt 0.268328 -2.67717
v -0.00695754 1.61935 -0.186253
vt 0.253654 -2.71825
v -0.00642615 1.61932 -0.187225
vt 0.232733 -2.75653
v -0.00574921 1.61929 -0.188101
vt 0.206082 -2.79107
v -0.00494338 1.61926 -0.188861
vt 0.174356 -2.82101
v -0.0040285 1.61924 -0.189486
vt 0.138337 -2.84562
v -0.0030271 1.61923 -0.18996
vt 0.0989119 -2.86429
v -0.00196383 1.61921 -0.190272
vt 0.0570512 -2.87657
v -0.000864889 1.61921 -0.190413
vt 0.0137856 -2.88214
v 0.000242678 1.61921 -0.190381
vt -0.0298194 -2.88088
v 0.00133159 1.61922 -0.190176
vt -0.0726901 -2.87281
v 0.00237505 1.61923 -0.189804
vt -0.113771 -2.85814
v 0.00334735 1.61925 -0.189273
vt -0.15205 -2.83722
v 0.00422455 1.61927 -0.188596
vt -0.186586 -2.81057
v 0.00498505 1.6193 -0.187791
vt -0.216527 -2.77884
v 0.00561013 1.61933 -0.186877
vt -0.241137 -2.74282
v 0.0060844 1.61937 -0.185876
vt -0.259808 -2.7034
v 0.00639617 1.6194 -0.184813
vt -0.272083 -2.66153
v 0.00653778 1.61944 -0.183715
vt -0.277658 -2.61827
v 0.00650573 1.61948 -0.182608
vt -0.276396 -2.57466
v 0.00630081 1.61952 -0.18152
vt -0.268328 -2.53179
v 0.00592807 1.61956 -0.180477
vt -0.253654 -2.49071
v 0.00539668 1.61959 -0.179505
vt -0.232733 -2.45243
v 0.00471974 1.61962 -0.178628
vt -0.206082 -2.4179
v 0.00391391 1.61965 -0.177868
vt -0.174356 -2.38796
v 0.00299903 1.61967 -0.177244
vt -0.138337 -2.36335
v 0.00199763 1.61968 -0.17677
vt -0.0989119 -2.34467
v 0.000934365 1.6197 -0.176458
vt -0.0570512 -2.3324
v -0.00016458 1.6197 -0.176317
vt -0.0137856 -2.32683
v -0.00127215 1.6197 -0.176349
vt 0.0298194 -2.32809
v -0.00236106 1.61969 -0.176553
vt 0.0726901 -2.33615
v -0.00340452 1.61968 -0.176926
vt 0.113771 -2.35083
v -0.00482943 1.61966 -0.17743
vt 0.16987 -2.37068
v -0.0038473 1.61968 -0.176828
vt 0.131203 -2.34698
v -0.0027831 1.6197 -0.176388
vt 0.0893059 -2.32963
v -0.00166306 1.61971 -0.176119
vt 0.0452096 -2.31904
v -0.000514735 1.61971 -0.176029
vt -1.67631e-16 -2.31548
v 0.000633588 1.61971 -0.176119
vt -0.0452096 -2.31904
v 0.00175364 1.6197 -0.176388
vt -0.0893059 -2.32963
v 0.00281783 1.61968 -0.176828
vt -0.131203 -2.34698
v 0.00379996 1.61966 -0.17743
vt -0.16987 -2.37068
v 0.00467585 1.61964 -0.178177
vt -0.204354 -2.40013
v 0.00542394 1.61961 -0.179053
vt -0.233806 -2.43461
v 0.00602579 1.61957 -0.180034
vt -0.257501 -2.47328
v 0.00646659 1.61953 -0.181098
vt -0.274855 -2.51518
v 0.00673549 1.6195 -0.182217
vt -0.285442 -2.55927
v 0.00682587 1.61946 -0.183365
vt -0.289 -2.60448
v 0.00673549 1.61942 -0.184513
vt -0.285442 -2.64969
v 0.00646659 1.61938 -0.185632
vt -0.274855 -2.69379
v 0.00602579 1.61934 -0.186695
vt -0.257501 -2.73569
v 0.00542394 1.6193 -0.187677
vt -0.233806 -2.77435
v 0.00467585 1.61927 -0.188552
vt -0.204354 -2.80884
v 0.00379996 1.61925 -0.1893
vt -0.16987 -2.83829
v 0.00281783 1.61923 -0.189901
vt -0.131203 -2.86198
v 0.00175364 1.61921 -0.190342
vt -0.0893059 -2.87934
v 0.000633588 1.6192 -0.190611
vt -0.0452096 -2.88993
v -0.000514735 1.6192 -0.190701
vt -1.86686e-16 -2.89348
v -0.00166306 1.6192 -0.190611
vt 0.0452096 -2.88993
v -0.0027831 1.61921 -0.190342
vt 0.0893059 -2.87934
v -0.0038473 1.61923 -0.189901
vt 0.131203 -2.86198
v -0.00482943 1.61925 -0.1893
vt 0.16987 -2.83829
v -0.00570532 1.61927 -0.188552
vt 0.204354 -2.80884
v -0.0064534 1.6193 -0.187677
vt 0.233806 -2.77435
v -0.00705526 1.61934 -0.186695
vt 0.257501 -2.73569
v -0.00749606 1.61938 -0.185632
vt 0.274855 -2.69379
v -0.00776496 1.61942 -0.184513
vt 0.285442 -2.64969
v -0.00785533 1.61946 -0.183365
vt 0.289 -2.60448
v -0.00776496 1.6195 -0.182217
vt 0.285442 -2.55927
v -0.00749606 1.61953 -0.181098
vt 0.274855 -2.51518
v -0.00705526 1.61957 -0.180034
vt 0.257501 -2.47328
v -0.0064534 1.61961 -0.179053
vt 0.233806 -2.43461
v -0.00570532 1.61964 -0.178177
vt 0.204354 -2.40013
f 1/1/1 2/2/2 3/3/2 4/4/2 5/5/2 6/6/2 7/7/2 8/8/2 9/9/2 10/10/2 11/11/2 12/12/2 13/13/2 14/14/2 15/15/2 16/16/2 17/17/2 18/18/2 19/19/2 20/20/2 21/21/2 22/22/2 23/23/2 24/24/2 25/25/2 26/26/2 27/27/2 28/28/2 29/29/2 30/30/2 31/31/2 32/32/2 33/33/2 34/34/2 35/35/2 36/36/2 37/37/2 38/38/2 39/39/2 40/40/1 41/41/1 42/42/2 43/43/2 44/44/2 45/45/2 46/46/2 47/47/2 48/48/2 49/49/2 50/50/2 51/51/2 52/52/2 53/53/2 54/54/2 55/55/2 56/56/2 57/57/2 58/58/2 59/59/2 60/60/2 61/61/2 62/62/2 63/63/2 64/64/2 65/65/2 66/66/2 67/67/2 68/68/2 69/69/2 70/70/2 71/71/2 72/72/2 73/73/2 74/74/2 75/75/2 76/76/2 77/77/2 78/78/2 79/79/2 80/80/1 

v -0.00437682 1.62093 -0.177501
vt -2.02843 1.89205
vn -0.546944 0.0291526 0.836661
v -0.00525402 1.62091 -0.178178
vt -2.07102 1.88259
vn -0.671172 0.0258142 0.740852
vt -2.06016 1.83378
vt -2.01758 1.84325
f 81/81/3 82/82/4 2/83/4 1/84/3 

v -0.00409202 1.62091 -0.177937
vt 0.140838 -2.38891
vn -2.90954e-15 0.999394 -0.0348228
v -0.00319142 1.62093 -0.177445
vt 0.105381 -2.36953
f 83/85/5 82/2/5 81/1/5 84/86/5 

v -0.00490454 1.62089 -0.178564
vt 0.172827 -2.4136
vn -1.48004e-15 0.999394 -0.0348228
v -0.00560896 1.62087 -0.17931
vt 0.20056 -2.44298
v -0.00618795 1.62084 -0.180156
vt 0.223355 -2.47635
v -0.00662724 1.62081 -0.181083
vt 0.24065 -2.51287
v -0.00691603 1.62077 -0.182068
vt 0.252019 -2.55164
v -0.00704719 1.62074 -0.183085
vt 0.257183 -2.59171
v -0.0070175 1.6207 -0.18411
vt 0.256014 -2.6321
v -0.00682769 1.62066 -0.185118
vt 0.248542 -2.67181
v -0.00648244 1.62063 -0.186084
vt 0.234949 -2.70986
v -0.00599024 1.6206 -0.186984
vt 0.215571 -2.74532
v -0.00536322 1.62057 -0.187796
vt 0.190885 -2.77731
v -0.00461681 1.62055 -0.1885
vt 0.161499 -2.80504
v -0.00376939 1.62053 -0.189079
vt 0.128136 -2.82784
v -0.00284183 1.62051 -0.189518
vt 0.0916181 -2.84513
v -0.00185698 1.6205 -0.189807
vt 0.0528442 -2.8565
v -0.000839069 1.6205 -0.189938
vt 0.0127691 -2.86167
v 0.000186825 1.6205 -0.189908
vt -0.0276205 -2.8605
v 0.00119544 1.6205 -0.189718
vt -0.0673299 -2.85303
v 0.00216195 1.62052 -0.189373
vt -0.105381 -2.83943
v 0.00306255 1.62053 -0.188881
vt -0.140838 -2.82005
v 0.00387507 1.62056 -0.188255
vt -0.172827 -2.79537
v 0.00457949 1.62058 -0.187509
vt -0.20056 -2.76598
v 0.00515848 1.62061 -0.186662
vt -0.223355 -2.73262
v 0.00559777 1.62064 -0.185735
vt -0.24065 -2.6961
v 0.00588656 1.62068 -0.184751
vt -0.252019 -2.65733
v 0.00601772 1.62071 -0.183733
vt -0.257183 -2.61725
v 0.00598803 1.62075 -0.182708
vt -0.256014 -2.57686
v 0.00579822 1.62078 -0.1817
vt -0.248542 -2.53715
v 0.00545297 1.62082 -0.180734
vt -0.234949 -2.4991
v 0.00496077 1.62085 -0.179834
vt -0.215571 -2.46365
v 0.00433375 1.62088 -0.179022
vt -0.190885 -2.43166
v 0.00358734 1.6209 -0.178318
vt -0.161499 -2.40392
v 0.00273992 1.62092 -0.177739
vt -0.128136 -2.38113
v 0.00181236 1.62094 -0.1773
vt -0.0916181 -2.36383
v 0.000827507 1.62095 -0.177012
vt -0.0528442 -2.35246
v -0.000190401 1.62095 -0.176881
vt -0.0127691 -2.3473
v -0.00121629 1.62095 -0.17691
vt 0.0276205 -2.34847
v -0.00222491 1.62094 -0.1771
vt 0.0673299 -2.35594
v -0.00340452 1.62095 -0.17697
v -0.00236106 1.62096 -0.176598
v -0.00127215 1.62097 -0.176393
v -0.00016458 1.62097 -0.176361
v 0.000934365 1.62096 -0.176502
v 0.00199763 1.62095 -0.176814
v 0.00299903 1.62094 -0.177288
v 0.00391391 1.62092 -0.177913
v 0.00471974 1.62089 -0.178673
v 0.00539668 1.62086 -0.179549
v 0.00592807 1.62082 -0.180521
v 0.00630081 1.62079 -0.181564
v 0.00650573 1.62075 -0.182652
v 0.00653778 1.62071 -0.183759
v 0.00639617 1.62067 -0.184857
v 0.0060844 1.62064 -0.18592
v 0.00561013 1.6206 -0.186921
v 0.00498505 1.62057 -0.187835
v 0.00422455 1.62054 -0.18864
v 0.00334735 1.62052 -0.189317
v 0.00237505 1.6205 -0.189848
v 0.00133159 1.62049 -0.190221
v 0.000242678 1.62048 -0.190425
v -0.000864889 1.62048 -0.190457
v -0.00196383 1.62048 -0.190316
v -0.0030271 1.62049 -0.190004
v -0.0040285 1.62051 -0.18953
v -0.00494338 1.62053 -0.188906
v -0.00574921 1.62056 -0.188146
v -0.00642615 1.62059 -0.187269
v -0.00695754 1.62062 -0.186297
v -0.00733028 1.62066 -0.185254
v -0.0075352 1.6207 -0.184166
v -0.00756725 1.62074 -0.183059
v -0.00742564 1.62077 -0.181961
v -0.00711387 1.62081 -0.180898
v -0.0066396 1.62085 -0.179898
v -0.00601452 1.62088 -0.178983
f 83/85/5 85/87/6 86/88/6 87/89/6 88/90/6 89/91/6 90/92/6 91/93/6 92/94/6 93/95/6 94/96/6 95/97/6 96/98/6 97/99/6 98/100/6 99/101/6 100/102/6 101/103/6 102/104/6 103/105/6 104/106/6 105/107/6 106/108/6 107/109/6 108/110/6 109/111/6 110/112/6 111/113/6 112/114/6 113/115/6 114/116/6 115/117/6 116/118/6 117/119/6 118/120/6 119/121/6 120/122/6 121/123/6 122/124/6 84/86/5 81/1/5 123/40/6 124/39/6 125/38/6 126/37/6 127/36/6 128/35/6 129/34/6 130/33/6 131/32/6 132/31/6 133/30/6 134/29/6 135/28/6 136/27/6 137/26/6 138/25/6 139/24/6 140/23/6 141/22/6 142/21/6 143/20/6 144/19/6 145/18/6 146/17/6 147/16/6 148/15/6 149/14/6 150/13/6 151/12/6 152/11/6 153/10/6 154/9/6 155/8/6 156/7/6 157/6/6 158/5/6 159/4/6 160/3/6 82/2/5 

vt 2.03 1.89171
vn 0.546944 -0.0291526 -0.836661
v -0.00409202 1.61807 -0.177838
vt 2.00569 1.78238
v -0.00490454 1.61805 -0.178465
vt 2.04514 1.7736
vn 0.671172 -0.0258142 -0.740852
vt 2.06945 1.88293
f 83/125/7 161/126/7 162/127/8 85/128/8 

vt 1.62438 1.92459
vt 1.64364 2.03493
vt 1.60383 2.04187
vn 0.409248 -0.0317731 -0.91187
v -0.00319142 1.61809 -0.177346
vt 1.58457 1.93154
f 161/129/7 83/130/7 84/131/9 163/132/9 

vt 1.12757 2.16626
vn 0.261475 -0.0336113 -0.964625
v -0.00222491 1.6181 -0.177001
vt 1.11396 2.05509
vt 1.15406 2.05018
vt 1.16768 2.16135
f 122/133/10 164/134/10 163/135/9 84/136/9 

vt 0.646833 2.13662
vt 0.654355 2.24837
vt 0.61404 2.25108
vn 0.107264 -0.0346219 -0.993628
v -0.00121629 1.61811 -0.176811
vt 0.606518 2.13934
f 164/137/10 122/138/10 121/139/11 165/140/11 

vt 0.118438 2.17411
vt 0.119617 2.28611
vt 0.0792133 2.28653
vn -0.0495886 -0.03478 -0.998164
v -0.000190401 1.61811 -0.176782
vt 0.0780341 2.17454
f 165/141/11 121/142/11 120/143/12 166/144/12 

vt -0.458946 2.26837
vn -0.20522 -0.0340816 -0.978122
v 0.000827507 1.6181 -0.176913
vt -0.453742 2.15649
vt -0.413379 2.15836
vt -0.418583 2.27024
f 119/145/13 167/146/13 166/147/12 120/148/12 

vt -0.930542 2.09132
vt -0.941953 2.20274
vt -0.982149 2.19862
vn -0.355798 -0.0325441 -0.933996
v 0.00181236 1.61809 -0.177201
vt -0.970739 2.0872
f 167/149/13 119/150/13 118/151/14 168/152/14 

vt -1.47354 2.08527
vn -0.497616 -0.0302052 -0.866872
v 0.00273992 1.61808 -0.17764
vt -1.4563 1.9746
vt -1.41638 1.98082
vt -1.43362 2.09149
f 117/153/15 169/154/15 168/155/14 118/156/14 

vt -1.85698 1.83933
vt -1.87951 1.94904
vt -1.91909 1.94091
vn -0.62718 -0.0271226 -0.778402
v 0.00358734 1.61806 -0.178219
vt -1.89656 1.8312
f 169/157/15 117/158/15 116/159/16 170/160/16 

vt -2.24191 1.68203
vt -2.26905 1.79069
vt -2.30826 1.7809
vn -0.741301 -0.0233721 -0.670765
v 0.00433375 1.61803 -0.178923
vt -2.28111 1.67224
f 170/161/16 116/162/16 115/163/17 171/164/17 

vt -2.634 1.62132
vn -0.837169 -0.0190461 -0.546612
v 0.00496077 1.61801 -0.179735
vt -2.60299 1.5137
vt -2.56416 1.52489
vt -2.59517 1.63251
f 114/165/18 172/166/18 171/167/17 115/168/17 

vt -2.81965 1.38294
vt -2.85373 1.48963
vt -2.89222 1.47734
vn -0.912423 -0.0142512 -0.409
v 0.00545297 1.61797 -0.180635
vt -2.85814 1.37065
f 172/169/18 114/170/18 113/171/19 173/172/19 

vt -3.08091 1.36186
vn -0.96521 -0.0091053 -0.261317
v 0.00579822 1.61794 -0.181601
vt -3.0446 1.25591
vt -3.00637 1.26901
vt -3.04269 1.37496
f 112/173/20 174/174/20 173/175/19 113/176/19 

vt -3.12361 1.19292
vt -3.16133 1.29838
vt -3.19938 1.28477
vn -0.994231 -0.00373523 -0.107199
v 0.00598803 1.61791 -0.182609
vt -3.16165 1.17931
f 174/177/20 112/178/20 111/179/21 175/180/21 

vt -3.17122 1.16098
vt -3.20952 1.26623
vt -3.24749 1.25242
vn -0.99877 0.00172681 0.0495585
v 0.00601772 1.61787 -0.183634
vt -3.2092 1.14717
f 175/181/21 111/182/21 110/183/22 176/184/22 

vt -3.22528 1.26742
vn -0.978716 0.00714633 0.205096
v 0.00588656 1.61783 -0.184651
vt -3.18725 1.16208
vt -3.14925 1.1758
vt -3.18727 1.28114
f 109/185/23 177/186/23 176/187/22 110/188/22 

vt -3.05766 1.23617
vt -3.09459 1.3419
vt -3.13273 1.32858
vn -0.934563 0.0123899 0.355583
v 0.00559777 1.6178 -0.185636
vt -3.0958 1.22284
f 177/189/23 109/190/23 108/191/24 178/192/24 

vt -2.96987 1.43089
vn -0.867398 0.0173284 0.497314
v 0.00515848 1.61777 -0.186563
vt -2.93487 1.32449
vt -2.89649 1.33712
vt -2.93149 1.44351
f 107/193/25 179/194/25 178/195/24 108/196/24 

vt -2.66619 1.47009
vt -2.69842 1.57736
vt -2.73712 1.56573
vn -0.778874 0.0218402 0.6268
v 0.00457949 1.61774 -0.18741
vt -2.70488 1.45846
f 179/197/25 107/198/25 106/199/26 180/200/26 

vt -2.36818 1.62329
vt -2.39684 1.73157
vt -2.4359 1.72123
v 0.00387507 1.61771 -0.188156
vt -2.40724 1.61295
f 180/201/26 106/202/26 105/203/4 181/204/4 

vt -2.06945 1.88293
v 0.00306255 1.61769 -0.188782
vt -2.04514 1.7736
vt -2.00569 1.78238
vt -2.03 1.89171
f 104/205/3 182/206/3 181/207/4 105/208/4 

vt -1.58457 1.93154
vt -1.60383 2.04187
vt -1.64364 2.03493
vn -0.409248 0.0317731 0.91187
v 0.00216195 1.61767 -0.189274
vt -1.62438 1.92459
f 182/209/3 104/210/3 103/211/27 183/212/27 

vt -1.16768 2.16135
vn -0.261475 0.0336113 0.964625
v 0.00119544 1.61766 -0.189619
vt -1.15406 2.05018
vt -1.11396 2.05509
vt -1.12757 2.16626
f 102/213/28 184/214/28 183/215/27 103/216/27 

vt -0.606518 2.13934
vt -0.61404 2.25108
vt -0.654355 2.24837
vn -0.107264 0.0346219 0.993628
v 0.000186825 1.61765 -0.189809
vt -0.646833 2.13662
f 184/217/28 102/218/28 101/219/29 185/220/29 

vt -0.0780341 2.17454
vt -0.0792133 2.28653
vt -0.119617 2.28611
vn 0.0495886 0.03478 0.998164
v -0.000839069 1.61765 -0.189839
vt -0.118438 2.17411
f 185/221/29 101/222/29 100/223/30 186/224/30 

vt 0.418583 2.27024
vn 0.20522 0.0340816 0.978122
v -0.00185698 1.61766 -0.189707
vt 0.413379 2.15836
vt 0.453742 2.15649
vt 0.458946 2.26837
f 99/225/31 187/226/31 186/227/30 100/228/30 

vt 0.970739 2.0872
vt 0.982149 2.19862
vt 0.941953 2.20274
vn 0.355798 0.0325441 0.933996
v -0.00284183 1.61767 -0.189419
vt 0.930542 2.09132
f 187/229/31 99/230/31 98/231/32 188/232/32 

vt 1.43362 2.09149
vn 0.497616 0.0302052 0.866872
v -0.00376939 1.61768 -0.18898
vt 1.41638 1.98082
vt 1.4563 1.9746
vt 1.47354 2.08527
f 97/233/33 189/234/33 188/235/32 98/236/32 

vt 1.89656 1.8312
vt 1.91909 1.94091
vt 1.87951 1.94904
vn 0.62718 0.0271226 0.778402
v -0.00461681 1.6177 -0.188401
vt 1.85698 1.83933
f 189/237/33 97/238/33 96/239/34 190/240/34 

vt 2.28111 1.67224
vt 2.30826 1.7809
vt 2.26905 1.79069
vn 0.741301 0.0233721 0.670765
v -0.00536322 1.61773 -0.187697
vt 2.24191 1.68203
f 190/241/34 96/242/34 95/243/35 191/244/35 

vt 2.59517 1.63251
vn 0.837169 0.0190461 0.546612
v -0.00599024 1.61776 -0.186885
vt 2.56416 1.52489
vt 2.60299 1.5137
vt 2.634 1.62132
f 94/245/36 192/246/36 191/247/35 95/248/35 

vt 2.85814 1.37065
vt 2.89222 1.47734
vt 2.85373 1.48963
vn 0.912423 0.0142512 0.409
v -0.00648244 1.61779 -0.185985
vt 2.81965 1.38294
f 192/249/36 94/250/36 93/251/37 193/252/37 

vt 3.04269 1.37496
vn 0.96521 0.0091053 0.261317
v -0.00682769 1.61782 -0.185019
vt 3.00637 1.26901
vt 3.0446 1.25591
vt 3.08091 1.36186
f 92/253/38 194/254/38 193/255/37 93/256/37 

vt 3.16165 1.17931
vt 3.19938 1.28477
vt 3.16133 1.29838
vn 0.994231 0.00373523 0.107199
v -0.0070175 1.61786 -0.184011
vt 3.12361 1.19292
f 194/257/38 92/258/38 91/259/39 195/260/39 

vt 3.2092 1.14717
vt 3.24749 1.25242
vt 3.20952 1.26623
vn 0.99877 -0.00172681 -0.0495585
v -0.00704719 1.61789 -0.182986
vt 3.17122 1.16098
f 195/261/39 91/262/39 90/263/40 196/264/40 

vt 3.18727 1.28114
vn 0.978716 -0.00714633 -0.205096
v -0.00691603 1.61793 -0.181969
vt 3.14925 1.1758
vt 3.18725 1.16208
vt 3.22528 1.26742
f 89/265/41 197/266/41 196/267/40 90/268/40 

vt 3.0958 1.22284
vt 3.13273 1.32858
vt 3.09459 1.3419
vn 0.934563 -0.0123899 -0.355583
v -0.00662724 1.61796 -0.180984
vt 3.05766 1.23617
f 197/269/41 89/270/41 88/271/42 198/272/42 

vt 2.93149 1.44351
vn 0.867398 -0.0173284 -0.497314
v -0.00618795 1.61799 -0.180057
vt 2.89649 1.33712
vt 2.93487 1.32449
vt 2.96987 1.43089
f 87/273/43 199/274/43 198/275/42 88/276/42 

vt 2.70488 1.45846
vt 2.73712 1.56573
vt 2.69842 1.57736
vn 0.778874 -0.0218402 -0.6268
v -0.00560896 1.61802 -0.17921
vt 2.66619 1.47009
f 199/277/43 87/278/43 86/279/44 200/280/44 

vt 2.40724 1.61295
vt 2.4359 1.72123
vt 2.39684 1.73157
vt 2.36818 1.62329
f 200/281/44 86/282/44 85/283/8 162/284/8 

vt -0.140838 -2.38891
vn 1.41406e-15 -0.999394 0.0348228
vt -0.105381 -2.36953
vn 1.41293e-15 -0.999394 0.0348228
vt -0.0673299 -2.35594
vt -0.0276205 -2.34847
vt 0.0127691 -2.3473
vt 0.0528442 -2.35246
vt 0.0916181 -2.36383
vt 0.128136 -2.38113
vt 0.161499 -2.40392
vt 0.190885 -2.43166
vt 0.215571 -2.46365
vt 0.234949 -2.4991
vt 0.248542 -2.53715
vt 0.256014 -2.57686
vt 0.257183 -2.61725
vt 0.252019 -2.65733
vt 0.24065 -2.6961
vt 0.223355 -2.73262
vt 0.20056 -2.76598
vt 0.172827 -2.79537
vt 0.140838 -2.82005
vt 0.105381 -2.83943
vt 0.0673299 -2.85303
vt 0.0276205 -2.8605
vt -0.0127691 -2.86167
vt -0.0528442 -2.8565
vt -0.0916181 -2.84513
vt -0.128136 -2.82784
vt -0.161499 -2.80504
vt -0.190885 -2.77731
vt -0.215571 -2.74532
vt -0.234949 -2.70986
vt -0.248542 -2.67181
vt -0.256014 -2.6321
vt -0.257183 -2.59171
vt -0.252019 -2.55164
vt -0.24065 -2.51287
vt -0.223355 -2.47635
vt -0.20056 -2.44298
vt -0.172827 -2.4136
v -0.00568965 1.61816 -0.175394
vt -0.203737 -2.29264
v -0.00686503 1.61813 -0.176301
vt -0.250012 -2.32835
v -0.00788405 1.61809 -0.17738
vt -0.290131 -2.37086
v -0.00872162 1.61805 -0.178605
vt -0.323106 -2.41912
v -0.0093571 1.618 -0.179946
vt -0.348125 -2.47195
v -0.00977485 1.61795 -0.18137
vt -0.364572 -2.52804
v -0.00996459 1.6179 -0.182841
vt -0.372042 -2.58601
v -0.00992165 1.61785 -0.184324
vt -0.370351 -2.64444
v -0.00964707 1.6178 -0.185783
vt -0.359541 -2.70188
v -0.00914763 1.61775 -0.18718
vt -0.339878 -2.75693
v -0.00843561 1.6177 -0.188482
vt -0.311845 -2.80822
v -0.00752856 1.61766 -0.189657
vt -0.276135 -2.8545
v -0.0064488 1.61762 -0.190675
vt -0.233625 -2.89461
v -0.00522293 1.6176 -0.191512
vt -0.185362 -2.92759
v -0.00388112 1.61757 -0.192147
vt -0.132535 -2.95261
v -0.00245642 1.61756 -0.192565
vt -0.0764445 -2.96906
v -0.000983917 1.61755 -0.192754
vt -0.0184717 -2.97653
v 0.000500143 1.61755 -0.192711
vt 0.0399558 -2.97483
v 0.00195921 1.61756 -0.192437
vt 0.0973996 -2.96402
v 0.00335737 1.61758 -0.191938
vt 0.152445 -2.94436
v 0.00466018 1.61761 -0.191226
vt 0.203737 -2.91633
v 0.00583556 1.61764 -0.19032
vt 0.250012 -2.88062
v 0.00685458 1.61767 -0.189241
vt 0.290131 -2.83811
v 0.00769215 1.61772 -0.188015
vt 0.323106 -2.78985
v 0.00832763 1.61776 -0.186674
vt 0.348125 -2.73702
v 0.00874539 1.61781 -0.185251
vt 0.364572 -2.68093
v 0.00893513 1.61786 -0.183779
vt 0.372042 -2.62296
v 0.00889218 1.61792 -0.182296
vt 0.370351 -2.56453
v 0.0086176 1.61797 -0.180838
vt 0.359541 -2.50708
v 0.00811816 1.61802 -0.17944
vt 0.339878 -2.45204
v 0.00740614 1.61806 -0.178138
vt 0.311845 -2.40075
v 0.00649909 1.6181 -0.176964
vt 0.276135 -2.35447
v 0.00541933 1.61814 -0.175945
vt 0.233625 -2.31435
v 0.00419346 1.61817 -0.175108
vt 0.185362 -2.28138
v 0.00285165 1.61819 -0.174473
vt 0.132535 -2.25636
v 0.00142695 1.6182 -0.174056
vt 0.0764445 -2.23991
v -4.55526e-05 1.61821 -0.173866
vt 0.0184717 -2.23244
v -0.00152961 1.61821 -0.173909
vt -0.0399558 -2.23413
v -0.00298868 1.6182 -0.174183
vt -0.0973996 -2.24494
v -0.00438684 1.61818 -0.174682
vt -0.152445 -2.26461
f 161/285/45 163/286/46 164/287/46 165/288/46 166/289/46 167/290/46 168/291/46 169/292/46 170/293/46 171/294/46 172/295/46 173/296/46 174/297/46 175/298/46 176/299/46 177/300/46 178/301/46 179/302/46 180/303/46 181/304/46 182/305/46 183/306/46 184/307/46 185/308/46 186/309/46 187/310/46 188/311/46 189/312/46 190/313/46 191/314/46 192/315/46 193/316/46 194/317/46 195/318/46 196/319/46 197/320/46 198/321/46 199/322/46 200/323/46 162/324/45 201/325/45 202/326/46 203/327/46 204/328/46 205/329/46 206/330/46 207/331/46 208/332/46 209/333/46 210/334/46 211/335/46 212/336/46 213/337/46 214/338/46 215/339/46 216/340/46 217/341/46 218/342/46 219/343/46 220/344/46 221/345/46 222/346/46 223/347/46 224/348/46 225/349/46 226/350/46 227/351/46 228/352/46 229/353/46 230/354/46 231/355/46 232/356/46 233/357/46 234/358/46 235/359/46 236/360/46 237/361/46 238/362/46 239/363/46 240/364/45 

f 161/285/45 240/364/45 201/325/45 162/324/45 

v -0.00438684 1.61976 -0.174737
vt -1.58635 1.99417
v -0.00568965 1.61973 -0.175449
vt -1.64393 1.98412
vt -1.63327 1.92304
vt -1.57568 1.93309
f 241/365/27 242/366/3 201/367/3 240/368/27 

vn 1.50083e-15 -0.999394 0.0348228
v -0.00298868 1.61977 -0.174238
v -0.00152961 1.61978 -0.173964
v -4.55526e-05 1.61978 -0.173921
v 0.00142695 1.61978 -0.17411
v 0.00285165 1.61976 -0.174528
v 0.00419346 1.61974 -0.175163
v 0.00541933 1.61971 -0.176
v 0.00649909 1.61968 -0.177018
v 0.00740614 1.61964 -0.178193
v 0.00811816 1.61959 -0.179495
v 0.0086176 1.61954 -0.180892
v 0.00889218 1.61949 -0.182351
v 0.00893513 1.61944 -0.183834
v 0.00874539 1.61939 -0.185305
v 0.00832763 1.61934 -0.186729
v 0.00769215 1.61929 -0.18807
v 0.00685458 1.61925 -0.189295
v 0.00583556 1.61921 -0.190374
v 0.00466018 1.61918 -0.191281
v 0.00335737 1.61915 -0.191993
v 0.00195921 1.61914 -0.192492
v 0.000500143 1.61913 -0.192766
v -0.000983917 1.61913 -0.192809
v -0.00245642 1.61913 -0.192619
v -0.00388112 1.61915 -0.192202
v -0.00522293 1.61917 -0.191567
v -0.0064488 1.6192 -0.19073
v -0.00752856 1.61923 -0.189711
v -0.00843561 1.61927 -0.188537
v -0.00914763 1.61932 -0.187235
v -0.00964707 1.61937 -0.185837
v -0.00992165 1.61942 -0.184379
vn 1.48924e-15 -0.999394 0.0348228
v -0.0803977 1.61901 -0.196057
vt -3.145 -3.10448
v 0.0793683 1.61901 -0.196057
vt 3.145 -3.10448
v 0.0793683 1.6199 -0.170673
vt 3.145 -2.10448
v -0.0803977 1.6199 -0.170673
vt -3.145 -2.10448
v -0.00996459 1.61947 -0.182896
v -0.00977485 1.61952 -0.181424
v -0.0093571 1.61957 -0.180001
v -0.00872162 1.61962 -0.17866
v -0.00788405 1.61966 -0.177434
v -0.00686503 1.6197 -0.176355
f 242/325/47 241/364/47 243/363/47 244/362/47 245/361/47 246/360/47 247/359/47 248/358/47 249/357/47 250/356/47 251/355/47 252/354/47 253/353/47 254/352/47 255/351/47 256/350/47 257/349/47 258/348/47 259/347/47 260/346/47 261/345/47 262/344/47 263/343/47 264/342/47 265/341/47 266/340/47 267/339/47 268/338/47 269/337/47 270/336/47 271/335/47 272/334/47 273/333/47 274/332/48 275/369/48 276/370/47 277/371/47 278/372/48 279/331/48 280/330/47 281/329/47 282/328/47 283/327/47 284/326/47 

vt -1.16302 2.04909
vt -1.105 2.05619
vt -1.11254 2.11773
vt -1.17056 2.11063
f 240/373/27 239/374/28 243/375/28 241/376/27 

vt -0.601679 2.2018
vt -0.659999 2.19788
vt -0.655835 2.13602
vt -0.597515 2.13994
f 244/377/29 243/378/28 239/379/28 238/380/29 

vt -0.0696646 2.23663
vt -0.128113 2.23602
vt -0.127461 2.17402
vt -0.0690118 2.17463
f 245/381/30 244/382/29 238/383/29 237/384/30 

vt 0.404366 2.15878
vt 0.462755 2.15607
vt 0.465636 2.218
vt 0.407247 2.22072
f 237/385/30 236/386/31 246/387/31 245/388/30 

vt 0.986031 2.14796
vt 0.927883 2.15392
vt 0.921567 2.09224
vt 0.979715 2.08628
f 247/389/32 246/390/31 236/391/31 235/392/32 

vt 1.40746 1.98221
vt 1.46522 1.97321
vt 1.47476 2.03448
vt 1.41701 2.04347
f 235/393/32 234/394/33 248/395/33 247/396/32 

vt 1.91787 1.89012
vt 1.86061 1.90188
vt 1.84814 1.84114
vt 1.9054 1.82939
f 249/397/34 248/398/33 234/399/33 233/400/34 

vt 2.30489 1.7302
vt 2.24818 1.74437
vt 2.23315 1.68422
vt 2.28986 1.67005
f 250/401/35 249/402/34 233/403/34 232/404/35 

vt 2.55549 1.52739
vt 2.61166 1.5112
vt 2.62883 1.57078
vt 2.57266 1.58696
f 232/405/35 231/406/36 251/407/36 250/408/35 

vt 2.8856 1.42696
vt 2.82992 1.44474
vt 2.81106 1.38568
vt 2.86674 1.3679
f 252/409/37 251/410/36 231/411/36 230/412/37 

vt 2.99784 1.27194
vt 3.05313 1.25298
vt 3.07324 1.31163
vt 3.01794 1.33059
f 230/413/37 229/414/38 253/415/38 252/416/37 

vt 3.19103 1.23465
vt 3.13599 1.25434
vt 3.11511 1.19596
vt 3.17015 1.17627
f 254/417/39 253/418/38 229/419/38 228/420/39 

vt 3.23887 1.20235
vt 3.18394 1.22233
vt 3.16275 1.16407
vt 3.21768 1.14408
f 255/421/40 254/422/39 228/423/39 227/424/40 

vt 3.14076 1.17886
vt 3.19574 1.15901
vt 3.21679 1.21733
vt 3.16181 1.23718
f 227/425/40 226/426/41 256/427/41 255/428/40 

vt 3.12477 1.2784
vt 3.06958 1.29767
vt 3.04914 1.23914
vt 3.10432 1.21987
f 257/429/42 256/430/41 226/431/41 225/432/42 

vt 2.88792 1.33994
vt 2.94345 1.32167
vt 2.96282 1.38057
vt 2.90729 1.39884
f 225/433/42 224/434/43 258/435/43 257/436/42 

vt 2.73137 1.51524
vt 2.67539 1.53207
vt 2.65754 1.47269
vt 2.71352 1.45587
f 259/437/44 258/438/43 224/439/43 223/440/44 

vt 2.43183 1.67058
vt 2.37532 1.68554
vt 2.35946 1.6256
vt 2.41596 1.61065
f 260/441/8 259/442/44 223/443/44 222/444/8 

vt 1.99688 1.78433
vt 2.05394 1.77165
vt 2.0674 1.83217
vt 2.01034 1.84486
f 222/445/8 221/446/7 261/447/7 260/448/8 

vt 1.64393 1.98412
vt 1.58635 1.99417
vt 1.57568 1.93309
vt 1.63327 1.92304
f 262/449/9 261/450/7 221/451/7 220/452/9 

vt 1.105 2.05619
vt 1.16302 2.04909
vt 1.17056 2.11063
vt 1.11254 2.11773
f 220/453/9 219/454/10 263/455/10 262/456/9 

vt 0.659999 2.19788
vt 0.601679 2.2018
vt 0.597515 2.13994
vt 0.655835 2.13602
f 264/457/11 263/458/10 219/459/10 218/460/11 

vt 0.128113 2.23602
vt 0.0696646 2.23663
vt 0.0690118 2.17463
vt 0.127461 2.17402
f 265/461/12 264/462/11 218/463/11 217/464/12 

vt -0.462755 2.15607
vt -0.404366 2.15878
vt -0.407247 2.22072
vt -0.465636 2.218
f 217/465/12 216/466/13 266/467/13 265/468/12 

vt -0.927883 2.15392
vt -0.986031 2.14796
vt -0.979715 2.08628
vt -0.921567 2.09224
f 267/469/14 266/470/13 216/471/13 215/472/14 

vt -1.46522 1.97321
vt -1.40746 1.98221
vt -1.41701 2.04347
vt -1.47476 2.03448
f 215/473/14 214/474/15 268/475/15 267/476/14 

vt -1.86061 1.90188
vt -1.91787 1.89012
vt -1.9054 1.82939
vt -1.84814 1.84114
f 269/477/16 268/478/15 214/479/15 213/480/16 

vt -2.24818 1.74437
vt -2.30489 1.7302
vt -2.28986 1.67005
vt -2.23315 1.68422
f 270/481/17 269/482/16 213/483/16 212/484/17 

vt -2.61166 1.5112
vt -2.55549 1.52739
vt -2.57266 1.58696
vt -2.62883 1.57078
f 212/485/17 211/486/18 271/487/18 270/488/17 

vt -2.82992 1.44474
vt -2.8856 1.42696
vt -2.86674 1.3679
vt -2.81106 1.38568
f 272/489/19 271/490/18 211/491/18 210/492/19 

vt -3.05313 1.25298
vt -2.99784 1.27194
vt -3.01794 1.33059
vt -3.07324 1.31163
f 210/493/19 209/494/20 273/495/20 272/496/19 

vt -3.13599 1.25434
vt -3.19103 1.23465
vt -3.17015 1.17627
vt -3.11511 1.19596
f 274/497/21 273/498/20 209/499/20 208/500/21 

vt -3.18394 1.22233
vt -3.23887 1.20235
vt -3.21768 1.14408
vt -3.16275 1.16407
f 279/501/22 274/502/21 208/503/21 207/504/22 

f 278/372/48 275/369/48 274/332/48 279/331/48 

vt -2.23912 -3.65847
vn 0.0784591 -0.996313 0.0347154
vt -2.44985 -2.68092
v -0.0811428 1.61984 -0.170671
vt -2.47861 -2.68712
vn 0.156434 -0.987089 0.0343941
v -0.0811428 1.61895 -0.196055
vt -2.26788 -3.66467
f 275/505/49 278/506/49 285/507/50 286/508/50 

v 0.0714308 1.41428 -0.163508
vt 2.8325 -5.86277
vn 3.47165e-15 0.0348228 0.999394
v 0.0714308 1.37511 -0.162143
vt 2.8325 -7.40576
v 0.0759266 1.37511 -0.162143
vt 3.0095 -7.40576
v 0.0759266 1.41439 -0.163512
vt 3.0095 -5.85842
v 0.0759852 1.41514 -0.163538
vt 3.01181 -5.82909
v 0.0761597 1.41586 -0.163563
vt 3.01868 -5.80048
v 0.0764456 1.41655 -0.163587
vt 3.02994 -5.7733
v 0.0768361 1.41719 -0.163609
vt 3.04531 -5.74821
v 0.0773215 1.41776 -0.163629
vt 3.06442 -5.72584
v 0.0858368 1.42627 -0.163926
vt 3.39967 -5.39059
v 0.0868075 1.4274 -0.163965
vt 3.43788 -5.34585
v 0.0875884 1.42868 -0.16401
vt 3.46863 -5.29568
v 0.0881604 1.43006 -0.164058
vt 3.49115 -5.24131
v 0.0885093 1.43151 -0.164108
vt 3.50488 -5.18409
v 0.0886266 1.433 -0.16416
vt 3.5095 -5.12543
v 0.0886266 1.61487 -0.170497
vt 3.5095 2.03924
v 0.0885093 1.61636 -0.170549
vt 3.50488 2.0979
v 0.0881604 1.61781 -0.1706
vt 3.49115 2.15512
v 0.0875884 1.61919 -0.170648
vt 3.46863 2.20949
v 0.0868075 1.62047 -0.170692
vt 3.43788 2.25966
v 0.0858368 1.6216 -0.170732
vt 3.39967 2.30441
v 0.0847002 1.62257 -0.170766
vt 3.35492 2.34262
v 0.0834258 1.62335 -0.170793
vt 3.30475 2.37337
v 0.082045 1.62392 -0.170813
vt 3.25038 2.39589
v 0.0805916 1.62427 -0.170825
vt 3.19316 2.40962
v 0.0791016 1.62439 -0.170829
vt 3.1345 2.41424
v -0.080131 1.62439 -0.170829
vt -3.1345 2.41424
v -0.0816211 1.62427 -0.170825
vt -3.19316 2.40962
v -0.0830744 1.62392 -0.170813
vt -3.25038 2.39589
v -0.0844553 1.62335 -0.170793
vt -3.30475 2.37337
v -0.0857297 1.62257 -0.170766
vt -3.35492 2.34262
v -0.0868662 1.6216 -0.170732
vt -3.39967 2.30441
v -0.0878369 1.62047 -0.170692
vt -3.43788 2.25966
v -0.0886179 1.61919 -0.170648
vt -3.46863 2.20949
v -0.0891898 1.61781 -0.1706
vt -3.49115 2.15512
v -0.0895388 1.61636 -0.170549
vt -3.50488 2.0979
v -0.089656 1.61487 -0.170497
vt -3.5095 2.03924
v -0.089656 1.433 -0.16416
vt -3.5095 -5.12543
v -0.0895388 1.43151 -0.164108
vt -3.50488 -5.18409
v -0.0891898 1.43006 -0.164058
vt -3.49115 -5.24131
v -0.0886179 1.42868 -0.16401
vt -3.46863 -5.29568
v -0.0878369 1.4274 -0.163965
vt -3.43788 -5.34585
v -0.0868662 1.42627 -0.163926
vt -3.39967 -5.39059
v -0.0783509 1.41776 -0.163629
vt -3.06442 -5.72584
v -0.0778656 1.41719 -0.163609
vt -3.04531 -5.74821
v -0.0774751 1.41655 -0.163587
vt -3.02994 -5.7733
v -0.0771891 1.41586 -0.163563
vt -3.01868 -5.80048
v -0.0770147 1.41514 -0.163538
vt -3.01181 -5.82909
v -0.076956 1.41439 -0.163512
vt -3.0095 -5.85842
v -0.076956 1.37511 -0.162143
vt -3.0095 -7.40576
v -0.0724602 1.37511 -0.162143
vt -2.8325 -7.40576
v -0.0724602 1.41428 -0.163508
vt -2.8325 -5.86277
v -0.0725775 1.41577 -0.16356
vt -2.83712 -5.80411
v -0.0729264 1.41722 -0.163611
vt -2.85085 -5.74689
v -0.0734984 1.4186 -0.163659
vt -2.87337 -5.69253
v -0.0742793 1.41988 -0.163703
vt -2.90412 -5.64235
v -0.07525 1.42101 -0.163743
vt -2.94233 -5.59761
v -0.0837653 1.42952 -0.164039
vt -3.27758 -5.26236
v -0.0842507 1.43009 -0.164059
vt -3.29669 -5.23999
v -0.0846412 1.43073 -0.164081
vt -3.31206 -5.2149
v -0.0849271 1.43142 -0.164105
vt -3.32332 -5.18772
v -0.0851016 1.43214 -0.164131
vt -3.33019 -5.15911
v -0.0851602 1.43289 -0.164156
vt -3.3325 -5.12978
v -0.0851602 1.61514 -0.170507
vt -3.3325 2.04974
v -0.0851016 1.61588 -0.170533
vt -3.33019 2.07907
v -0.0849271 1.61661 -0.170558
vt -3.32332 2.10768
v -0.0846412 1.6173 -0.170582
vt -3.31206 2.13486
v -0.0842507 1.61794 -0.170604
vt -3.29669 2.15995
v -0.0837653 1.6185 -0.170624
vt -3.27758 2.18232
v -0.0831971 1.61899 -0.170641
vt -3.25521 2.20143
v -0.0825599 1.61938 -0.170655
vt -3.23012 2.2168
v -0.0818694 1.61966 -0.170664
vt -3.20294 2.22806
vt -3.17433 2.23493
vt -3.145 2.23724
vt 3.145 2.23724
v 0.0801133 1.61984 -0.170671
vt 3.17433 2.23493
v 0.08084 1.61966 -0.170664
vt 3.20294 2.22806
v 0.0815304 1.61938 -0.170655
vt 3.23012 2.2168
v 0.0821676 1.61899 -0.170641
vt 3.25521 2.20143
v 0.0827359 1.6185 -0.170624
vt 3.27758 2.18232
v 0.0832212 1.61794 -0.170604
vt 3.29669 2.15995
v 0.0836117 1.6173 -0.170582
vt 3.31206 2.13486
v 0.0838977 1.61661 -0.170558
vt 3.32332 2.10768
v 0.0840721 1.61588 -0.170533
vt 3.33019 2.07907
v 0.0841308 1.61514 -0.170507
vt 3.3325 2.04974
v 0.0841308 1.43289 -0.164156
vt 3.3325 -5.12978
v 0.0840721 1.43214 -0.164131
vt 3.33019 -5.15911
v 0.0838977 1.43142 -0.164105
vt 3.32332 -5.18772
v 0.0836117 1.43073 -0.164081
vt 3.31206 -5.2149
v 0.0832212 1.43009 -0.164059
vt 3.29669 -5.23999
v 0.0827359 1.42952 -0.164039
vt 3.27758 -5.26236
v 0.0742206 1.42101 -0.163743
vt 2.94233 -5.59761
v 0.0732499 1.41988 -0.163703
vt 2.90412 -5.64235
v 0.0724689 1.4186 -0.163659
vt 2.87337 -5.69253
v 0.071897 1.41722 -0.163611
vt 2.85085 -5.74689
v 0.071548 1.41577 -0.16356
vt 2.83712 -5.80411
f 287/509/51 288/510/51 289/511/51 290/512/51 291/513/51 292/514/51 293/515/51 294/516/51 295/517/51 296/518/51 297/519/51 298/520/51 299/521/51 300/522/51 301/523/51 302/524/51 303/525/51 304/526/51 305/527/51 306/528/51 307/529/51 308/530/51 309/531/51 310/532/51 311/533/51 312/534/51 313/535/51 314/536/51 315/537/51 316/538/51 317/539/51 318/540/51 319/541/51 320/542/51 321/543/51 322/544/51 323/545/51 324/546/51 325/547/51 326/548/51 327/549/51 328/550/51 329/551/51 330/552/51 331/553/51 332/554/51 333/555/51 334/556/51 335/557/51 336/558/51 337/559/51 338/560/51 339/561/51 340/562/51 341/563/51 342/564/51 343/565/51 344/566/51 345/567/51 346/568/51 347/569/51 348/570/51 349/571/51 350/572/51 351/573/51 352/574/51 353/575/51 354/576/51 355/577/51 356/578/51 357/579/51 358/580/51 285/581/51 278/582/51 277/583/51 359/584/51 360/585/51 361/586/51 362/587/51 363/588/51 364/589/51 365/590/51 366/591/51 367/592/51 368/593/51 369/594/51 370/595/51 371/596/51 372/597/51 373/598/51 374/599/51 375/600/51 376/601/51 377/602/51 378/603/51 379/604/51 

v 0.0714308 1.36526 -0.171331
vt 0.331224 -8.15956
vn -1 -1.37765e-15 4.07263e-15
v 0.0714308 1.36543 -0.169846
vt 0.38477 -8.13515
vn -1 -1.29463e-15 3.22132e-15
v 0.0714308 1.36583 -0.168406
vt 0.43384 -8.10267
v 0.0714308 1.36645 -0.167045
vt 0.477224 -8.06292
v 0.0714308 1.36728 -0.165799
vt 0.513856 -8.01687
v 0.0714308 1.36829 -0.164697
vt 0.542832 -7.96565
v 0.0714308 1.36946 -0.163766
vt 0.56344 -7.91053
v 0.0714308 1.37076 -0.16303
vt 0.575171 -7.85287
v 0.0714308 1.37216 -0.162507
vt 0.577738 -7.79408
v 0.0714308 1.37362 -0.162209
vt 0.571077 -7.73562
vt 0.555351 -7.67891
vt 0.0276192 -6.22898
v 0.0714308 1.4134 -0.188893
vt -0.912073 -6.571
v 0.0714308 1.37423 -0.187528
vt -0.384341 -8.02093
v 0.0714308 1.37274 -0.187359
vt -0.359939 -8.07448
v 0.0714308 1.3713 -0.18696
vt -0.327461 -8.12355
v 0.0714308 1.36994 -0.18634
vt -0.287706 -8.16693
v 0.0714308 1.3687 -0.185515
vt -0.241654 -8.20356
v 0.0714308 1.3676 -0.184505
vt -0.190438 -8.23254
v 0.0714308 1.36666 -0.183336
vt -0.135321 -8.25315
v 0.0714308 1.36593 -0.182035
vt -0.0776575 -8.26488
v 0.0714308 1.3654 -0.180635
vt -0.0188692 -8.26745
v 0.0714308 1.36511 -0.17917
vt 0.0395968 -8.26079
v 0.0714308 1.36504 -0.177677
vt 0.096301 -8.24506
v 0.0714308 1.37772 -0.174942
vt 0.0444357 -7.73709
v 0.0714308 1.37774 -0.175459
vt 0.0247901 -7.74253
v 0.0714308 1.37785 -0.175967
vt 0.00453419 -7.74484
v 0.0714308 1.37803 -0.176452
vt -0.0158334 -7.74395
v 0.0714308 1.37828 -0.176902
vt -0.0358112 -7.73989
v 0.0714308 1.3786 -0.177308
vt -0.0549071 -7.73275
v 0.0714308 1.37899 -0.177657
vt -0.072651 -7.72271
v 0.0714308 1.37942 -0.177943
vt -0.0886061 -7.71002
v 0.0714308 1.37989 -0.178158
vt -0.102379 -7.69499
v 0.0714308 1.38039 -0.178296
vt -0.113632 -7.67799
v 0.0714308 1.3809 -0.178355
vt -0.122086 -7.65944
v 0.0714308 1.38142 -0.178332
vt -0.127534 -7.63979
v 0.0714308 1.38193 -0.178229
vt -0.129842 -7.61953
v 0.0714308 1.38241 -0.178048
vt -0.128953 -7.59917
v 0.0714308 1.38286 -0.177792
vt -0.124888 -7.57919
v 0.0714308 1.38327 -0.17747
vt -0.117749 -7.56009
v 0.0714308 1.38362 -0.177088
vt -0.10771 -7.54235
v 0.0714308 1.3839 -0.176656
vt -0.0950184 -7.52639
v 0.0714308 1.38412 -0.176185
vt -0.0799875 -7.51262
v 0.0714308 1.38426 -0.175686
vt -0.0629871 -7.50137
v 0.0714308 1.38432 -0.175172
vt -0.0444357 -7.49291
v 0.0714308 1.38429 -0.174654
vt -0.0247901 -7.48747
v 0.0714308 1.38419 -0.174147
vt -0.00453419 -7.48516
v 0.0714308 1.38401 -0.173662
vt 0.0158334 -7.48605
v 0.0714308 1.38375 -0.173211
vt 0.0358112 -7.49011
v 0.0714308 1.38343 -0.172806
vt 0.0549071 -7.49725
v 0.0714308 1.38305 -0.172456
vt 0.072651 -7.50729
v 0.0714308 1.38262 -0.17217
vt 0.0886061 -7.51998
v 0.0714308 1.38215 -0.171956
vt 0.102379 -7.53501
v 0.0714308 1.38165 -0.171817
vt 0.113632 -7.55201
v 0.0714308 1.38113 -0.171759
vt 0.122086 -7.57056
v 0.0714308 1.38062 -0.171781
vt 0.127534 -7.59021
v 0.0714308 1.38011 -0.171885
vt 0.129842 -7.61047
v 0.0714308 1.37962 -0.172066
vt 0.128953 -7.63083
v 0.0714308 1.37917 -0.172321
vt 0.124888 -7.65081
v 0.0714308 1.37877 -0.172644
vt 0.117749 -7.66991
v 0.0714308 1.37842 -0.173025
vt 0.10771 -7.68765
v 0.0714308 1.37813 -0.173457
vt 0.0950184 -7.70361
v 0.0714308 1.37792 -0.173928
vt 0.0799875 -7.71738
v 0.0714308 1.37778 -0.174427
vt 0.0629871 -7.72863
f 380/605/52 381/606/53 382/607/53 383/608/53 384/609/53 385/610/53 386/611/53 387/612/53 388/613/53 389/614/53 288/615/53 287/616/53 390/617/53 391/618/53 392/619/53 393/620/53 394/621/53 395/622/53 396/623/53 397/624/53 398/625/53 399/626/53 400/627/53 401/628/52 402/629/52 403/630/53 404/631/53 405/632/53 406/633/53 407/634/53 408/635/53 409/636/53 410/637/53 411/638/53 412/639/53 413/640/53 414/641/53 415/642/53 416/643/53 417/644/53 418/645/53 419/646/53 420/647/53 421/648/53 422/649/53 423/650/53 424/651/53 425/652/53 426/653/53 427/654/53 428/655/53 429/656/53 430/657/53 431/658/53 432/659/53 433/660/53 434/661/53 435/662/53 436/663/53 437/664/53 438/665/53 439/666/53 440/667/53 441/668/52 

vt 2.8325 -3.02347
vn 1.33746e-15 -0.981642 0.190734
vt 2.8325 -3.08231
vn 1.26181e-15 -0.993581 0.113127
v 0.0759266 1.36526 -0.171331
vt 3.0095 -3.08231
v 0.0759266 1.36543 -0.169846
vt 3.0095 -3.02347
f 381/669/54 380/670/55 442/671/55 443/672/54 

vt 2.8325 -2.72948
vn 1.15561e-15 -0.999394 0.0348228
v 0.0759266 1.36504 -0.177677
vt 3.0095 -2.72948
vt 3.0095 -2.47948
vt 2.8325 -2.47948
f 401/673/56 444/674/56 442/675/56 380/676/56 

v 0.0759266 1.36511 -0.17917
vt 3.0095 -2.16944
vn 6.26781e-16 -0.992537 -0.121946
vt 3.0095 -2.1106
vn 8.37141e-16 -0.999045 -0.0436961
vt 2.8325 -2.1106
vt 2.8325 -2.16944
f 445/677/57 444/678/58 401/679/58 400/680/57 

vt -0.331224 -8.15956
vn 1 5.30942e-15 -3.30585e-15
vt -0.096301 -8.24506
vt -0.0395968 -8.26079
v 0.0759266 1.3654 -0.180635
vt 0.0188692 -8.26745
v 0.0759266 1.36593 -0.182035
vt 0.0776575 -8.26488
v 0.0759266 1.36666 -0.183336
vt 0.135321 -8.25315
v 0.0759266 1.3676 -0.184505
vt 0.190438 -8.23254
v 0.0759266 1.3687 -0.185515
vt 0.241654 -8.20356
v 0.0759266 1.36994 -0.18634
vt 0.287706 -8.16693
v 0.0759266 1.3713 -0.18696
vt 0.327461 -8.12355
v 0.0759266 1.37274 -0.187359
vt 0.359939 -8.07448
v 0.0759266 1.37423 -0.187528
vt 0.384341 -8.02093
v 0.0759266 1.41351 -0.188897
vt 0.913561 -6.56691
vt -0.0261316 -6.22489
vt -0.555351 -7.67891
vn 1 3.54845e-15 -1.17883e-14
v 0.0759266 1.38113 -0.171759
vt -0.122086 -7.57056
v 0.0759266 1.38165 -0.171817
vt -0.113632 -7.55201
v 0.0759266 1.38215 -0.171956
vt -0.102379 -7.53501
v 0.0759266 1.38262 -0.17217
vt -0.0886061 -7.51998
v 0.0759266 1.38305 -0.172456
vt -0.072651 -7.50729
v 0.0759266 1.38343 -0.172806
vt -0.0549071 -7.49725
v 0.0759266 1.38375 -0.173211
vt -0.0358112 -7.49011
v 0.0759266 1.38401 -0.173662
vt -0.0158334 -7.48605
v 0.0759266 1.38419 -0.174147
vt 0.00453419 -7.48516
v 0.0759266 1.38429 -0.174654
vt 0.0247901 -7.48747
v 0.0759266 1.38432 -0.175172
vt 0.0444357 -7.49291
v 0.0759266 1.38426 -0.175686
vt 0.0629871 -7.50137
v 0.0759266 1.38412 -0.176185
vt 0.0799875 -7.51262
v 0.0759266 1.3839 -0.176656
vt 0.0950184 -7.52639
v 0.0759266 1.38362 -0.177088
vt 0.10771 -7.54235
v 0.0759266 1.38327 -0.17747
vt 0.117749 -7.56009
v 0.0759266 1.38286 -0.177792
vt 0.124888 -7.57919
v 0.0759266 1.38241 -0.178048
vt 0.128953 -7.59917
v 0.0759266 1.38193 -0.178229
vt 0.129842 -7.61953
v 0.0759266 1.38142 -0.178332
vt 0.127534 -7.63979
v 0.0759266 1.3809 -0.178355
vt 0.122086 -7.65944
v 0.0759266 1.38039 -0.178296
vt 0.113632 -7.67799
v 0.0759266 1.37989 -0.178158
vt 0.102379 -7.69499
v 0.0759266 1.37942 -0.177943
vt 0.0886061 -7.71002
v 0.0759266 1.37899 -0.177657
vt 0.072651 -7.72271
v 0.0759266 1.3786 -0.177308
vt 0.0549071 -7.73275
v 0.0759266 1.37828 -0.176902
vt 0.0358112 -7.73989
v 0.0759266 1.37803 -0.176452
vt 0.0158334 -7.74395
v 0.0759266 1.37785 -0.175967
vt -0.00453419 -7.74484
v 0.0759266 1.37774 -0.175459
vt -0.0247901 -7.74253
v 0.0759266 1.37772 -0.174942
vt -0.0444357 -7.73709
v 0.0759266 1.37778 -0.174427
vt -0.0629871 -7.72863
v 0.0759266 1.37792 -0.173928
vt -0.0799875 -7.71738
v 0.0759266 1.37813 -0.173457
vt -0.0950184 -7.70361
v 0.0759266 1.37842 -0.173025
vt -0.10771 -7.68765
v 0.0759266 1.37877 -0.172644
vt -0.117749 -7.66991
v 0.0759266 1.37917 -0.172321
vt -0.124888 -7.65081
v 0.0759266 1.37962 -0.172066
vt -0.128953 -7.63083
v 0.0759266 1.38011 -0.171885
vt -0.129842 -7.61047
v 0.0759266 1.38062 -0.171781
vt -0.127534 -7.59021
v 0.0759266 1.37362 -0.162209
vt -0.571077 -7.73562
v 0.0759266 1.37216 -0.162507
vt -0.577738 -7.79408
v 0.0759266 1.37076 -0.16303
vt -0.575171 -7.85287
v 0.0759266 1.36946 -0.163766
vt -0.56344 -7.91053
v 0.0759266 1.36829 -0.164697
vt -0.542832 -7.96565
v 0.0759266 1.36728 -0.165799
vt -0.513856 -8.01687
v 0.0759266 1.36645 -0.167045
vt -0.477224 -8.06292
v 0.0759266 1.36583 -0.168406
vt -0.43384 -8.10267
vt -0.38477 -8.13515
f 442/681/59 444/682/59 445/683/59 446/684/59 447/685/59 448/686/59 449/687/59 450/688/59 451/689/59 452/690/59 453/691/59 454/692/59 455/693/59 290/694/59 289/695/60 456/696/60 457/697/59 458/698/59 459/699/59 460/700/59 461/701/59 462/702/59 463/703/59 464/704/59 465/705/59 466/706/59 467/707/59 468/708/59 469/709/59 470/710/59 471/711/59 472/712/59 473/713/59 474/714/59 475/715/59 476/716/59 477/717/59 478/718/59 479/719/59 480/720/59 481/721/59 482/722/59 483/723/59 484/724/59 485/725/59 486/726/59 487/727/59 488/728/59 489/729/59 490/730/59 491/731/59 492/732/59 493/733/59 494/734/59 495/735/60 496/736/60 497/737/59 498/738/59 499/739/59 500/740/59 501/741/59 502/742/59 503/743/59 443/744/59 

vt 2.8325 -0.895805
vt 2.8325 -0.95465
vn 1.25855e-16 -0.961241 -0.275711
vt 3.0095 -0.95465
vt 3.0095 -0.895805
f 400/745/57 399/746/61 446/747/61 445/748/57 

vt -2.8325 -0.282925
vn -4.59565e-16 -0.906275 -0.422688
vt -3.0095 -0.282925
vt -3.0095 -0.34177
vt -2.8325 -0.34177
f 398/749/62 447/750/62 446/751/61 399/752/61 

vt -3.0095 -1.51281
vn -1.03508e-15 -0.828995 -0.559257
vt -3.0095 -1.57165
vt -2.8325 -1.57165
vt -2.8325 -1.51281
f 448/753/63 447/754/62 398/755/62 397/756/63 

vt -2.8325 -2.76356
vt -2.8325 -2.70472
vn -1.62098e-15 -0.731301 -0.682054
vt -3.0095 -2.70472
vt -3.0095 -2.76356
f 397/757/63 396/758/64 449/759/64 448/760/63 

vt -3.0095 -3.8293
vn -2.11698e-15 -0.615601 -0.788058
vt -3.0095 -3.88815
vt -2.8325 -3.88815
vt -2.8325 -3.8293
f 450/761/65 449/762/64 396/763/64 395/764/65 

vt -2.8325 -4.91772
vt -2.8325 -4.85887
vn -2.36865e-15 -0.484742 -0.874657
vt -3.0095 -4.85887
vt -3.0095 -4.91772
f 395/765/65 394/766/66 451/767/66 450/768/65 

vt -2.8325 -5.76808
vn -2.46293e-15 -0.341948 -0.939719
vt -3.0095 -5.76808
vt -3.0095 -5.82692
vt -2.8325 -5.82692
f 393/769/67 452/770/67 451/771/66 394/772/66 

vt -3.0095 -6.53453
vn -2.9662e-15 -0.190734 -0.981642
vt -3.0095 -6.59337
vt -2.8325 -6.59337
vt -2.8325 -6.53453
f 453/773/68 452/774/67 393/775/67 392/776/68 

vt -2.8325 -7.1982
vt -2.8325 -7.13935
vn -3.42808e-15 -0.113127 -0.993581
vt -3.0095 -7.13935
vt -3.0095 -7.1982
f 392/777/68 391/778/69 454/779/69 453/780/68 

vn -3.4399e-15 -0.0348228 -0.999394
v 0.071548 1.41489 -0.188945
v 0.071897 1.41634 -0.188995
v 0.0724689 1.41772 -0.189043
v 0.0732499 1.41899 -0.189088
v 0.0742206 1.42013 -0.189127
v 0.0827359 1.42864 -0.189424
v 0.0832212 1.42921 -0.189444
v 0.0836117 1.42984 -0.189466
v 0.0838977 1.43053 -0.18949
v 0.0840721 1.43126 -0.189515
v 0.0841308 1.432 -0.189541
v 0.0841308 1.61425 -0.195891
v 0.0840721 1.615 -0.195917
v 0.0838977 1.61572 -0.195943
v 0.0836117 1.61641 -0.195967
v 0.0832212 1.61705 -0.195989
v 0.0827359 1.61762 -0.196009
v 0.0821676 1.6181 -0.196026
v 0.0815304 1.61849 -0.196039
v 0.08084 1.61878 -0.196049
v 0.0801133 1.61895 -0.196055
v -0.0818694 1.61878 -0.196049
v -0.0825599 1.61849 -0.196039
v -0.0831971 1.6181 -0.196026
v -0.0837653 1.61762 -0.196009
v -0.0842507 1.61705 -0.195989
v -0.0846412 1.61641 -0.195967
v -0.0849271 1.61572 -0.195943
v -0.0851016 1.615 -0.195917
v -0.0851602 1.61425 -0.195891
v -0.0851602 1.432 -0.189541
v -0.0851016 1.43126 -0.189515
v -0.0849271 1.43053 -0.18949
v -0.0846412 1.42984 -0.189466
v -0.0842507 1.42921 -0.189444
v -0.0837653 1.42864 -0.189424
v -0.07525 1.42013 -0.189127
v -0.0742793 1.41899 -0.189088
v -0.0734984 1.41772 -0.189043
v -0.0729264 1.41634 -0.188995
v -0.0725775 1.41489 -0.188945
v -0.0724602 1.4134 -0.188893
v -0.0724602 1.37423 -0.187528
v -0.076956 1.37423 -0.187528
v -0.076956 1.41351 -0.188897
v -0.0770147 1.41425 -0.188923
v -0.0771891 1.41498 -0.188948
v -0.0774751 1.41567 -0.188972
v -0.0778656 1.41631 -0.188994
v -0.0783509 1.41687 -0.189014
v -0.0868662 1.42538 -0.18931
v -0.0878369 1.42652 -0.18935
v -0.0886179 1.42779 -0.189394
v -0.0891898 1.42917 -0.189442
v -0.0895388 1.43063 -0.189493
v -0.089656 1.43211 -0.189545
v -0.089656 1.61399 -0.195882
v -0.0895388 1.61548 -0.195934
v -0.0891898 1.61693 -0.195985
v -0.0886179 1.61831 -0.196033
v -0.0878369 1.61958 -0.196077
v -0.0868662 1.62072 -0.196117
v -0.0857297 1.62169 -0.19615
v -0.0844553 1.62247 -0.196178
v -0.0830744 1.62304 -0.196198
v -0.0816211 1.62339 -0.19621
v -0.080131 1.62351 -0.196214
v 0.0791016 1.62351 -0.196214
v 0.0805916 1.62339 -0.19621
v 0.082045 1.62304 -0.196198
v 0.0834258 1.62247 -0.196178
v 0.0847002 1.62169 -0.19615
v 0.0858368 1.62072 -0.196117
v 0.0868075 1.61958 -0.196077
v 0.0875884 1.61831 -0.196033
v 0.0881604 1.61693 -0.195985
v 0.0885093 1.61548 -0.195934
v 0.0886266 1.61399 -0.195882
v 0.0886266 1.43211 -0.189545
v 0.0885093 1.43063 -0.189493
v 0.0881604 1.42917 -0.189442
v 0.0875884 1.42779 -0.189394
v 0.0868075 1.42652 -0.18935
v 0.0858368 1.42538 -0.18931
v 0.0773215 1.41687 -0.189014
v 0.0768361 1.41631 -0.188994
v 0.0764456 1.41567 -0.188972
v 0.0761597 1.41498 -0.188948
v 0.0759852 1.41425 -0.188923
f 454/558/70 391/559/70 390/560/70 504/561/70 505/562/70 506/563/70 507/564/70 508/565/70 509/566/70 510/567/70 511/568/70 512/569/70 513/570/70 514/571/70 515/572/70 516/573/70 517/574/70 518/575/70 519/576/70 520/577/70 521/578/70 522/579/70 523/580/70 524/581/70 276/582/70 275/583/70 286/584/70 525/585/70 526/586/70 527/587/70 528/588/70 529/589/70 530/590/70 531/591/70 532/592/70 533/593/70 534/594/70 535/595/70 536/596/70 537/597/70 538/598/70 539/599/70 540/600/70 541/601/70 542/602/70 543/603/70 544/604/70 545/509/70 546/510/70 547/511/70 548/512/70 549/513/70 550/514/70 551/515/70 552/516/70 553/517/70 554/518/70 555/519/70 556/520/70 557/521/70 558/522/70 559/523/70 560/524/70 561/525/70 562/526/70 563/527/70 564/528/70 565/529/70 566/530/70 567/531/70 568/532/70 569/533/70 570/534/70 571/535/70 572/536/70 573/537/70 574/538/70 575/539/70 576/540/70 577/541/70 578/542/70 579/543/70 580/544/70 581/545/70 582/546/70 583/547/70 584/548/70 585/549/70 586/550/70 587/551/70 588/552/70 589/553/70 590/554/70 591/555/70 592/556/70 455/557/70 

vt -1.00814 -6.29089
vn -0.987688 0.15634 -0.00544748
vt -0.98796 -6.34617
vn -0.996917 0.0784115 -0.00273216
vt -0.0486073 -6.00322
vt -0.0687881 -5.94794
f 504/781/71 390/782/72 287/783/72 379/784/71 

vt -0.224649 -5.40306
vt -0.245278 -5.34795
vn -0.951057 0.30883 -0.0107608
vt -1.18182 -5.69851
vt -1.16119 -5.75362
f 379/785/71 378/786/73 505/787/73 504/788/71 

vt -1.34218 -5.06278
vt -0.411782 -4.69624
vt -0.43335 -4.64149
vn -0.891007 0.453715 -0.0158092
vt -1.36375 -5.00803
f 505/789/73 378/790/73 377/791/74 506/792/74 

vt -1.56219 -4.24788
vn -0.809017 0.587429 -0.0204683
vt -1.53909 -4.302
vt -0.619381 -3.9094
vt -0.642484 -3.85528
f 507/793/75 506/794/74 377/795/74 376/796/75 

vt -0.860152 -3.07736
vt -0.885557 -3.02428
vn -0.760406 0.649054 -0.0226156
vt -1.78755 -3.45603
vt -1.76215 -3.5091
f 376/797/75 375/798/76 508/799/76 507/800/75 

vt -1.90099 -3.09019
vn -0.707107 0.706678 -0.0246234
vt -1.01186 -2.63253
vt -1.22885 -2.21099
vt -2.11797 -2.66865
f 508/801/77 375/802/77 374/803/77 509/804/77 

vt -1.99162 -3.0297
vt -1.08962 -2.59796
vt -1.10232 -2.57142
vt -2.00432 -3.00316
f 509/805/76 374/806/76 373/807/75 510/808/75 

vt -0.869255 -3.32405
vt -1.78896 -3.71665
vt -1.77741 -3.74371
vt -0.857704 -3.35111
f 372/809/74 511/810/74 510/811/75 373/812/75 

vt -1.58703 -4.44128
vt -0.656628 -4.07474
vt -0.667412 -4.04737
vt -1.59781 -4.41391
f 511/813/74 372/814/74 371/815/73 512/816/73 

vt -1.41109 -5.08599
vt -0.47455 -4.73543
vt -0.484864 -4.70788
vt -1.4214 -5.05844
f 512/817/73 371/818/73 370/819/71 513/820/71 

vt -0.312669 -5.27995
vt -1.25202 -5.6229
vt -1.24193 -5.65054
vt -0.302579 -5.30759
f 369/821/72 514/822/72 513/823/71 370/824/71 

vt -1.16277 -5.88221
vn -1 -1.33199e-15 3.59778e-15
vt -0.22308 -5.54019
vt -2.67862 1.20635
vt -3.61831 0.86433
f 514/825/78 369/826/78 368/827/78 515/828/78 

vt -3.52733 0.609192
vn -0.996917 -0.0784115 0.00273216
vt -2.58798 0.952146
vt -2.59807 0.979783
vn -0.987688 -0.15634 0.00544748
vt -3.53742 0.63683
f 515/829/79 368/830/79 367/831/80 516/832/80 

vt -2.41742 0.455062
vn -0.951057 -0.30883 0.0107608
vt -3.35396 0.104504
vt -3.34364 0.0769485
vt -2.4071 0.427507
f 366/833/81 517/834/81 516/835/80 367/836/80 

vt -3.136 -0.509465
vt -2.2056 -0.142925
vt -2.21638 -0.11555
vn -0.891007 -0.453715 0.0158092
vt -3.14679 -0.48209
f 517/837/81 366/838/81 365/839/82 518/840/82 

vt -2.89045 -1.1363
vt -1.97074 -0.743702
vt -1.98229 -0.716643
vn -0.809017 -0.587429 0.0204683
vt -2.902 -1.10924
f 518/841/82 365/842/82 364/843/83 519/844/83 

vt -1.69568 -1.33178
vn -0.707107 -0.706678 0.0246234
vt -2.59767 -1.76353
vt -2.58497 -1.79007
vt -1.68297 -1.35832
f 363/845/84 520/846/84 519/847/83 364/848/83 

vt -2.18263 -2.45551
vt -1.31029 -1.96662
vt -1.32467 -1.94095
vn -0.587785 -0.808526 0.0281722
vt -2.19702 -2.42984
f 520/849/84 363/850/84 362/851/85 521/852/85 

vt -0.814648 -2.51236
vn -0.45399 -0.890466 0.0310273
vt -1.63519 -3.08395
vt -1.61837 -3.10809
vt -0.797831 -2.5365
f 361/853/86 522/854/86 521/855/85 362/856/85 

vt -0.777511 -3.6872
vt -0.0529096 -2.99803
vt -0.0731864 -2.97671
vn -0.309017 -0.95048 0.0331184
vt -0.797788 -3.66588
f 522/857/86 361/858/86 360/859/87 523/860/87 

vt 0.507688 -4.01379
vt 1.04757 -3.17205
vt 1.0228 -3.15617
vn -0.156434 -0.987089 0.0343941
vt 0.482922 -3.99791
f 523/861/87 360/862/87 359/863/88 524/864/88 

vt 2.44985 -2.68092
vn -0.0784591 -0.996313 0.0347154
vt 2.23912 -3.65847
vt 2.26788 -3.66467
vt 2.47861 -2.68712
f 277/865/89 276/866/89 524/867/88 359/868/88 

vt -1.04757 -3.17205
vn 0.309017 -0.95048 0.0331184
vt -0.507688 -4.01379
vt -0.482922 -3.99791
vt -1.0228 -3.15617
f 358/869/90 525/870/90 286/871/50 285/872/50 

vt 0.797788 -3.66588
vt 0.0731864 -2.97671
vt 0.0529096 -2.99803
vn 0.45399 -0.890466 0.0310273
vt 0.777511 -3.6872
f 525/873/90 358/874/90 357/875/91 526/876/91 

vt 1.63519 -3.08395
vt 0.814648 -2.51236
vt 0.797831 -2.5365
vn 0.587785 -0.808526 0.0281722
vt 1.61837 -3.10809
f 526/877/91 357/878/91 356/879/92 527/880/92 

vt 1.31029 -1.96662
vn 0.707107 -0.706678 0.0246234
vt 2.18263 -2.45551
vt 2.19702 -2.42984
vt 1.32467 -1.94095
f 355/881/93 528/882/93 527/883/92 356/884/92 

vt 2.59767 -1.76353
vt 1.69568 -1.33178
vt 1.68297 -1.35832
vn 0.809017 -0.587429 0.0204683
vt 2.58497 -1.79007
f 528/885/93 355/886/93 354/887/94 529/888/94 

vt 1.97074 -0.743702
vn 0.891007 -0.453715 0.0158092
vt 2.89045 -1.1363
vt 2.902 -1.10924
vt 1.98229 -0.716643
f 353/889/95 530/890/95 529/891/94 354/892/94 

vt 3.14679 -0.48209
vt 2.21638 -0.11555
vt 2.2056 -0.142925
vn 0.951057 -0.30883 0.0107608
vt 3.136 -0.509465
f 530/893/95 353/894/95 352/895/96 531/896/96 

vt 3.35396 0.104504
vt 2.41742 0.455062
vt 2.4071 0.427507
vn 0.987688 -0.15634 0.00544748
vt 3.34364 0.0769485
f 531/897/96 352/898/96 351/899/97 532/900/97 

vt 2.58798 0.952146
vn 0.996917 -0.0784115 0.00273216
vt 3.52733 0.609192
vt 3.53742 0.63683
vt 2.59807 0.979783
f 350/901/98 533/902/98 532/903/97 351/904/97 

vt 0.22308 -5.54019
vn 1 1.37063e-15 -3.37694e-15
vt 1.16277 -5.88221
vt 3.61831 0.86433
vt 2.67862 1.20635
f 349/905/99 534/906/99 533/907/99 350/908/99 

vt 1.25202 -5.6229
vn 0.996917 0.0784115 -0.00273216
vt 0.312669 -5.27995
vt 0.302579 -5.30759
vn 0.987688 0.15634 -0.00544748
vt 1.24193 -5.65054
f 534/909/100 349/910/100 348/911/101 535/912/101 

vt 0.47455 -4.73543
vn 0.951057 0.30883 -0.0107608
vt 1.41109 -5.08599
vt 1.4214 -5.05844
vt 0.484864 -4.70788
f 347/913/102 536/914/102 535/915/101 348/916/101 

vt 1.59781 -4.41391
vt 0.667412 -4.04737
vt 0.656628 -4.07474
vn 0.891007 0.453715 -0.0158092
vt 1.58703 -4.44128
f 536/917/102 347/918/102 346/919/103 537/920/103 

vt 1.78896 -3.71665
vt 0.869255 -3.32405
vt 0.857704 -3.35111
vn 0.809017 0.587429 -0.0204683
vt 1.77741 -3.74371
f 537/921/103 346/922/103 345/923/104 538/924/104 

vt 1.08962 -2.59796
vn 0.760406 0.649054 -0.0226156
vt 1.99162 -3.0297
vt 2.00432 -3.00316
vt 1.10232 -2.57142
f 344/925/105 539/926/105 538/927/104 345/928/104 

vt 1.01186 -2.63253
vn 0.707107 0.706678 -0.0246234
vt 1.90099 -3.09019
vt 2.11797 -2.66865
vt 1.22885 -2.21099
f 343/929/106 540/930/106 539/931/106 344/932/106 

vt 1.76215 -3.5091
vt 1.78755 -3.45603
vt 0.885557 -3.02428
vt 0.860152 -3.07736
f 541/933/104 540/934/105 343/935/105 342/936/104 

vt 0.642484 -3.85528
vt 0.619381 -3.9094
vt 1.53909 -4.302
vt 1.56219 -4.24788
f 342/937/104 341/938/103 542/939/103 541/940/104 

vt 1.36375 -5.00803
vt 0.43335 -4.64149
vt 0.411782 -4.69624
vt 1.34218 -5.06278
f 542/941/103 341/942/103 340/943/102 543/944/102 

vt 1.16119 -5.75362
vt 1.18182 -5.69851
vt 0.245278 -5.34795
vt 0.224649 -5.40306
f 544/945/101 543/946/102 340/947/102 339/948/101 

vt 0.0687881 -5.94794
vt 0.0486073 -6.00322
vt 0.98796 -6.34617
vt 1.00814 -6.29089
f 339/949/101 338/950/100 545/951/100 544/952/101 

v -0.0724602 1.38039 -0.178296
vn 1 1.21938e-15 -3.16334e-15
v -0.0724602 1.37989 -0.178158
v -0.0724602 1.37942 -0.177943
v -0.0724602 1.37899 -0.177657
v -0.0724602 1.3786 -0.177308
v -0.0724602 1.37828 -0.176902
v -0.0724602 1.37803 -0.176452
v -0.0724602 1.37785 -0.175967
v -0.0724602 1.37774 -0.175459
v -0.0724602 1.37772 -0.174942
v -0.0724602 1.37778 -0.174427
v -0.0724602 1.37792 -0.173928
v -0.0724602 1.37813 -0.173457
v -0.0724602 1.37842 -0.173025
v -0.0724602 1.37877 -0.172644
v -0.0724602 1.37917 -0.172321
v -0.0724602 1.37962 -0.172066
v -0.0724602 1.38011 -0.171885
v -0.0724602 1.38062 -0.171781
v -0.0724602 1.38113 -0.171759
v -0.0724602 1.38165 -0.171817
v -0.0724602 1.38215 -0.171956
v -0.0724602 1.38262 -0.17217
v -0.0724602 1.38305 -0.172456
v -0.0724602 1.38343 -0.172806
v -0.0724602 1.38375 -0.173211
v -0.0724602 1.38401 -0.173662
v -0.0724602 1.38419 -0.174147
v -0.0724602 1.38429 -0.174654
v -0.0724602 1.38432 -0.175172
v -0.0724602 1.38426 -0.175686
v -0.0724602 1.38412 -0.176185
v -0.0724602 1.3839 -0.176656
v -0.0724602 1.38362 -0.177088
vn 1 1.26849e-15 -3.27879e-15
vt 0.912073 -6.571
vt -0.0276192 -6.22898
v -0.0724602 1.37362 -0.162209
v -0.0724602 1.37216 -0.162507
v -0.0724602 1.37076 -0.16303
v -0.0724602 1.36946 -0.163766
v -0.0724602 1.36829 -0.164697
v -0.0724602 1.36728 -0.165799
v -0.0724602 1.36645 -0.167045
v -0.0724602 1.36583 -0.168406
v -0.0724602 1.36543 -0.169846
v -0.0724602 1.36526 -0.171331
v -0.0724602 1.36504 -0.177677
v -0.0724602 1.36511 -0.17917
v -0.0724602 1.3654 -0.180635
v -0.0724602 1.36593 -0.182035
v -0.0724602 1.36666 -0.183336
v -0.0724602 1.3676 -0.184505
v -0.0724602 1.3687 -0.185515
v -0.0724602 1.36994 -0.18634
v -0.0724602 1.3713 -0.18696
v -0.0724602 1.37274 -0.187359
v -0.0724602 1.38327 -0.17747
v -0.0724602 1.38286 -0.177792
v -0.0724602 1.38241 -0.178048
v -0.0724602 1.38193 -0.178229
v -0.0724602 1.38142 -0.178332
v -0.0724602 1.3809 -0.178355
f 593/717/107 594/718/107 595/719/107 596/720/107 597/721/107 598/722/107 599/723/107 600/724/107 601/725/107 602/726/107 603/727/107 604/728/107 605/729/107 606/730/107 607/731/107 608/732/107 609/733/107 610/734/107 611/735/107 612/696/107 613/697/107 614/698/107 615/699/107 616/700/107 617/701/107 618/702/107 619/703/107 620/704/107 621/705/107 622/706/107 623/707/107 624/708/107 625/709/107 626/710/108 545/953/108 338/954/107 337/695/107 627/736/107 628/737/107 629/738/107 630/739/107 631/740/107 632/741/107 633/742/107 634/743/107 635/744/107 636/681/107 637/682/107 638/683/107 639/684/107 640/685/107 641/686/107 642/687/107 643/688/107 644/689/107 645/690/107 646/691/107 546/692/108 647/711/108 648/712/107 649/713/107 650/714/107 651/715/107 652/716/107 

v -0.076956 1.37989 -0.178158
vt -3.0095 -6.36023
vn 2.59865e-15 0.341948 0.939719
vt -2.8325 -6.36023
vt -2.8325 -6.33985
vn 2.88743e-15 0.190734 0.981642
v -0.076956 1.38039 -0.178296
vt -3.0095 -6.33985
f 653/955/109 594/956/109 593/957/110 654/958/110 

vt -2.8325 -5.60417
vt -3.0095 -5.60417
v -0.076956 1.37942 -0.177943
vt -3.0095 -5.62456
vn 2.24695e-15 0.484742 0.874657
vt -2.8325 -5.62456
f 594/959/109 653/960/109 655/961/111 595/962/111 

vn -1 -1.26806e-15 3.27843e-15
v -0.076956 1.37274 -0.187359
vn -1 -1.2193e-15 3.16333e-15
v -0.076956 1.3713 -0.18696
v -0.076956 1.36994 -0.18634
v -0.076956 1.3687 -0.185515
v -0.076956 1.3676 -0.184505
v -0.076956 1.36666 -0.183336
v -0.076956 1.36593 -0.182035
v -0.076956 1.3654 -0.180635
v -0.076956 1.36511 -0.17917
v -0.076956 1.36504 -0.177677
v -0.076956 1.36526 -0.171331
v -0.076956 1.36543 -0.169846
v -0.076956 1.36583 -0.168406
v -0.076956 1.36645 -0.167045
v -0.076956 1.36728 -0.165799
v -0.076956 1.36829 -0.164697
v -0.076956 1.36946 -0.163766
v -0.076956 1.37076 -0.16303
v -0.076956 1.37216 -0.162507
v -0.076956 1.37362 -0.162209
vt 0.0261316 -6.22489
vt -0.913561 -6.56691
v -0.076956 1.38362 -0.177088
v -0.076956 1.3839 -0.176656
v -0.076956 1.38412 -0.176185
v -0.076956 1.38426 -0.175686
v -0.076956 1.38432 -0.175172
v -0.076956 1.38429 -0.174654
v -0.076956 1.38419 -0.174147
v -0.076956 1.38401 -0.173662
v -0.076956 1.38375 -0.173211
v -0.076956 1.38343 -0.172806
v -0.076956 1.38305 -0.172456
v -0.076956 1.38262 -0.17217
v -0.076956 1.38215 -0.171956
v -0.076956 1.38165 -0.171817
v -0.076956 1.38113 -0.171759
v -0.076956 1.38062 -0.171781
v -0.076956 1.38011 -0.171885
v -0.076956 1.37962 -0.172066
v -0.076956 1.37917 -0.172321
v -0.076956 1.37877 -0.172644
v -0.076956 1.37842 -0.173025
v -0.076956 1.37813 -0.173457
v -0.076956 1.37792 -0.173928
v -0.076956 1.37778 -0.174427
v -0.076956 1.37772 -0.174942
v -0.076956 1.37774 -0.175459
v -0.076956 1.37785 -0.175967
v -0.076956 1.37803 -0.176452
v -0.076956 1.37828 -0.176902
v -0.076956 1.3786 -0.177308
v -0.076956 1.37899 -0.177657
v -0.076956 1.3809 -0.178355
v -0.076956 1.38142 -0.178332
v -0.076956 1.38193 -0.178229
v -0.076956 1.38241 -0.178048
v -0.076956 1.38286 -0.177792
v -0.076956 1.38327 -0.17747
f 547/618/112 656/619/113 657/620/113 658/621/113 659/622/113 660/623/113 661/624/113 662/625/113 663/626/113 664/627/113 665/628/113 666/605/113 667/606/113 668/607/113 669/608/113 670/609/113 671/610/113 672/611/113 673/612/113 674/613/113 675/614/113 336/615/113 335/963/113 548/964/112 676/645/112 677/646/113 678/647/113 679/648/113 680/649/113 681/650/113 682/651/113 683/652/113 684/653/113 685/654/113 686/655/113 687/656/113 688/657/113 689/658/113 690/659/113 691/660/113 692/661/113 693/662/113 694/663/113 695/664/113 696/665/113 697/666/113 698/667/113 699/668/113 700/629/113 701/630/113 702/631/113 703/632/113 704/633/113 705/634/113 706/635/113 655/636/113 653/637/113 654/638/113 707/639/113 708/640/113 709/641/113 710/642/113 711/643/113 712/644/112 

vt 3.0095 -7.1982
vn -2.14057e-15 -0.190734 -0.981642
vt 3.0095 -7.13935
vn -9.96974e-16 -0.113127 -0.993581
vt 2.8325 -7.13935
vt 2.8325 -7.1982
f 656/965/114 547/966/115 546/967/115 646/968/114 

vt 2.8325 -6.53453
vt 2.8325 -6.59337
vn -1.38922e-15 -0.341948 -0.939719
vt 3.0095 -6.59337
vt 3.0095 -6.53453
f 646/969/114 645/970/116 657/971/116 656/972/114 

vt 3.0095 -5.76808
vt 2.8325 -5.76808
vt 2.8325 -5.82692
vn 1.02517e-15 -0.484742 -0.874657
vt 3.0095 -5.82692
f 657/973/116 645/974/116 644/975/117 658/976/117 

vt 3.0095 -4.91772
vn -2.31584e-16 -0.615601 -0.788058
vt 3.0095 -4.85887
vt 2.8325 -4.85887
vt 2.8325 -4.91772
f 659/977/118 658/978/117 644/979/117 643/980/118 

vt 2.8325 -3.8293
vt 2.8325 -3.88815
vn -1.70577e-15 -0.731301 -0.682054
vt 3.0095 -3.88815
vt 3.0095 -3.8293
f 643/981/118 642/982/119 660/983/119 659/984/118 

vt 3.0095 -2.76356
vn -1.05532e-15 -0.828995 -0.559257
vt 3.0095 -2.70472
vt 2.8325 -2.70472
vt 2.8325 -2.76356
f 661/985/120 660/986/119 642/987/119 641/988/120 

vt 2.8325 -1.51281
vt 2.8325 -1.57165
vn -4.2604e-16 -0.906275 -0.422688
vt 3.0095 -1.57165
vt 3.0095 -1.51281
f 641/989/120 640/990/121 662/991/121 661/992/120 

vt 3.0095 -0.282925
vt 2.8325 -0.282925
vt 2.8325 -0.34177
vn 1.46852e-16 -0.961241 -0.275711
vt 3.0095 -0.34177
f 662/993/121 640/994/121 639/995/122 663/996/122 

vt -3.0095 -0.895805
vn 3.30421e-15 -0.992537 -0.121946
vt -3.0095 -0.95465
vt -2.8325 -0.95465
vt -2.8325 -0.895805
f 664/997/123 663/998/122 639/999/122 638/1000/123 

vt -2.8325 -2.16944
vt -2.8325 -2.1106
vn 6.15356e-15 -0.999045 -0.0436961
vt -3.0095 -2.1106
vt -3.0095 -2.16944
f 638/1001/123 637/1002/124 665/1003/124 664/1004/123 

vt -2.8325 -2.47948
vn 6.31901e-15 -0.999394 0.0348228
vt -3.0095 -2.47948
vt -3.0095 -2.72948
vt -2.8325 -2.72948
f 636/1005/125 666/1006/125 665/1007/125 637/1008/125 

vt -3.0095 -3.02347
vn 1.81573e-15 -0.981642 0.190734
vt -3.0095 -3.08231
vn 1.52013e-15 -0.993581 0.113127
vt -2.8325 -3.08231
vt -2.8325 -3.02347
f 667/1009/126 666/1010/127 636/1011/127 635/1012/126 

vt -2.8325 -4.16924
vt -2.8325 -4.11039
vn 2.23246e-15 -0.939719 0.341948
vt -3.0095 -4.11039
vt -3.0095 -4.16924
f 635/1013/126 634/1014/128 668/1015/128 667/1016/126 

vt -3.0095 -5.15423
vt -2.8325 -5.15423
vt -2.8325 -5.09538
vn 2.60409e-15 -0.874657 0.484742
vt -3.0095 -5.09538
f 668/1017/128 634/1018/128 633/1019/129 669/1020/129 

vt -3.0095 -5.95418
vn 3.14883e-15 -0.788058 0.615601
vt -3.0095 -6.01303
vt -2.8325 -6.01303
vt -2.8325 -5.95418
f 670/1021/130 669/1022/129 633/1023/129 632/1024/130 

vt -2.8325 -6.72449
vt -2.8325 -6.66565
vn 3.57605e-15 -0.682054 0.731301
vt -3.0095 -6.66565
vt -3.0095 -6.72449
f 632/1025/130 631/1026/131 671/1027/131 670/1028/130 

vt -3.0095 -7.21226
vn 3.63544e-15 -0.559257 0.828995
vt -3.0095 -7.2711
vt -2.8325 -7.2711
vt -2.8325 -7.21226
f 672/1029/132 671/1030/131 631/1031/131 630/1032/132 

vt -2.8325 -7.6394
vt -2.8325 -7.58055
vn 3.44228e-15 -0.422688 0.906275
vt -3.0095 -7.58055
vt -3.0095 -7.6394
f 630/1033/132 629/1034/133 673/1035/133 672/1036/132 

vt -3.0095 -7.82031
vt -2.8325 -7.82031
vt -2.8325 -7.76146
vn 3.30765e-15 -0.275711 0.961241
vt -3.0095 -7.76146
f 673/1037/133 629/1038/133 628/1039/134 674/1040/134 

vt -3.0095 -7.75054
vn 2.63921e-15 -0.121946 0.992537
vt -3.0095 -7.80938
vt -2.8325 -7.80938
vt -2.8325 -7.75054
f 675/1041/135 674/1042/134 628/1043/134 627/1044/135 

vt -2.8325 -7.60689
vt -2.8325 -7.54805
vn 1.97501e-15 -0.0436961 0.999045
vt -3.0095 -7.54805
vt -3.0095 -7.60689
f 627/1045/135 337/1046/136 336/1047/136 675/1048/135 

vt -0.994209 -6.32905
vt -0.0548569 -5.9861
vt -0.0649474 -5.95846
vt -1.0043 -6.30141
f 548/1049/79 335/1050/79 334/1051/80 549/1052/80 

vt -0.240744 -5.36006
vt -1.17728 -5.71062
vt -1.16697 -5.73817
vt -0.23043 -5.38762
f 333/1053/81 550/1054/81 549/1055/80 334/1056/80 

vt -1.34758 -5.0491
vt -0.417174 -4.68256
vt -0.427958 -4.65518
vt -1.35836 -5.02172
f 550/1057/81 333/1058/81 332/1059/82 551/1060/82 

vt -1.54417 -4.29011
vt -0.624459 -3.89751
vt -0.63601 -3.87045
vt -1.55572 -4.26305
f 551/1061/82 332/1062/82 331/1063/83 552/1064/83 

vt -0.87769 -3.04072
vn -0.760406 -0.649054 0.0226156
vt -1.77969 -3.47246
vt -1.76698 -3.499
vt -0.864987 -3.06726
f 330/1065/137 553/1066/137 552/1067/83 331/1068/83 

vt -1.899 -3.09406
vt -1.00987 -2.6364
vt -1.22686 -2.21485
vt -2.11598 -2.67251
f 553/1069/84 330/1070/84 329/1071/84 554/1072/84 

vt -2.00916 -2.99306
vt -1.98375 -3.04614
vt -1.08175 -2.61439
vt -1.10716 -2.56132
f 555/1073/83 554/1074/137 329/1075/137 328/1076/83 

vt -0.85123 -3.36627
vt -0.874333 -3.31215
vt -1.79404 -3.70475
vt -1.77094 -3.75887
f 328/1077/83 327/1078/82 556/1079/82 555/1080/83 

vt -1.58164 -4.45497
vt -0.651235 -4.08843
vt -0.672804 -4.03368
vt -1.60321 -4.40022
f 556/1081/82 327/1082/82 326/1083/81 557/1084/81 

vt -1.42719 -5.04299
vt -1.40656 -5.0981
vt -0.470016 -4.74755
vt -0.490644 -4.69244
f 558/1085/80 557/1086/81 326/1087/81 325/1088/80 

vt -0.298738 -5.31811
vt -0.318919 -5.26283
vt -1.25827 -5.60578
vt -1.23809 -5.66106
f 325/1089/80 324/1090/79 559/1091/79 558/1092/80 

vt -2.67503 1.19648
vn -1 -1.33263e-15 3.5978e-15
vt -3.61472 0.854464
vt -1.16426 -5.87812
vt -0.224567 -5.5361
f 323/1093/138 560/1094/138 559/1095/138 324/1096/138 

vt -3.53916 0.64159
vt -3.51898 0.586314
vt -2.57963 0.929268
vt -2.59981 0.984543
f 561/1097/71 560/1098/72 323/1099/72 322/1100/71 

vt -2.39923 0.406464
vt -2.41985 0.461574
vt -3.3564 0.111015
vt -3.33577 0.0559046
f 322/1101/71 321/1102/73 562/1103/73 561/1104/71 

vt -3.12853 -0.528439
vt -2.19813 -0.161899
vt -2.21969 -0.10715
vt -3.1501 -0.47369
f 562/1105/73 321/1106/73 320/1107/74 563/1108/74 

vt -2.90641 -1.0989
vt -2.88331 -1.15302
vt -1.9636 -0.760421
vt -1.9867 -0.706301
f 564/1109/75 563/1110/74 320/1111/74 319/1112/75 

vt -1.67612 -1.37264
vt -1.70153 -1.31957
vt -2.60352 -1.75131
vt -2.57812 -1.80439
f 319/1113/75 318/1114/77 565/1115/77 564/1116/75 

vt -2.20478 -2.41599
vn -0.587785 0.808526 -0.0281722
vt -2.17601 -2.46733
vt -1.30367 -1.97844
vt -1.33243 -1.9271
f 566/1117/139 565/1118/77 318/1119/77 317/1120/139 

vt -0.791404 -2.54573
vt -0.825038 -2.49744
vn -0.45399 0.890466 -0.0310273
vt -1.64558 -3.06903
vt -1.61195 -3.11732
f 317/1121/139 316/1122/140 567/1123/140 566/1124/139 

vt -0.771289 -3.69374
vt -0.0466874 -3.00457
vt -0.087241 -2.96193
vn -0.309017 0.95048 -0.0331184
vt -0.811842 -3.6511
f 567/1125/140 316/1126/140 315/1127/141 568/1128/141 

vt 0.464008 -3.98578
vn -0.156434 0.987089 -0.0343941
vt 0.51354 -4.01755
vt 1.05342 -3.1758
vt 1.00389 -3.14403
f 569/1129/142 568/1130/141 315/1131/141 314/1132/142 

vt 2.48356 -2.68819
vt 2.42604 -2.67579
vn -0.0784591 0.996313 -0.0347154
vt 2.21532 -3.65334
vt 2.27284 -3.66574
f 314/1133/142 313/1134/143 570/1135/143 569/1136/142 

v -0.00997623 1.62395 -0.183521
vt 0.3725 -2.60448
vn -1.63499e-15 0.999394 -0.0348228
vt 3.1345 -3.10448
vt 3.1345 -2.10448
v -0.00985975 1.624 -0.182042
vt 0.367914 -2.54621
f 713/1137/144 570/1138/144 313/1139/144 714/1140/144 

vt -3.1345 -2.10448
vn -1.50015e-15 0.999394 -0.0348228
vt -3.1345 -3.10448
v -0.00985975 1.6239 -0.185001
vt 0.367914 -2.66276
v -0.00951316 1.62385 -0.186443
vt 0.354269 -2.71959
v -0.00894499 1.6238 -0.187814
vt 0.3319 -2.77359
v -0.00816925 1.62375 -0.189079
vt 0.301359 -2.82343
v -0.00720503 1.62372 -0.190208
vt 0.263397 -2.86788
v -0.00607606 1.62368 -0.191171
vt 0.21895 -2.90584
v -0.00481017 1.62365 -0.191947
vt 0.169111 -2.93638
v -0.0034385 1.62363 -0.192514
vt 0.115109 -2.95875
v -0.00199484 1.62362 -0.192861
vt 0.0582718 -2.9724
v -0.000514735 1.62362 -0.192977
vt -2.62753e-15 -2.97698
v 0.00096537 1.62362 -0.192861
vt -0.0582718 -2.9724
v 0.00240903 1.62363 -0.192514
vt -0.115109 -2.95875
v 0.0037807 1.62365 -0.191947
vt -0.169111 -2.93638
v 0.0050466 1.62368 -0.191171
vt -0.21895 -2.90584
v 0.00617556 1.62372 -0.190208
vt -0.263397 -2.86788
v 0.00713978 1.62375 -0.189079
vt -0.301359 -2.82343
v 0.00791552 1.6238 -0.187814
vt -0.3319 -2.77359
v 0.00848369 1.62385 -0.186443
vt -0.354269 -2.71959
v 0.00883028 1.6239 -0.185001
vt -0.367914 -2.66276
v 0.00894677 1.62395 -0.183521
vt -0.3725 -2.60448
v 0.00883028 1.624 -0.182042
vt -0.367914 -2.54621
v 0.00848369 1.62405 -0.180599
vt -0.354269 -2.48937
v 0.00791552 1.6241 -0.179229
vt -0.3319 -2.43537
v 0.00713978 1.62414 -0.177964
vt -0.301359 -2.38553
v 0.00617556 1.62418 -0.176835
vt -0.263397 -2.34109
v 0.0050466 1.62421 -0.175872
vt -0.21895 -2.30312
v 0.0037807 1.62424 -0.175096
vt -0.169111 -2.27258
v 0.00240903 1.62426 -0.174529
vt -0.115109 -2.25021
v 0.00096537 1.62427 -0.174182
vt -0.0582718 -2.23657
v -0.000514735 1.62428 -0.174066
vt -2.36689e-15 -2.23198
v -0.00199484 1.62427 -0.174182
vt 0.0582718 -2.23657
v -0.0034385 1.62426 -0.174529
vt 0.115109 -2.25021
v -0.00481017 1.62424 -0.175096
vt 0.169111 -2.27258
v -0.00607606 1.62421 -0.175872
vt 0.21895 -2.30312
v -0.00720503 1.62418 -0.176835
vt 0.263397 -2.34109
v -0.00816925 1.62414 -0.177964
vt 0.301359 -2.38553
v -0.00894499 1.6241 -0.179229
vt 0.3319 -2.43537
v -0.00951316 1.62405 -0.180599
vt 0.354269 -2.48937
f 313/1139/144 312/1141/145 571/1142/145 570/1138/144 713/1137/144 715/1143/145 716/1144/145 717/1145/145 718/1146/145 719/1147/145 720/1148/145 721/1149/145 722/1150/145 723/1151/145 724/1152/145 725/1153/145 726/1154/145 727/1155/145 728/1156/145 729/1157/145 730/1158/145 731/1159/145 732/1160/145 733/1161/145 734/1162/145 735/1163/145 736/1164/145 737/1165/145 738/1166/145 739/1167/145 740/1168/145 741/1169/145 742/1170/145 743/1171/145 744/1172/145 745/1173/145 746/1174/145 747/1175/145 748/1176/145 749/1177/145 750/1178/145 751/1179/145 752/1180/145 714/1140/144 

vt -2.27284 -3.66574
vn 0.156434 0.987089 -0.0343941
vt -2.21532 -3.65334
vn 0.0784591 0.996313 -0.0347154
vt -2.42604 -2.67579
vt -2.48356 -2.68819
f 572/1181/146 571/1182/147 312/1183/147 311/1184/146 

vt -1.00389 -3.14403
vt -1.05342 -3.1758
vn 0.309017 0.95048 -0.0331184
vt -0.51354 -4.01755
vt -0.464008 -3.98578
f 311/1185/146 310/1186/148 573/1187/148 572/1188/146 

vt 0.811842 -3.6511
vt 0.087241 -2.96193
vt 0.0466874 -3.00457
vn 0.45399 0.890466 -0.0310273
vt 0.771289 -3.69374
f 573/1189/148 310/1190/148 309/1191/149 574/1192/149 

vt 1.61195 -3.11732
vn 0.587785 0.808526 -0.0281722
vt 1.64558 -3.06903
vt 0.825038 -2.49744
vt 0.791404 -2.54573
f 575/1193/150 574/1194/149 309/1195/149 308/1196/150 

vt 1.33243 -1.9271
vt 1.30367 -1.97844
vt 2.17601 -2.46733
vt 2.20478 -2.41599
f 308/1197/150 307/1198/106 576/1199/106 575/1200/150 

vt 2.57812 -1.80439
vt 2.60352 -1.75131
vt 1.70153 -1.31957
vt 1.67612 -1.37264
f 577/1201/104 576/1202/106 307/1203/106 306/1204/104 

vt 1.9867 -0.706301
vt 1.9636 -0.760421
vt 2.88331 -1.15302
vt 2.90641 -1.0989
f 306/1205/104 305/1206/103 578/1207/103 577/1208/104 

vt 3.1501 -0.47369
vt 2.21969 -0.10715
vt 2.19813 -0.161899
vt 3.12853 -0.528439
f 578/1209/103 305/1210/103 304/1211/102 579/1212/102 

vt 3.33577 0.0559046
vt 3.3564 0.111015
vt 2.41985 0.461574
vt 2.39923 0.406464
f 580/1213/101 579/1214/102 304/1215/102 303/1216/101 

vt 2.59981 0.984543
vt 2.57963 0.929268
vt 3.51898 0.586314
vt 3.53916 0.64159
f 303/1217/101 302/1218/100 581/1219/100 580/1220/101 

vt 3.61472 0.854464
vn 1 1.33263e-15 -3.5978e-15
vt 2.67503 1.19648
vt 0.224567 -5.5361
vt 1.16426 -5.87812
f 581/1221/151 302/1222/151 301/1223/151 582/1224/151 

vt 1.23809 -5.66106
vt 1.25827 -5.60578
vt 0.318919 -5.26283
vt 0.298738 -5.31811
f 583/1225/97 582/1226/98 301/1227/98 300/1228/97 

vt 0.490644 -4.69244
vt 0.470016 -4.74755
vt 1.40656 -5.0981
vt 1.42719 -5.04299
f 300/1229/97 299/1230/96 584/1231/96 583/1232/97 

vt 1.60321 -4.40022
vt 0.672804 -4.03368
vt 0.651235 -4.08843
vt 1.58164 -4.45497
f 584/1233/96 299/1234/96 298/1235/95 585/1236/95 

vt 1.77094 -3.75887
vt 1.79404 -3.70475
vt 0.874333 -3.31215
vt 0.85123 -3.36627
f 586/1237/94 585/1238/95 298/1239/95 297/1240/94 

vt 1.10716 -2.56132
vt 1.08175 -2.61439
vn 0.760406 -0.649054 0.0226156
vt 1.98375 -3.04614
vt 2.00916 -2.99306
f 297/1241/94 296/1242/152 587/1243/152 586/1244/94 

vt 1.00987 -2.6364
vt 1.899 -3.09406
vt 2.11598 -2.67251
vt 1.22686 -2.21485
f 295/1245/93 588/1246/93 587/1247/93 296/1248/93 

vt 1.77969 -3.47246
vt 0.87769 -3.04072
vt 0.864987 -3.06726
vt 1.76698 -3.499
f 588/1249/152 295/1250/152 294/1251/94 589/1252/94 

vt 0.624459 -3.89751
vt 1.54417 -4.29011
vt 1.55572 -4.26305
vt 0.63601 -3.87045
f 293/1253/95 590/1254/95 589/1255/94 294/1256/94 

vt 1.35836 -5.02172
vt 0.427958 -4.65518
vt 0.417174 -4.68256
vt 1.34758 -5.0491
f 590/1257/95 293/1258/95 292/1259/96 591/1260/96 

vt 1.17728 -5.71062
vt 0.240744 -5.36006
vt 0.23043 -5.38762
vt 1.16697 -5.73817
f 591/1261/96 292/1262/96 291/1263/97 592/1264/97 

vt 0.0548569 -5.9861
vt 0.994209 -6.32905
vt 1.0043 -6.30141
vt 0.0649474 -5.95846
f 290/1265/98 455/1266/98 592/1267/97 291/1268/97 

vt -3.29169 1.37387
vn -0.987688 -0.00544748 -0.15634
vt -3.23674 1.39381
vn -1 -3.04127e-15 3.45099e-15
v -0.00997623 1.62552 -0.183576
vt -3.25789 1.45209
v -0.00985975 1.62547 -0.185056
vt -3.31284 1.43215
f 715/1269/153 713/1270/154 753/1271/154 754/1272/153 

v -0.00985975 1.62557 -0.182097
vn -0.987688 0.00544748 0.15634
f 755/1271/155 753/1272/154 713/1269/154 714/1270/155 

v -0.000514735 1.62575 -0.17704
vt 8.6183e-16 -2.34698
vn -1.25151e-15 0.999394 -0.0348228
v -0.00153789 1.62575 -0.17712
vt 0.0402819 -2.35015
vn -1.14142e-15 0.999394 -0.0348228
v -0.00253586 1.62574 -0.17736
vt 0.0795719 -2.35959
v -0.00348406 1.62572 -0.177752
vt 0.116903 -2.37505
v -0.00435914 1.62571 -0.178288
vt 0.151355 -2.39616
v -0.00513957 1.62568 -0.178954
vt 0.18208 -2.4224
v -0.00580611 1.62566 -0.179734
vt 0.208322 -2.45313
v -0.00634236 1.62563 -0.180609
vt 0.229434 -2.48758
v -0.00673512 1.62559 -0.181556
vt 0.244897 -2.52491
v -0.00697471 1.62556 -0.182554
vt 0.25433 -2.5642
v -0.00705523 1.62552 -0.183576
vt 0.2575 -2.60448
v -0.00697471 1.62549 -0.184599
vt 0.25433 -2.64477
v -0.00673512 1.62545 -0.185596
vt 0.244897 -2.68406
v -0.00634236 1.62542 -0.186544
vt 0.229434 -2.72139
v -0.00580611 1.62539 -0.187418
vt 0.208322 -2.75584
v -0.00513957 1.62536 -0.188198
vt 0.18208 -2.78656
v -0.00435914 1.62534 -0.188864
vt 0.151355 -2.81281
v -0.00348406 1.62532 -0.1894
vt 0.116903 -2.83392
v -0.00253586 1.62531 -0.189793
vt 0.0795719 -2.84938
v -0.00153789 1.6253 -0.190032
vt 0.0402819 -2.85881
v -0.000514735 1.62529 -0.190113
vt 1.06309e-15 -2.86198
v 0.000508425 1.6253 -0.190032
vt -0.0402819 -2.85881
v 0.00150639 1.62531 -0.189793
vt -0.0795719 -2.84938
v 0.00245459 1.62532 -0.1894
vt -0.116903 -2.83392
v 0.00332967 1.62534 -0.188864
vt -0.151355 -2.81281
v 0.0041101 1.62536 -0.188198
vt -0.18208 -2.78656
v 0.00477664 1.62539 -0.187418
vt -0.208322 -2.75584
v 0.00531289 1.62542 -0.186544
vt -0.229434 -2.72139
v 0.00570565 1.62545 -0.185596
vt -0.244897 -2.68406
v 0.00594524 1.62549 -0.184599
vt -0.25433 -2.64477
v 0.00602577 1.62552 -0.183576
vt -0.2575 -2.60448
v 0.00594524 1.62556 -0.182554
vt -0.25433 -2.5642
v 0.00570565 1.62559 -0.181556
vt -0.244897 -2.52491
v 0.00531289 1.62563 -0.180609
vt -0.229434 -2.48758
v 0.00477664 1.62566 -0.179734
vt -0.208322 -2.45313
v 0.0041101 1.62568 -0.178954
vt -0.18208 -2.4224
v 0.00332967 1.62571 -0.178288
vt -0.151355 -2.39616
v 0.00245459 1.62572 -0.177752
vt -0.116903 -2.37505
v 0.00150639 1.62574 -0.17736
vt -0.0795719 -2.35959
v 0.000508425 1.62575 -0.17712
vt -0.0402819 -2.35015
v -0.000514735 1.62585 -0.174121
vt 9.01083e-16 -2.23198
v 0.00096537 1.62585 -0.174237
v 0.00240903 1.62584 -0.174583
v 0.0037807 1.62582 -0.175151
v 0.0050466 1.62579 -0.175926
v 0.00617556 1.62575 -0.17689
v 0.00713978 1.62572 -0.178018
v 0.00791552 1.62567 -0.179283
v 0.00848369 1.62562 -0.180654
v 0.00883028 1.62557 -0.182097
v 0.00894677 1.62552 -0.183576
v 0.00883028 1.62547 -0.185056
v 0.00848369 1.62542 -0.186498
v 0.00791552 1.62537 -0.187869
v 0.00713978 1.62533 -0.189134
v 0.00617556 1.62529 -0.190263
v 0.0050466 1.62526 -0.191226
v 0.0037807 1.62523 -0.192001
v 0.00240903 1.62521 -0.192569
v 0.00096537 1.6252 -0.192916
v -0.000514735 1.62519 -0.193032
vt 1.10099e-15 -2.97698
v -0.00199484 1.6252 -0.192916
v -0.0034385 1.62521 -0.192569
v -0.00481017 1.62523 -0.192001
v -0.00607606 1.62526 -0.191226
v -0.00720503 1.62529 -0.190263
v -0.00816925 1.62533 -0.189134
v -0.00894499 1.62537 -0.187869
v -0.00951316 1.62542 -0.186498
v -0.00951316 1.62562 -0.180654
v -0.00894499 1.62567 -0.179283
v -0.00816925 1.62572 -0.178018
v -0.00720503 1.62575 -0.17689
v -0.00607606 1.62579 -0.175926
v -0.00481017 1.62582 -0.175151
v -0.0034385 1.62584 -0.174583
v -0.00199484 1.62585 -0.174237
f 756/1273/156 757/1274/157 758/1275/157 759/1276/157 760/1277/157 761/1278/157 762/1279/157 763/1280/157 764/1281/157 765/1282/157 766/1283/157 767/1284/157 768/1285/157 769/1286/157 770/1287/157 771/1288/157 772/1289/157 773/1290/157 774/1291/157 775/1292/157 776/1293/157 777/1294/157 778/1295/157 779/1296/157 780/1297/157 781/1298/157 782/1299/157 783/1300/157 784/1301/157 785/1302/157 786/1303/157 787/1304/157 788/1305/157 789/1306/157 790/1307/157 791/1308/157 792/1309/157 793/1310/157 794/1311/157 795/1312/156 796/1313/156 797/1171/157 798/1170/157 799/1169/157 800/1168/157 801/1167/157 802/1166/157 803/1165/157 804/1164/157 805/1163/157 806/1162/157 807/1161/157 808/1160/157 809/1159/157 810/1158/157 811/1157/157 812/1156/157 813/1155/157 814/1154/157 815/1153/157 816/1314/157 817/1151/157 818/1150/157 819/1149/157 820/1148/157 821/1147/157 822/1146/157 823/1145/157 824/1144/157 754/1143/157 753/1137/157 755/1140/157 825/1180/157 826/1179/157 827/1178/157 828/1177/157 829/1176/157 830/1175/157 831/1174/157 832/1173/156 

vt 0.254752 2.46998
vn -3.10512e-15 -0.0348228 -0.999394
v -0.000514735 1.62291 -0.176941
vt 0.251555 2.35802
v -0.00153789 1.6229 -0.177021
vt 0.291945 2.35687
vn 0.156434 -0.0343941 -0.987089
vt 0.295142 2.46882
f 756/1315/158 833/1316/158 834/1317/159 757/1318/159 

vt -0.295142 2.46882
vn -0.156434 -0.0343941 -0.987089
v 0.000508425 1.6229 -0.177021
vt -0.291945 2.35687
vt -0.251555 2.35802
vt -0.254752 2.46998
f 795/1319/160 835/1320/160 833/1321/158 756/1322/158 

vt -0.835596 2.41416
vn -0.309017 -0.0331184 -0.95048
v 0.00150639 1.6229 -0.177261
vt -0.826114 2.30257
vt -0.785853 2.30599
vt -0.795335 2.41759
f 794/1323/161 836/1324/161 835/1325/160 795/1326/160 

vt -1.34878 2.31228
vn -0.45399 -0.0310273 -0.890466
v 0.00245459 1.62288 -0.177653
vt -1.33333 2.20135
vt -1.29331 2.20693
vt -1.30876 2.31785
f 793/1327/162 837/1328/162 836/1329/161 794/1330/161 

vt -1.75873 2.07215
vt -1.77966 2.18218
vt -1.81935 2.17463
vn -0.587785 -0.0281722 -0.808526
v 0.00332967 1.62286 -0.178189
vt -1.79843 2.0646
f 837/1331/162 793/1332/162 792/1333/163 838/1334/163 

vt -2.23541 2.01608
vn -0.707107 -0.0246234 -0.706678
v 0.0041101 1.62284 -0.178855
vt -2.20965 1.90708
vt -2.17032 1.91637
vt -2.19609 2.02537
f 791/1335/164 839/1336/164 838/1337/163 792/1338/163 

vt -2.51987 1.75571
vt -2.54975 1.86365
vt -2.58869 1.85287
vn -0.809017 -0.0204683 -0.587429
v 0.00477664 1.62281 -0.179635
vt -2.55881 1.74493
f 839/1339/164 791/1340/164 790/1341/165 840/1342/165 

vt -2.87414 1.70079
vn -0.891007 -0.0158092 -0.453715
v 0.00531289 1.62278 -0.18051
vt -2.84094 1.59383
vt -2.80235 1.6058
vt -2.83554 1.71277
f 789/1343/166 841/1344/166 840/1345/165 790/1346/165 

vt -3.08913 1.57373
vn -0.951057 -0.0107608 -0.30883
v 0.00570565 1.62275 -0.181457
vt -3.05343 1.46757
vt -3.01513 1.48045
vt -3.05083 1.5866
f 788/1347/167 842/1348/167 841/1349/166 789/1350/166 

vt -3.15716 1.39058
vt -3.19453 1.49616
vt -3.23262 1.48268
v 0.00594524 1.62271 -0.182455
vt -3.19525 1.3771
f 842/1351/167 788/1352/167 787/1353/153 843/1354/153 

vt -3.30436 1.43523
vn -1 -1.39946e-15 3.49423e-15
v 0.00602577 1.62268 -0.183477
vt -3.26616 1.32995
vt -3.22817 1.34373
vt -3.26637 1.44901
f 786/1355/168 844/1356/168 843/1357/153 787/1358/153 

v 0.00594524 1.62264 -0.1845
f 844/1357/168 786/1358/168 785/1355/155 845/1356/155 

vn -0.951057 0.0107608 0.30883
v 0.00570565 1.62261 -0.185497
f 784/1353/169 846/1354/169 845/1351/155 785/1352/155 

vn -0.891007 0.0158092 0.453715
v 0.00531289 1.62258 -0.186445
f 783/1347/170 847/1348/170 846/1349/169 784/1350/169 

vn -0.809017 0.0204683 0.587429
v 0.00477664 1.62254 -0.187319
f 847/1345/170 783/1346/170 782/1343/171 848/1344/171 

vn -0.707107 0.0246234 0.706678
v 0.0041101 1.62252 -0.188099
f 781/1341/172 849/1342/172 848/1339/171 782/1340/171 

vn -0.587785 0.0281722 0.808526
v 0.00332967 1.62249 -0.188765
f 849/1337/172 781/1338/172 780/1335/173 850/1336/173 

vn -0.45399 0.0310273 0.890466
v 0.00245459 1.62248 -0.189301
f 779/1333/174 851/1334/174 850/1331/173 780/1332/173 

vn -0.309017 0.0331184 0.95048
v 0.00150639 1.62246 -0.189694
f 778/1327/175 852/1328/175 851/1329/174 779/1330/174 

vn -0.156434 0.0343941 0.987089
v 0.000508425 1.62245 -0.189933
f 852/1325/175 778/1326/175 777/1323/176 853/1324/176 

vn 3.11208e-15 0.0348228 0.999394
v -0.000514735 1.62245 -0.190014
f 776/1319/177 854/1320/177 853/1321/176 777/1322/176 

vn 0.156434 0.0343941 0.987089
v -0.00153789 1.62245 -0.189933
f 854/1317/177 776/1318/177 775/1315/178 855/1316/178 

vt 0.795335 2.41759
vn 0.309017 0.0331184 0.95048
v -0.00253586 1.62246 -0.189694
vt 0.785853 2.30599
vt 0.826114 2.30257
vt 0.835596 2.41416
f 774/1359/179 856/1360/179 855/1361/178 775/1362/178 

vt 1.30876 2.31785
vn 0.45399 0.0310273 0.890466
v -0.00348406 1.62248 -0.189301
vt 1.29331 2.20693
vt 1.33333 2.20135
vt 1.34878 2.31228
f 773/1363/180 857/1364/180 856/1365/179 774/1366/179 

vt 1.79843 2.0646
vt 1.81935 2.17463
vt 1.77966 2.18218
vn 0.587785 0.0281722 0.808526
v -0.00435914 1.62249 -0.188765
vt 1.75873 2.07215
f 857/1367/180 773/1368/180 772/1369/181 858/1370/181 

vt 2.19609 2.02537
vn 0.707107 0.0246234 0.706678
v -0.00513957 1.62252 -0.188099
vt 2.17032 1.91637
vt 2.20965 1.90708
vt 2.23541 2.01608
f 771/1371/182 859/1372/182 858/1373/181 772/1374/181 

vt 2.55881 1.74493
vt 2.58869 1.85287
vt 2.54975 1.86365
vn 0.809017 0.0204683 0.587429
v -0.00580611 1.62254 -0.187319
vt 2.51987 1.75571
f 859/1375/182 771/1376/182 770/1377/183 860/1378/183 

vt 2.83554 1.71277
vn 0.891007 0.0158092 0.453715
v -0.00634236 1.62258 -0.186445
vt 2.80235 1.6058
vt 2.84094 1.59383
vt 2.87414 1.70079
f 769/1379/184 861/1380/184 860/1381/183 770/1382/183 

vt 3.05083 1.5866
vn 0.951057 0.0107608 0.30883
v -0.00673512 1.62261 -0.185497
vt 3.01513 1.48045
vt 3.05343 1.46757
vt 3.08913 1.57373
f 768/1383/185 862/1384/185 861/1385/184 769/1386/184 

vt 3.19525 1.3771
vt 3.23262 1.48268
vt 3.19453 1.49616
vn 0.987688 0.00544748 0.15634
v -0.00697471 1.62264 -0.1845
vt 3.15716 1.39058
f 862/1387/185 768/1388/185 767/1389/186 863/1390/186 

vt 3.26637 1.44901
vn 1 1.40062e-15 -3.48653e-15
v -0.00705523 1.62268 -0.183477
vt 3.22817 1.34373
vt 3.26616 1.32995
vt 3.30436 1.43523
f 766/1391/187 864/1392/187 863/1393/186 767/1394/186 

vn 0.987688 -0.00544748 -0.15634
v -0.00697471 1.62271 -0.182455
f 864/1393/187 766/1394/187 765/1391/188 865/1392/188 

vn 0.951057 -0.0107608 -0.30883
v -0.00673512 1.62275 -0.181457
f 764/1389/189 866/1390/189 865/1387/188 765/1388/188 

vn 0.891007 -0.0158092 -0.453715
v -0.00634236 1.62278 -0.18051
f 763/1383/190 867/1384/190 866/1385/189 764/1386/189 

vn 0.809017 -0.0204683 -0.587429
v -0.00580611 1.62281 -0.179635
f 867/1381/190 763/1382/190 762/1379/191 868/1380/191 

vn 0.707107 -0.0246234 -0.706678
v -0.00513957 1.62284 -0.178855
f 761/1377/192 869/1378/192 868/1375/191 762/1376/191 

vn 0.587785 -0.0281722 -0.808526
v -0.00435914 1.62286 -0.178189
f 869/1373/192 761/1374/192 760/1371/193 870/1372/193 

vn 0.45399 -0.0310273 -0.890466
v -0.00348406 1.62288 -0.177653
f 759/1369/194 871/1370/194 870/1367/193 760/1368/193 

vn 0.309017 -0.0331184 -0.95048
v -0.00253586 1.6229 -0.177261
f 758/1363/195 872/1364/195 871/1365/194 759/1366/194 

f 872/1361/195 758/1362/195 757/1359/159 834/1360/159 

vt -8.70788e-17 -2.34698
vn 2.14021e-15 -0.999394 0.0348228
vn 1.23247e-15 -0.999394 0.0348228
vt -9.64417e-17 -2.86198
v -0.000514735 1.62292 -0.17642
vt -1.9871e-17 -2.32648
v -0.00161935 1.62292 -0.176507
vt -0.0434888 -2.32991
v -0.00269677 1.62291 -0.176766
vt -0.0859067 -2.34009
v -0.00372045 1.6229 -0.177189
vt -0.126209 -2.35678
v -0.0046652 1.62288 -0.177768
vt -0.163404 -2.37958
v -0.00550776 1.62285 -0.178487
vt -0.196576 -2.40791
v -0.00622737 1.62282 -0.179329
vt -0.224907 -2.44108
v -0.00680631 1.62279 -0.180273
vt -0.2477 -2.47827
v -0.00723033 1.62275 -0.181297
vt -0.264394 -2.51858
v -0.007489 1.62272 -0.182373
vt -0.274577 -2.56099
v -0.00757593 1.62268 -0.183477
vt -0.278 -2.60448
v -0.007489 1.62264 -0.184581
vt -0.274577 -2.64797
v -0.00723033 1.6226 -0.185658
vt -0.264394 -2.69039
v -0.00680631 1.62257 -0.186681
vt -0.2477 -2.73069
v -0.00622737 1.62253 -0.187625
vt -0.224907 -2.76789
v -0.00550776 1.6225 -0.188467
vt -0.196576 -2.80106
v -0.0046652 1.62248 -0.189186
vt -0.163404 -2.82939
v -0.00372045 1.62246 -0.189765
vt -0.126209 -2.85218
v -0.00269677 1.62245 -0.190189
vt -0.0859067 -2.86888
v -0.00161935 1.62244 -0.190447
vt -0.0434888 -2.87906
v -0.000514735 1.62243 -0.190534
vt -9.80697e-17 -2.88248
v 0.00058988 1.62244 -0.190447
vt 0.0434888 -2.87906
v 0.0016673 1.62245 -0.190189
vt 0.0859067 -2.86888
v 0.00269098 1.62246 -0.189765
vt 0.126209 -2.85218
v 0.00363573 1.62248 -0.189186
vt 0.163404 -2.82939
v 0.00447829 1.6225 -0.188467
vt 0.196576 -2.80106
v 0.0051979 1.62253 -0.187625
vt 0.224907 -2.76789
v 0.00577684 1.62257 -0.186681
vt 0.2477 -2.73069
v 0.00620087 1.6226 -0.185658
vt 0.264394 -2.69039
v 0.00645953 1.62264 -0.184581
vt 0.274577 -2.64797
v 0.00654647 1.62268 -0.183477
vt 0.278 -2.60448
v 0.00645953 1.62272 -0.182373
vt 0.274577 -2.56099
v 0.00620087 1.62275 -0.181297
vt 0.264394 -2.51858
v 0.00577684 1.62279 -0.180273
vt 0.2477 -2.47827
v 0.0051979 1.62282 -0.179329
vt 0.224907 -2.44108
v 0.00447829 1.62285 -0.178487
vt 0.196576 -2.40791
v 0.00363573 1.62288 -0.177768
vt 0.163404 -2.37958
v 0.00269098 1.6229 -0.177189
vt 0.126209 -2.35678
v 0.0016673 1.62291 -0.176766
vt 0.0859067 -2.34009
v 0.00058988 1.62292 -0.176507
vt 0.0434888 -2.32991
f 833/1395/196 835/1274/197 836/1275/197 837/1276/197 838/1277/197 839/1278/197 840/1279/197 841/1280/197 842/1281/197 843/1282/197 844/1283/197 845/1284/197 846/1285/197 847/1286/197 848/1287/197 849/1288/197 850/1289/197 851/1290/197 852/1291/197 853/1292/197 854/1396/197 855/1294/197 856/1295/197 857/1296/197 858/1297/197 859/1298/197 860/1299/197 861/1300/197 862/1301/197 863/1302/197 864/1303/197 865/1304/197 866/1305/197 867/1306/197 868/1307/197 869/1308/197 870/1309/197 871/1310/197 872/1311/197 834/1312/196 873/1397/196 874/1398/197 875/1399/197 876/1400/197 877/1401/197 878/1402/197 879/1403/197 880/1404/197 881/1405/197 882/1406/197 883/1407/197 884/1408/197 885/1409/197 886/1410/197 887/1411/197 888/1412/197 889/1413/197 890/1414/197 891/1415/197 892/1416/197 893/1417/197 894/1418/197 895/1419/197 896/1420/197 897/1421/197 898/1422/197 899/1423/197 900/1424/197 901/1425/197 902/1426/197 903/1427/197 904/1428/197 905/1429/197 906/1430/197 907/1431/197 908/1432/197 909/1433/197 910/1434/197 911/1435/197 912/1436/196 

vt 1.59119e-14 -2.34698
vt 1.58768e-14 -2.32648
f 833/1437/196 912/1436/196 873/1438/196 834/1312/196 

vt 0.249947 2.35807
vn 3.16777e-15 0.0348228 0.999394
vt 0.293552 2.35682
v 0.00058988 1.62419 -0.176551
vt 0.29498 2.4068
v -0.000514735 1.62419 -0.176465
vt 0.251374 2.40805
f 873/1439/198 912/1440/178 913/1441/178 914/1442/198 

vt 0.78425 2.30612
vt 0.827717 2.30243
v 0.0016673 1.62418 -0.17681
vt 0.83195 2.35225
vt 0.788483 2.35594
f 912/1443/178 911/1444/179 915/1445/179 913/1446/178 

vt 1.29172 2.20715
vt 1.33492 2.20113
v 0.00269098 1.62417 -0.177234
vt 1.34182 2.25065
vt 1.29861 2.25667
f 911/1447/179 910/1448/180 916/1449/180 915/1450/179 

v 0.00363573 1.62415 -0.177812
vt 1.80935 2.11342
vt 1.76649 2.12157
vt 1.75715 2.07245
vt 1.80001 2.0643
f 917/1451/181 916/1452/180 910/1453/180 909/1454/181 

vt -3.47187e-16 -2.32648
vn 1.24502e-15 -0.999394 0.0348228
vn 1.19659e-15 -0.999394 0.0348228
v 0.00447829 1.62412 -0.178531
v 0.0051979 1.62409 -0.179374
v 0.00577684 1.62406 -0.180318
v 0.00620087 1.62402 -0.181341
v 0.00645953 1.62399 -0.182418
v 0.00654647 1.62395 -0.183521
v 0.00645953 1.62391 -0.184625
v 0.00620087 1.62387 -0.185702
v 0.00577684 1.62384 -0.186725
v 0.0051979 1.6238 -0.187669
v 0.00447829 1.62377 -0.188511
v 0.00363573 1.62375 -0.189231
v 0.00269098 1.62373 -0.189809
v 0.0016673 1.62371 -0.190233
v 0.00058988 1.62371 -0.190491
v -0.000514735 1.6237 -0.190578
vt -4.8021e-16 -2.88248
v -0.00161935 1.62371 -0.190491
v -0.00269677 1.62371 -0.190233
v -0.00372045 1.62373 -0.189809
v -0.0046652 1.62375 -0.189231
v -0.00550776 1.62377 -0.188511
v -0.00622737 1.6238 -0.187669
v -0.00680631 1.62384 -0.186725
v -0.00723033 1.62387 -0.185702
v -0.007489 1.62391 -0.184625
v -0.00757593 1.62395 -0.183521
v -0.007489 1.62399 -0.182418
v -0.00723033 1.62402 -0.181341
v -0.00680631 1.62406 -0.180318
v -0.00622737 1.62409 -0.179374
v -0.00550776 1.62412 -0.178531
v -0.0046652 1.62415 -0.177812
v -0.00372045 1.62417 -0.177234
v -0.00269677 1.62418 -0.17681
v -0.00161935 1.62419 -0.176551
v -0.000514735 1.6242 -0.176185
vt -4.68635e-16 -2.31548
v -0.00166306 1.6242 -0.176276
v -0.0027831 1.62419 -0.176544
v -0.0038473 1.62418 -0.176985
v -0.00482943 1.62415 -0.177586
v -0.00570532 1.62413 -0.178334
v -0.0064534 1.6241 -0.179209
v -0.00705526 1.62406 -0.180191
v -0.00749606 1.62403 -0.181254
v -0.00776496 1.62399 -0.182374
v -0.00785533 1.62395 -0.183521
v -0.00776496 1.62391 -0.184669
v -0.00749606 1.62387 -0.185788
v -0.00705526 1.62383 -0.186852
v -0.0064534 1.6238 -0.187834
v -0.00570532 1.62377 -0.188709
v -0.00482943 1.62374 -0.189457
v -0.0038473 1.62372 -0.190058
v -0.0027831 1.6237 -0.190499
v -0.00166306 1.6237 -0.190767
v -0.000514735 1.62369 -0.190858
vt -5.56541e-16 -2.89348
v 0.000633588 1.6237 -0.190767
v 0.00175364 1.6237 -0.190499
v 0.00281783 1.62372 -0.190058
v 0.00379996 1.62374 -0.189457
v 0.00467585 1.62377 -0.188709
v 0.00542394 1.6238 -0.187834
v 0.00602579 1.62383 -0.186852
v 0.00646659 1.62387 -0.185788
v 0.00673549 1.62391 -0.184669
v 0.00682587 1.62395 -0.183521
v 0.00673549 1.62399 -0.182374
v 0.00646659 1.62403 -0.181254
v 0.00602579 1.62406 -0.180191
v 0.00542394 1.6241 -0.179209
v 0.00467585 1.62413 -0.178334
v 0.00379996 1.62415 -0.177586
v 0.00281783 1.62418 -0.176985
v 0.00175364 1.62419 -0.176544
v 0.000633588 1.6242 -0.176276
f 914/1455/199 913/1436/200 915/1435/200 916/1434/200 917/1433/200 918/1432/200 919/1431/200 920/1430/200 921/1429/200 922/1428/200 923/1427/200 924/1426/200 925/1425/200 926/1424/200 927/1423/200 928/1422/200 929/1421/200 930/1420/200 931/1419/200 932/1418/200 933/1456/200 934/1416/200 935/1415/200 936/1414/200 937/1413/200 938/1412/200 939/1411/200 940/1410/200 941/1409/200 942/1408/200 943/1407/200 944/1406/200 945/1405/200 946/1404/200 947/1403/200 948/1402/200 949/1401/200 950/1400/200 951/1399/200 952/1398/199 953/1457/199 954/46/200 955/47/200 956/48/200 957/49/200 958/50/200 959/51/200 960/52/200 961/53/200 962/54/200 963/55/200 964/56/200 965/57/200 966/58/200 967/59/200 968/60/200 969/61/200 970/62/200 971/63/200 972/64/200 973/1458/200 974/66/200 975/67/200 976/68/200 977/69/200 978/70/200 979/71/200 980/72/200 981/73/200 982/74/200 983/75/200 984/76/200 985/77/200 986/78/200 987/79/200 988/80/200 989/41/200 990/42/200 991/43/200 992/44/199 

vt 2.16876 1.91674
vt 2.21121 1.90671
vt 2.22271 1.95537
vt 2.18026 1.9654
f 909/1459/181 908/1460/182 918/1461/182 917/1462/181 

vt 2.5737 1.79269
vt 2.53166 1.80432
vt 2.51832 1.75614
vt 2.56036 1.7445
f 919/1463/183 918/1464/182 908/1465/182 907/1466/183 

vt 2.80081 1.60628
vt 2.84248 1.59335
vt 2.8573 1.6411
vt 2.81563 1.65403
f 907/1467/183 906/1468/184 920/1469/184 919/1470/183 

vt 3.01361 1.48096
vt 3.05496 1.46705
vt 3.07089 1.51445
vt 3.02955 1.52835
f 906/1471/184 905/1472/185 921/1473/185 920/1474/184 

vt 3.21345 1.42369
vt 3.17233 1.43825
vt 3.15565 1.39111
vt 3.19677 1.37656
f 922/1475/186 921/1476/185 905/1477/185 904/1478/186 

vt 3.22666 1.34428
vt 3.26767 1.3294
vn 1 1.64258e-16 -3.47119e-15
vt 3.28472 1.3764
vt 3.24371 1.39128
f 904/1479/186 903/1480/201 923/1481/201 922/1482/186 

f 924/1481/188 923/1482/201 903/1479/201 902/1480/188 

f 902/1477/188 901/1478/189 925/1475/189 924/1476/188 

f 901/1471/189 900/1472/190 926/1473/190 925/1474/189 

f 927/1469/191 926/1470/190 900/1467/190 899/1468/191 

f 899/1465/191 898/1466/192 928/1463/192 927/1464/191 

f 929/1461/193 928/1462/192 898/1459/192 897/1460/193 

f 897/1453/193 896/1454/194 930/1451/194 929/1452/193 

f 896/1447/194 895/1448/195 931/1449/195 930/1450/194 

f 932/1445/159 931/1446/195 895/1443/195 894/1444/159 

vn -3.08424e-15 -0.0348228 -0.999394
f 894/1439/159 893/1440/202 933/1441/202 932/1442/159 

vt -0.251374 2.40805
vt -0.29498 2.4068
vt -0.293552 2.35682
vt -0.249947 2.35807
f 934/1483/160 933/1484/202 893/1485/202 892/1486/160 

vt -0.827717 2.30243
vt -0.78425 2.30612
vt -0.788483 2.35594
vt -0.83195 2.35225
f 892/1487/160 891/1488/161 935/1489/161 934/1490/160 

vt -1.33492 2.20113
vt -1.29172 2.20715
vt -1.29861 2.25667
vt -1.34182 2.25065
f 891/1491/161 890/1492/162 936/1493/162 935/1494/161 

vt -1.76649 2.12157
vt -1.80935 2.11342
vt -1.80001 2.0643
vt -1.75715 2.07245
f 937/1495/163 936/1496/162 890/1497/162 889/1498/163 

vt -2.21121 1.90671
vt -2.16876 1.91674
vt -2.18026 1.9654
vt -2.22271 1.95537
f 889/1499/163 888/1500/164 938/1501/164 937/1502/163 

vt -2.53166 1.80432
vt -2.5737 1.79269
vt -2.56036 1.7445
vt -2.51832 1.75614
f 939/1503/165 938/1504/164 888/1505/164 887/1506/165 

vt -2.84248 1.59335
vt -2.80081 1.60628
vt -2.81563 1.65403
vt -2.8573 1.6411
f 887/1507/165 886/1508/166 940/1509/166 939/1510/165 

vt -3.05496 1.46705
vt -3.01361 1.48096
vt -3.02955 1.52835
vt -3.07089 1.51445
f 886/1511/166 885/1512/167 941/1513/167 940/1514/166 

vt -3.17233 1.43825
vt -3.21345 1.42369
vt -3.19677 1.37656
vt -3.15565 1.39111
f 942/1515/153 941/1516/167 885/1517/167 884/1518/153 

vt -3.26767 1.3294
vt -3.22666 1.34428
vn -1 -2.40911e-15 3.58326e-15
vt -3.24371 1.39128
vt -3.28472 1.3764
f 884/1519/153 883/1520/203 943/1521/203 942/1522/153 

f 944/1521/155 943/1522/203 883/1519/203 882/1520/155 

f 882/1517/155 881/1518/169 945/1515/169 944/1516/155 

f 881/1511/169 880/1512/170 946/1513/170 945/1514/169 

f 947/1509/171 946/1510/170 880/1507/170 879/1508/171 

f 879/1505/171 878/1506/172 948/1503/172 947/1504/171 

f 949/1501/173 948/1502/172 878/1499/172 877/1500/173 

f 877/1497/173 876/1498/174 950/1495/174 949/1496/173 

f 876/1491/174 875/1492/175 951/1493/175 950/1494/174 

f 952/1489/176 951/1490/175 875/1487/175 874/1488/176 

f 874/1485/176 873/1486/198 914/1483/198 952/1484/176 

vt 5.05805e-16 -2.32648
vt 3.8143e-16 -2.31548
f 914/1523/199 992/44/199 953/1524/199 952/1398/199 

vt -0.245459 2.23114
vt -0.250512 2.40807
vt -0.295842 2.40678
vt -0.29079 2.22985
f 45/1525/202 953/1526/202 992/1527/160 46/1528/160 

vt 0.250512 2.40807
vt 0.245459 2.23114
vt 0.29079 2.22985
vt 0.295842 2.40678
f 953/1529/202 45/1530/202 44/1531/159 954/1532/159 

vt 0.817824 2.17581
vt 0.83281 2.35218
vt 0.787623 2.35602
vt 0.772638 2.17965
f 43/1533/195 955/1534/195 954/1535/159 44/1536/159 

vt 1.31826 2.07522
vt 1.34267 2.25053
vt 1.29776 2.25679
vt 1.27334 2.08148
f 42/1537/194 956/1538/194 955/1539/195 43/1540/195 

vt 1.76565 2.12173
vt 1.73258 1.94785
vt 1.77713 1.93937
vt 1.8102 2.11326
f 956/1541/194 42/1542/194 41/1543/193 957/1544/193 

vt 2.18284 1.78292
vt 2.22355 1.95517
vt 2.17942 1.9656
vt 2.1387 1.79335
f 80/1545/192 958/1546/192 957/1547/193 41/1548/193 

vt 2.53083 1.80455
vt 2.48361 1.63397
vt 2.52732 1.62187
vt 2.57453 1.79246
f 958/1549/192 80/1550/192 79/1551/191 959/1552/191 

vt 2.80566 1.4718
vt 2.85812 1.64085
vt 2.81481 1.65429
vt 2.76235 1.48524
f 78/1553/190 960/1554/190 959/1555/191 79/1556/191 

vt 3.0153 1.3464
vt 3.07171 1.51417
vt 3.02873 1.52863
vt 2.97231 1.36086
f 77/1557/189 961/1558/189 960/1559/190 78/1560/190 

vt 3.17151 1.43854
vt 3.11246 1.27168
vt 3.15521 1.25655
vt 3.21426 1.42341
f 961/1561/189 77/1562/189 76/1563/188 962/1564/188 

vt 3.22516 1.20972
vn 1 1.33707e-15 -3.52182e-15
vt 3.28553 1.37611
vt 3.2429 1.39157
vt 3.18253 1.22519
f 75/1565/204 963/1566/204 962/1567/188 76/1568/188 

f 963/1567/204 75/1568/204 74/1565/186 964/1566/186 

f 73/1563/185 965/1564/185 964/1561/186 74/1562/186 

f 72/1557/184 966/1558/184 965/1559/185 73/1560/185 

f 966/1555/184 72/1556/184 71/1553/183 967/1554/183 

f 70/1551/182 968/1552/182 967/1549/183 71/1550/183 

f 968/1547/182 70/1548/182 69/1545/181 969/1546/181 

f 68/1543/180 970/1544/180 969/1541/181 69/1542/181 

f 67/1537/179 971/1538/179 970/1539/180 68/1540/180 

f 971/1535/179 67/1536/179 66/1533/178 972/1534/178 

vn 3.08424e-15 0.0348228 0.999394
f 65/1531/205 973/1532/205 972/1529/178 66/1530/178 

f 973/1527/205 65/1528/205 64/1525/176 974/1526/176 

vt -0.772638 2.17965
vt -0.787623 2.35602
vt -0.83281 2.35218
vt -0.817824 2.17581
f 63/1569/175 975/1570/175 974/1571/176 64/1572/176 

vt -1.27334 2.08148
vt -1.29776 2.25679
vt -1.34267 2.25053
vt -1.31826 2.07522
f 62/1573/174 976/1574/174 975/1575/175 63/1576/175 

vt -1.8102 2.11326
vt -1.77713 1.93937
vt -1.73258 1.94785
vt -1.76565 2.12173
f 976/1577/174 62/1578/174 61/1579/173 977/1580/173 

vt -2.1387 1.79335
vt -2.17942 1.9656
vt -2.22355 1.95517
vt -2.18284 1.78292
f 60/1581/172 978/1582/172 977/1583/173 61/1584/173 

vt -2.57453 1.79246
vt -2.52732 1.62187
vt -2.48361 1.63397
vt -2.53083 1.80455
f 978/1585/172 60/1586/172 59/1587/171 979/1588/171 

vt -2.76235 1.48524
vt -2.81481 1.65429
vt -2.85812 1.64085
vt -2.80566 1.4718
f 58/1589/170 980/1590/170 979/1591/171 59/1592/171 

vt -2.97231 1.36086
vt -3.02873 1.52863
vt -3.07171 1.51417
vt -3.0153 1.3464
f 57/1593/169 981/1594/169 980/1595/170 58/1596/170 

vt -3.21426 1.42341
vt -3.15521 1.25655
vt -3.11246 1.27168
vt -3.17151 1.43854
f 981/1597/169 57/1598/169 56/1599/155 982/1600/155 

vt -3.18253 1.22519
vn -1 -1.35263e-15 3.13619e-15
vt -3.2429 1.39157
vt -3.28553 1.37611
vt -3.22516 1.20972
f 55/1601/206 983/1602/206 982/1603/155 56/1604/155 

f 54/1601/153 984/1602/153 983/1603/206 55/1604/206 

f 53/1599/167 985/1600/167 984/1597/153 54/1598/153 

f 52/1593/166 986/1594/166 985/1595/167 53/1596/167 

f 986/1591/166 52/1592/166 51/1589/165 987/1590/165 

f 50/1587/164 988/1588/164 987/1585/165 51/1586/165 

f 988/1583/164 50/1584/164 49/1581/163 989/1582/163 

f 48/1579/162 990/1580/162 989/1577/163 49/1578/163 

f 47/1573/161 991/1574/161 990/1575/162 48/1576/162 

f 991/1571/161 47/1572/161 46/1569/160 992/1570/160 

f 1/1/1 80/80/1 41/41/1 40/40/1 

vt -1.60225 2.04215
vt -1.64522 2.03465
vt -1.63662 1.98539
vt -1.59365 1.99289
f 123/1605/27 81/1606/3 1/1607/3 40/1608/27 

vt -1.1632 2.11153
vt -1.1199 2.11683
vt -1.12597 2.16646
vt -1.16927 2.16116
f 40/1609/27 39/1610/28 124/1611/28 123/1612/27 

vt -0.612435 2.25119
vt -0.65596 2.24826
vt -0.652602 2.19838
vt -0.609077 2.2013
f 125/1613/29 124/1614/28 39/1615/28 38/1616/29 

vt -0.0776049 2.28655
vt -0.121226 2.28609
vt -0.120699 2.23609
vt -0.0770785 2.23655
f 126/1617/30 125/1618/29 38/1619/29 37/1620/30 

vt 0.414653 2.22037
vt 0.458229 2.21835
vt 0.460553 2.26829
vt 0.416976 2.27032
f 37/1621/30 36/1622/31 127/1623/31 126/1624/30 

vt 0.983749 2.19846
vt 0.940353 2.2029
vt 0.935259 2.15316
vt 0.978655 2.14872
f 128/1625/32 127/1626/31 36/1627/31 35/1628/32 

vt 1.42433 2.04233
vt 1.46744 2.03562
vt 1.47513 2.08502
vt 1.43203 2.09174
f 35/1629/32 34/1630/33 129/1631/33 128/1632/32 

vt 1.92066 1.94059
vt 1.87793 1.94936
vt 1.86788 1.90039
vt 1.91061 1.89161
f 130/1633/34 129/1634/33 34/1635/33 33/1636/34 

vt 2.30982 1.78051
vt 2.26749 1.79108
vt 2.25537 1.74257
vt 2.2977 1.732
f 131/1637/35 130/1638/34 33/1639/34 32/1640/35 

vt 2.57978 1.58491
vt 2.6217 1.57283
vt 2.63555 1.62088
vt 2.59363 1.63296
f 32/1641/35 31/1642/36 132/1643/36 131/1644/35 

vt 2.89375 1.47685
vt 2.8522 1.49012
vt 2.83698 1.44249
vt 2.87854 1.42922
f 133/1645/37 132/1646/36 31/1647/36 30/1648/37 

vt 3.02496 1.32818
vt 3.06622 1.31404
vt 3.08243 1.36134
vt 3.04117 1.37548
f 30/1649/37 29/1650/38 134/1651/38 133/1652/37 

vt 3.20089 1.28423
vt 3.15981 1.29892
vt 3.14298 1.25184
vt 3.18405 1.23715
f 135/1653/39 134/1654/38 29/1655/38 28/1656/39 

vt 3.249 1.25187
vt 3.20801 1.26678
vt 3.19091 1.21979
vt 3.23191 1.20488
f 136/1657/40 135/1658/39 28/1659/39 27/1660/40 

vt 3.16878 1.23466
vt 3.20982 1.21985
vt 3.22679 1.26688
vt 3.18576 1.28169
f 27/1661/40 26/1662/41 137/1663/41 136/1664/40 

vt 3.13425 1.32805
vt 3.09307 1.34243
vt 3.07658 1.29523
vt 3.11777 1.28085
f 138/1665/42 137/1666/41 26/1667/41 25/1668/42 

vt 2.91434 1.39652
vt 2.95578 1.38289
vt 2.9714 1.43038
vt 2.92996 1.44401
f 25/1669/42 24/1670/43 139/1671/43 138/1672/42 

vt 2.73866 1.56526
vt 2.69688 1.57782
vt 2.68249 1.52993
vt 2.72427 1.51738
f 140/1673/44 139/1674/43 24/1675/43 23/1676/44 

vt 2.43745 1.72081
vt 2.39528 1.73198
vt 2.38249 1.68364
vt 2.42466 1.67248
f 141/1677/8 140/1678/44 23/1679/44 22/1680/8 

vt 2.01758 1.84325
vt 2.06016 1.83378
vt 2.07102 1.88259
vt 2.02843 1.89205
f 22/1681/8 21/1682/7 142/1683/7 141/1684/8 

vt 1.64522 2.03465
vt 1.60225 2.04215
vt 1.59365 1.99289
vt 1.63662 1.98539
f 143/1685/9 142/1686/7 21/1687/7 20/1688/9 

vt 1.1199 2.11683
vt 1.1632 2.11153
vt 1.16927 2.16116
vt 1.12597 2.16646
f 20/1689/9 19/1690/10 144/1691/10 143/1692/9 

vt 0.65596 2.24826
vt 0.612435 2.25119
vt 0.609077 2.2013
vt 0.652602 2.19838
f 145/1693/11 144/1694/10 19/1695/10 18/1696/11 

vt 0.121226 2.28609
vt 0.0776049 2.28655
vt 0.0770785 2.23655
vt 0.120699 2.23609
f 146/1697/12 145/1698/11 18/1699/11 17/1700/12 

vt -0.458229 2.21835
vt -0.414653 2.22037
vt -0.416976 2.27032
vt -0.460553 2.26829
f 17/1701/12 16/1702/13 147/1703/13 146/1704/12 

vt -0.940353 2.2029
vt -0.983749 2.19846
vt -0.978655 2.14872
vt -0.935259 2.15316
f 148/1705/14 147/1706/13 16/1707/13 15/1708/14 

vt -1.46744 2.03562
vt -1.42433 2.04233
vt -1.43203 2.09174
vt -1.47513 2.08502
f 15/1709/14 14/1710/15 149/1711/15 148/1712/14 

vt -1.87793 1.94936
vt -1.92066 1.94059
vt -1.91061 1.89161
vt -1.86788 1.90039
f 150/1713/16 149/1714/15 14/1715/15 13/1716/16 

vt -2.26749 1.79108
vt -2.30982 1.78051
vt -2.2977 1.732
vt -2.25537 1.74257
f 151/1717/17 150/1718/16 13/1719/16 12/1720/17 

vt -2.6217 1.57283
vt -2.57978 1.58491
vt -2.59363 1.63296
vt -2.63555 1.62088
f 12/1721/17 11/1722/18 152/1723/18 151/1724/17 

vt -2.8522 1.49012
vt -2.89375 1.47685
vt -2.87854 1.42922
vt -2.83698 1.44249
f 153/1725/19 152/1726/18 11/1727/18 10/1728/19 

vt -3.06622 1.31404
vt -3.02496 1.32818
vt -3.04117 1.37548
vt -3.08243 1.36134
f 10/1729/19 9/1730/20 154/1731/20 153/1732/19 

vt -3.15981 1.29892
vt -3.20089 1.28423
vt -3.18405 1.23715
vt -3.14298 1.25184
f 155/1733/21 154/1734/20 9/1735/20 8/1736/21 

vt -3.20801 1.26678
vt -3.249 1.25187
vt -3.23191 1.20488
vt -3.19091 1.21979
f 156/1737/22 155/1738/21 8/1739/21 7/1740/22 

vt -3.20982 1.21985
vt -3.16878 1.23466
vt -3.18576 1.28169
vt -3.22679 1.26688
f 7/1741/22 6/1742/23 157/1743/23 156/1744/22 

vt -3.09307 1.34243
vt -3.13425 1.32805
vt -3.11777 1.28085
vt -3.07658 1.29523
f 158/1745/24 157/1746/23 6/1747/23 5/1748/24 

vt -2.95578 1.38289
vt -2.91434 1.39652
vt -2.92996 1.44401
vt -2.9714 1.43038
f 5/1749/24 4/1750/25 159/1751/25 158/1752/24 

vt -2.69688 1.57782
vt -2.73866 1.56526
vt -2.72427 1.51738
vt -2.68249 1.52993
f 160/1753/26 159/1754/25 4/1755/25 3/1756/26 

vt -2.39528 1.73198
vt -2.43745 1.72081
vt -2.42466 1.67248
vt -2.38249 1.68364
f 82/1757/4 160/1758/26 3/1759/26 2/1760/4 

vt -1.10308e-15 -2.34698
vt -9.94262e-16 -2.23198
f 756/1761/156 832/1173/156 796/1762/156 795/1312/156 

vt -0.302391 2.40659
vt -0.243963 2.40826
vn 3.10512e-15 0.0348228 0.999394
vt -0.245733 2.47023
vt -0.304161 2.46856
f 745/1763/176 744/1764/207 796/1765/207 832/1766/176 

vt 0.243963 2.40826
vt 0.302391 2.40659
vt 0.304161 2.46856
vt 0.245733 2.47023
f 744/1767/207 743/1768/178 797/1769/178 796/1770/207 

vt 0.781095 2.35657
vt 0.839337 2.35162
vt 0.844587 2.4134
vt 0.786344 2.41835
f 743/1771/178 742/1772/179 798/1773/179 797/1774/178 

vt 1.29127 2.25769
vt 1.34916 2.24963
vt 1.35772 2.31104
vt 1.29982 2.3191
f 742/1775/179 741/1776/180 799/1777/180 798/1778/179 

vt 1.82822 2.17294
vt 1.77079 2.18386
vt 1.75921 2.12295
vt 1.81663 2.11203
f 800/1779/181 799/1780/180 741/1781/180 740/1782/181 

vt 2.17304 1.96711
vt 2.22993 1.95366
vt 2.24419 2.014
vt 2.18731 2.02745
f 740/1783/181 739/1784/182 801/1785/182 800/1786/181 

vt 2.59738 1.85046
vt 2.54105 1.86606
vt 2.52451 1.8063
vt 2.58085 1.79071
f 802/1787/183 801/1788/182 739/1789/182 738/1790/183 

vt 2.80855 1.65623
vt 2.86438 1.63891
vt 2.88275 1.69812
vt 2.82693 1.71545
f 738/1791/183 737/1792/184 803/1793/184 802/1794/183 

vt 3.02252 1.53071
vt 3.07792 1.51208
vt 3.09768 1.57085
vt 3.04228 1.58948
f 737/1795/184 736/1796/185 804/1797/185 803/1798/184 

vt 3.24113 1.47967
vt 3.18602 1.49917
vt 3.16534 1.44072
vt 3.22044 1.42122
f 805/1799/186 804/1800/185 736/1801/185 735/1802/186 

vt 3.23674 1.39381
vt 3.29169 1.37387
vn 1 -5.56276e-16 -3.79319e-15
vt 3.31284 1.43215
vt 3.25789 1.45209
f 735/1803/186 734/1804/208 806/1805/208 805/1806/186 

f 807/1805/188 806/1806/208 734/1803/208 733/1804/188 

f 733/1801/188 732/1802/189 808/1799/189 807/1800/188 

f 732/1795/189 731/1796/190 809/1797/190 808/1798/189 

f 810/1793/191 809/1794/190 731/1791/190 730/1792/191 

f 730/1789/191 729/1790/192 811/1787/192 810/1788/191 

f 812/1785/193 811/1786/192 729/1783/192 728/1784/193 

f 728/1781/193 727/1782/194 813/1779/194 812/1780/193 

f 727/1775/194 726/1776/195 814/1777/195 813/1778/194 

f 815/1773/159 814/1774/195 726/1771/195 725/1772/159 

vn -3.126e-15 -0.0348228 -0.999394
f 725/1767/159 724/1768/209 816/1769/209 815/1770/159 

f 817/1765/160 816/1766/209 724/1763/209 723/1764/160 

vt -0.839337 2.35162
vt -0.781095 2.35657
vt -0.786344 2.41835
vt -0.844587 2.4134
f 723/1807/160 722/1808/161 818/1809/161 817/1810/160 

vt -1.34916 2.24963
vt -1.29127 2.25769
vt -1.29982 2.3191
vt -1.35772 2.31104
f 722/1811/161 721/1812/162 819/1813/162 818/1814/161 

vt -1.77079 2.18386
vt -1.82822 2.17294
vt -1.81663 2.11203
vt -1.75921 2.12295
f 820/1815/163 819/1816/162 721/1817/162 720/1818/163 

vt -2.22993 1.95366
vt -2.17304 1.96711
vt -2.18731 2.02745
vt -2.24419 2.014
f 720/1819/163 719/1820/164 821/1821/164 820/1822/163 

vt -2.54105 1.86606
vt -2.59738 1.85046
vt -2.58085 1.79071
vt -2.52451 1.8063
f 822/1823/165 821/1824/164 719/1825/164 718/1826/165 

vt -2.86438 1.63891
vt -2.80855 1.65623
vt -2.82693 1.71545
vt -2.88275 1.69812
f 718/1827/165 717/1828/166 823/1829/166 822/1830/165 

vt -3.07792 1.51208
vt -3.02252 1.53071
vt -3.04228 1.58948
vt -3.09768 1.57085
f 717/1831/166 716/1832/167 824/1833/167 823/1834/166 

vt -3.18602 1.49917
vt -3.24113 1.47967
vt -3.22044 1.42122
vt -3.16534 1.44072
f 754/1835/153 824/1836/167 716/1837/167 715/1838/153 

f 832/1809/176 831/1810/175 746/1807/175 745/1808/176 

f 747/1811/174 746/1812/175 831/1813/175 830/1814/174 

f 748/1817/173 747/1818/174 830/1815/174 829/1816/173 

f 829/1821/173 828/1822/172 749/1819/172 748/1820/173 

f 750/1825/171 749/1826/172 828/1823/172 827/1824/171 

f 827/1829/171 826/1830/170 751/1827/170 750/1828/171 

f 752/1831/169 751/1832/170 826/1833/170 825/1834/169 

f 714/1837/155 752/1838/169 825/1835/169 755/1836/155 

f 712/644/112 676/645/112 548/964/112 547/618/112 

vt -3.0095 -6.63795
vn 3.00684e-15 -0.682054 0.731301
vt -2.8325 -6.63795
vt -2.8325 -6.61757
vn 2.75324e-15 -0.788058 0.615601
vt -3.0095 -6.61757
f 712/1839/210 647/1840/210 626/1841/211 676/1842/211 

vt -2.8325 -7.12257
vt -3.0095 -7.12257
vt -3.0095 -7.14295
vn 3.1864e-15 -0.559257 0.828995
vt -2.8325 -7.14295
f 647/1843/210 712/1844/210 711/1845/212 648/1846/212 

vt -3.0095 -7.47232
vn 3.28761e-15 -0.422688 0.906275
vt -2.8325 -7.47232
vt -2.8325 -7.45193
vt -3.0095 -7.45193
f 710/1847/213 649/1848/213 648/1849/212 711/1850/212 

vt -2.8325 -7.59756
vt -3.0095 -7.59756
vt -3.0095 -7.61795
vn 3.30776e-15 -0.275711 0.961241
vt -2.8325 -7.61795
f 649/1851/213 710/1852/213 709/1853/214 650/1854/214 

vt -2.8325 -7.55586
vt -3.0095 -7.55586
vt -3.0095 -7.57624
vn 3.24635e-15 -0.121946 0.992537
vt -2.8325 -7.57624
f 650/1855/214 709/1856/214 708/1857/215 651/1858/215 

vt -3.0095 -7.34824
vt -2.8325 -7.34824
vt -2.8325 -7.32785
vt -3.0095 -7.32785
f 707/1859/207 652/1860/207 651/1861/215 708/1862/215 

vt -2.8325 -6.91916
vt -3.0095 -6.91916
vt -3.0095 -6.93955
vt -2.8325 -6.93955
f 652/1863/207 707/1864/207 654/1865/110 593/1866/110 

f 546/692/108 545/953/108 626/710/108 647/711/108 

vt -2.8325 -5.94937
vn 2.43185e-15 -0.874657 0.484742
vt -3.0095 -5.94937
vt -3.0095 -5.96975
vt -2.8325 -5.96975
f 625/1867/216 677/1868/216 676/1869/211 626/1870/211 

vt -2.8325 -5.13443
vn 2.05058e-15 -0.939719 0.341948
vt -3.0095 -5.13443
vt -3.0095 -5.15481
vt -2.8325 -5.15481
f 624/1871/217 678/1872/217 677/1873/216 625/1874/216 

vt -3.0095 -4.21319
vt -2.8325 -4.21319
vt -2.8325 -4.19281
vn 1.61882e-15 -0.981642 0.190734
vt -3.0095 -4.19281
f 678/1875/217 624/1876/217 623/1877/218 679/1878/218 

vt -2.8325 -3.1477
vn 1.14719e-15 -0.999394 0.0348228
vt -3.0095 -3.1477
vt -3.0095 -3.16808
vt -2.8325 -3.16808
f 622/1879/219 680/1880/219 679/1881/218 623/1882/218 

vt -3.0095 -2.04521
vt -2.8325 -2.04521
vt -2.8325 -2.02483
vn 6.47319e-16 -0.992537 -0.121946
vt -3.0095 -2.02483
f 680/1883/219 622/1884/219 621/1885/220 681/1886/220 

vt -2.8325 -0.851849
vn 1.31508e-16 -0.961241 -0.275711
vt -3.0095 -0.851849
vt -3.0095 -0.872236
vt -2.8325 -0.872236
f 620/1887/221 682/1888/221 681/1889/220 621/1890/220 

vt 2.8325 -0.342355
vn -3.87116e-16 -0.906275 -0.422688
vt 3.0095 -0.342355
vt 3.0095 -0.321968
vt 2.8325 -0.321968
f 619/1891/222 683/1892/222 682/1893/221 620/1894/221 

vt 3.0095 -1.50799
vt 2.8325 -1.50799
vt 2.8325 -1.52838
vn -8.96623e-16 -0.828995 -0.559257
vt 3.0095 -1.52838
f 683/1895/222 619/1896/222 618/1897/223 684/1898/223 

vt 2.8325 -2.67702
vn -1.38532e-15 -0.731301 -0.682054
vt 3.0095 -2.67702
vt 3.0095 -2.65664
vt 2.8325 -2.65664
f 617/1899/224 685/1900/224 684/1901/223 618/1902/223 

vt 3.0095 -3.73961
vt 2.8325 -3.73961
vt 2.8325 -3.76
vn -1.83865e-15 -0.615601 -0.788058
vt 3.0095 -3.76
f 685/1903/224 617/1904/224 616/1905/225 686/1906/225 

vt 2.8325 -4.75064
vn -2.24587e-15 -0.484742 -0.874657
vt 3.0095 -4.75064
vt 3.0095 -4.73026
vt 2.8325 -4.73026
f 615/1907/226 687/1908/226 686/1909/225 616/1910/225 

vt 2.8325 -5.62456
vn -2.59865e-15 -0.341948 -0.939719
vt 3.0095 -5.62456
vt 3.0095 -5.60417
vt 2.8325 -5.60417
f 614/1911/227 688/1912/227 687/1913/226 615/1914/226 

vt 3.0095 -6.33985
vt 2.8325 -6.33985
vt 2.8325 -6.36023
vn -3.37374e-15 -0.190734 -0.981642
vt 3.0095 -6.36023
f 688/1915/227 614/1916/227 613/1917/228 689/1918/228 

vt 2.8325 -6.93955
vn -3.89008e-15 -0.0348228 -0.999394
vt 3.0095 -6.93955
vt 3.0095 -6.91916
vt 2.8325 -6.91916
f 612/1919/229 690/1920/229 689/1921/228 613/1922/228 

vt 2.8325 -7.34824
vn -3.54501e-15 0.121946 -0.992537
vt 3.0095 -7.34824
vt 3.0095 -7.32785
vt 2.8325 -7.32785
f 611/1923/230 691/1924/230 690/1925/229 612/1926/229 

vt 2.8325 -7.57624
vn -3.30754e-15 0.275711 -0.961241
vt 3.0095 -7.57624
vt 3.0095 -7.55586
vt 2.8325 -7.55586
f 610/1927/231 692/1928/231 691/1929/230 611/1930/230 

vt 2.8325 -7.61795
vn -3.28696e-15 0.422688 -0.906275
vt 3.0095 -7.61795
vt 3.0095 -7.59756
vt 2.8325 -7.59756
f 609/1931/232 693/1932/232 692/1933/231 610/1934/231 

vt 3.0095 -7.45193
vt 2.8325 -7.45193
vt 2.8325 -7.47232
vn -3.18597e-15 0.559257 -0.828995
vt 3.0095 -7.47232
f 693/1935/232 609/1936/232 608/1937/233 694/1938/233 

vt 2.8325 -7.14295
vn -3.00684e-15 0.682054 -0.731301
vt 3.0095 -7.14295
vt 3.0095 -7.12257
vt 2.8325 -7.12257
f 607/1939/234 695/1940/234 694/1941/233 608/1942/233 

vt 3.0095 -6.61757
vt 2.8325 -6.61757
vt 2.8325 -6.63795
vn -2.75324e-15 0.788058 -0.615601
vt 3.0095 -6.63795
f 695/1943/234 607/1944/234 606/1945/235 696/1946/235 

vt 2.8325 -5.96975
vn -2.43185e-15 0.874657 -0.484742
vt 3.0095 -5.96975
vt 3.0095 -5.94937
vt 2.8325 -5.94937
f 605/1947/236 697/1948/236 696/1949/235 606/1950/235 

vt 2.8325 -5.15481
vn -2.05058e-15 0.939719 -0.341948
vt 3.0095 -5.15481
vt 3.0095 -5.13443
vt 2.8325 -5.13443
f 604/1951/237 698/1952/237 697/1953/236 605/1954/236 

vt 3.0095 -4.19281
vt 2.8325 -4.19281
vt 2.8325 -4.21319
vn -1.61882e-15 0.981642 -0.190734
vt 3.0095 -4.21319
f 698/1955/237 604/1956/237 603/1957/238 699/1958/238 

vt 2.8325 -3.16808
vn -1.14719e-15 0.999394 -0.0348228
vt 3.0095 -3.16808
vt 3.0095 -3.1477
vt 2.8325 -3.1477
f 602/1959/239 700/1960/239 699/1961/238 603/1962/238 

vt 3.0095 -2.02483
vt 2.8325 -2.02483
vt 2.8325 -2.04521
vn -6.47122e-16 0.992537 0.121946
vt 3.0095 -2.04521
f 700/1963/239 602/1964/239 601/1965/240 701/1966/240 

vt 2.8325 -0.872236
vn -1.31311e-16 0.961241 0.275711
vt 3.0095 -0.872236
vt 3.0095 -0.851849
vt 2.8325 -0.851849
f 600/1967/241 702/1968/241 701/1969/240 601/1970/240 

vt -2.8325 -0.321968
vn 3.87967e-16 0.906275 0.422688
vt -3.0095 -0.321968
vt -3.0095 -0.342355
vt -2.8325 -0.342355
f 599/1971/242 703/1972/242 702/1973/241 600/1974/241 

vt -3.0095 -1.52838
vt -2.8325 -1.52838
vt -2.8325 -1.50799
vn 8.97474e-16 0.828995 0.559257
vt -3.0095 -1.50799
f 703/1975/242 599/1976/242 598/1977/243 704/1978/243 

vt -2.8325 -2.65664
vn 1.38361e-15 0.731301 0.682054
vt -3.0095 -2.65664
vt -3.0095 -2.67702
vt -2.8325 -2.67702
f 597/1979/244 705/1980/244 704/1981/243 598/1982/243 

vt -3.0095 -3.76
vt -2.8325 -3.76
vt -2.8325 -3.73961
vn 1.83802e-15 0.615601 0.788058
vt -3.0095 -3.73961
f 705/1983/244 597/1984/244 596/1985/245 706/1986/245 

vt -2.8325 -4.73026
vt -3.0095 -4.73026
vt -3.0095 -4.75064
vt -2.8325 -4.75064
f 595/1987/111 655/1988/111 706/1989/245 596/1990/245 

f 289/695/60 496/736/60 495/735/60 456/696/60 

vt 3.0095 -7.60689
vn 2.62388e-15 -0.121946 0.992537
vt 3.0095 -7.54805
vn 1.60557e-15 -0.0436961 0.999045
vt 2.8325 -7.54805
vt 2.8325 -7.60689
f 496/1991/246 289/1992/247 288/1993/247 389/1994/246 

vt 2.8325 -7.75054
vt 2.8325 -7.80938
vn 3.37528e-15 -0.275711 0.961241
vt 3.0095 -7.80938
vt 3.0095 -7.75054
f 389/1995/246 388/1996/248 497/1997/248 496/1998/246 

vt 2.8325 -7.82031
vn 2.97137e-15 -0.422688 0.906275
vt 3.0095 -7.82031
vt 3.0095 -7.76146
vt 2.8325 -7.76146
f 387/1999/249 498/2000/249 497/2001/248 388/2002/248 

vt 3.0095 -7.6394
vn 3.11842e-15 -0.559257 0.828995
vt 3.0095 -7.58055
vt 2.8325 -7.58055
vt 2.8325 -7.6394
f 499/2003/250 498/2004/249 387/2005/249 386/2006/250 

vt 2.8325 -7.21226
vt 2.8325 -7.2711
vn 4.73412e-15 -0.682054 0.731301
vt 3.0095 -7.2711
vt 3.0095 -7.21226
f 386/2007/250 385/2008/251 500/2009/251 499/2010/250 

vt 3.0095 -6.72449
vn 5.59499e-15 -0.788058 0.615601
vt 3.0095 -6.66565
vt 2.8325 -6.66565
vt 2.8325 -6.72449
f 501/2011/252 500/2012/251 385/2013/251 384/2014/252 

vt 2.8325 -5.95418
vt 2.8325 -6.01303
vn 3.37318e-15 -0.874657 0.484742
vt 3.0095 -6.01303
vt 3.0095 -5.95418
f 384/2015/252 383/2016/253 502/2017/253 501/2018/252 

vt 2.8325 -5.15423
vn 1.5132e-15 -0.939719 0.341948
vt 3.0095 -5.15423
vt 3.0095 -5.09538
vt 2.8325 -5.09538
f 382/2019/254 503/2020/254 502/2021/253 383/2022/253 

vt 3.0095 -4.16924
vt 3.0095 -4.11039
vt 2.8325 -4.11039
vt 2.8325 -4.16924
f 443/2023/54 503/2024/254 382/2025/254 381/2026/54 

vn -3.28399e-15 0.121946 -0.992537
vn -3.17829e-15 -0.0348228 -0.999394
f 495/1859/255 433/1860/255 432/1861/256 456/1862/256 

vn -3.30765e-15 0.275711 -0.961241
f 494/1857/257 434/1858/257 433/1855/255 495/1856/255 

vn -3.2875e-15 0.422688 -0.906275
f 493/1853/258 435/1854/258 434/1851/257 494/1852/257 

vn -3.1864e-15 0.559257 -0.828995
f 435/1849/258 493/1850/258 492/1847/259 436/1848/259 

f 491/1845/234 437/1846/234 436/1843/259 492/1844/259 

f 437/1841/234 491/1842/234 490/1839/235 438/1840/235 

f 489/1869/236 439/1870/236 438/1867/235 490/1868/235 

f 488/1873/237 440/1874/237 439/1871/236 489/1872/236 

f 440/1877/237 488/1878/237 487/1875/238 441/1876/238 

f 486/1881/239 402/1882/239 441/1879/238 487/1880/238 

vn -6.47319e-16 0.992537 0.121946
f 402/1885/239 486/1886/239 485/1883/260 403/1884/260 

vn -1.31508e-16 0.961241 0.275711
f 484/1889/261 404/1890/261 403/1887/260 485/1888/260 

vn 3.87542e-16 0.906275 0.422688
f 483/1893/262 405/1894/262 404/1891/261 484/1892/261 

vn 8.97048e-16 0.828995 0.559257
f 405/1897/262 483/1898/262 482/1895/263 406/1896/263 

vn 1.38447e-15 0.731301 0.682054
f 481/1901/264 407/1902/264 406/1899/263 482/1900/263 

vn 1.8378e-15 0.615601 0.788058
f 407/1905/264 481/1906/264 480/1903/265 408/1904/265 

vn 2.24587e-15 0.484742 0.874657
f 479/1909/266 409/1910/266 408/1907/265 480/1908/265 

f 478/1913/109 410/1914/109 409/1911/266 479/1912/266 

f 410/1917/109 478/1918/109 477/1915/110 411/1916/110 

f 476/1921/207 412/1922/207 411/1919/110 477/1920/110 

f 412/1923/207 476/1924/207 475/1925/215 413/1926/215 

f 474/1929/134 414/1930/134 413/1927/215 475/1928/215 

vn 3.2875e-15 -0.422688 0.906275
f 473/1933/267 415/1934/267 414/1931/134 474/1932/134 

f 415/1937/267 473/1938/267 472/1935/212 416/1936/212 

f 471/1941/210 417/1942/210 416/1939/212 472/1940/212 

f 417/1945/210 471/1946/210 470/1943/211 418/1944/211 

f 469/1949/216 419/1950/216 418/1947/211 470/1948/211 

f 468/1953/217 420/1954/217 419/1951/216 469/1952/216 

f 420/1957/217 468/1958/217 467/1955/218 421/1956/218 

f 466/1961/219 422/1962/219 421/1959/218 467/1960/218 

f 422/1965/219 466/1966/219 465/1963/220 423/1964/220 

f 464/1969/221 424/1970/221 423/1967/220 465/1968/220 

vn -3.87542e-16 -0.906275 -0.422688
f 463/1973/268 425/1974/268 424/1971/221 464/1972/221 

vn -8.97048e-16 -0.828995 -0.559257
f 425/1977/268 463/1978/268 462/1975/269 426/1976/269 

vn -1.38447e-15 -0.731301 -0.682054
f 461/1981/270 427/1982/270 426/1979/269 462/1980/269 

vn -1.8378e-15 -0.615601 -0.788058
f 427/1985/270 461/1986/270 460/1983/271 428/1984/271 

f 459/1989/226 429/1990/226 428/1987/271 460/1988/271 

f 458/961/227 430/962/227 429/959/226 459/960/226 

vn -2.92297e-15 -0.190734 -0.981642
f 430/957/227 458/958/227 457/955/272 431/956/272 

f 456/1865/256 432/1866/256 431/1863/272 457/1864/272 

f 401/628/52 380/605/52 441/668/52 402/629/52 

vt -3.19574 1.15901
vt -3.14076 1.17886
vt -3.16181 1.23718
vt -3.21679 1.21733
f 207/2027/22 206/2028/23 280/2029/23 279/2030/22 

vt -3.06958 1.29767
vt -3.12477 1.2784
vt -3.10432 1.21987
vt -3.04914 1.23914
f 281/2031/24 280/2032/23 206/2033/23 205/2034/24 

vt -2.94345 1.32167
vt -2.88792 1.33994
vt -2.90729 1.39884
vt -2.96282 1.38057
f 205/2035/24 204/2036/25 282/2037/25 281/2038/24 

vt -2.67539 1.53207
vt -2.73137 1.51524
vt -2.71352 1.45587
vt -2.65754 1.47269
f 283/2039/26 282/2040/25 204/2041/25 203/2042/26 

vt -2.37532 1.68554
vt -2.43183 1.67058
vt -2.41596 1.61065
vt -2.35946 1.6256
f 284/2043/4 283/2044/26 203/2045/26 202/2046/4 

vt -2.01034 1.84486
vt -2.0674 1.83217
vt -2.05394 1.77165
vt -1.99688 1.78433
f 242/2047/3 284/2048/4 202/2049/4 201/2050/3 

