# Alias OBJ Model File
# Exported from SketchUp, (c) 2000-2012 Trimble Navigation Limited
# File units = meters

mtllib sub_handl.mtl

g Mesh1 M_61014666_6944_4c01_b3a0_6d25a5cdf24d_1_I6 M_61014666_6944_4c01_b3a0_6d25a5cdf24d_1_I6_TR M_61014666_6944_4c01_b3a0_6d25a5cdf24d_1_I6_TR_rotX M_61014666_6944_4c01_b3a0_6d25a5cdf24d_1_I6_TR_rotY Model

usemtl Meyer_Sound_USW2d112P_Compact_Subwoofer_meyersound2dusw2d112p_Plywood_Black
v 0.0724677 0.587368 -0.233949
vt 6.54606 3.19953
vn 0.708123 0.396324 -0.584371
v 0.0724677 0.573042 -0.24398
vt 6.11562 2.66208
vn 0.708141 0.411374 -0.573854
v 0.0572269 0.586126 -0.247421
vt 6.8965 2.47778
vn 0.42386 0.519504 -0.741929
f 1/1/1 2/2/2 3/3/3

vt 8.72806 -1.21182
vt 9.25511 -0.768703
v 0.0831201 0.571012 -0.225835
vt 8.50399 -0.410315
vn 0.918597 0.226674 -0.323724
f 2/4/2 1/5/1 4/6/4

vt 10.0406 0.0825951
v 0.0785265 0.583134 -0.227901
vt 9.82348 0.38958
vn 0.823915 0.375424 -0.424523
vt 9.31743 0.494453
f 1/7/1 5/8/5 4/9/4

vt 7.49659 -0.00417271
vt 7.76501 -0.267488
v 0.0725388 0.588782 -0.232222
vt 7.81054 -0.192291
vn 0.655252 0.670827 -0.347327
f 5/10/5 1/11/1 6/12/6

vt 6.03189 1.38751
vt 5.99353 1.30842
v 0.065085 0.590843 -0.238912
vt 6.29306 1.08112
vn 0.565779 0.534349 -0.627985
f 6/13/6 1/14/1 7/15/7

vt 9.05784 1.53967
vt 9.1004 2.03019
vt 8.85644 2.31631
f 3/16/3 7/17/7 1/18/1

vt 5.76484 3.58215
v 0.0566621 0.593426 -0.2426
vt 5.97603 3.85512
vn 0.381745 0.586718 -0.714166
vt 5.66334 4.06395
f 3/19/3 8/20/8 7/21/7

vt 3.17577 5.52271
v 0.0475228 0.595016 -0.244871
vt 3.67772 5.68577
vn 0.197312 0.541712 -0.817078
vt 3.33089 5.83101
f 3/22/3 9/23/9 8/24/8

vt 2.25152 7.03218
v 0.0380182 0.58839 -0.250653
vt 2.98155 6.78097
vn 0.0855973 0.571471 -0.816146
vt 2.74069 7.23031
f 3/25/3 10/26/10 9/27/9

vt 1.06289 4.91683
v 0.0475228 0.580689 -0.254902
vt 1.36525 4.48425
vn 0.197335 0.579174 -0.790959
vt 1.81197 4.72991
f 3/28/3 11/29/11 10/30/10

vt 3.31837 4.93432
vt 3.07907 5.40473
v 0.0566621 0.579099 -0.252631
vt 2.97053 5.07711
vn 0.381758 0.466786 -0.797729
f 11/31/11 3/32/3 12/33/12

v 0.065085 0.576517 -0.248944
vt 5.37929 3.55822
vn 0.565572 0.403566 -0.71921
vt 5.69041 3.34706
vt 5.86388 3.64543
f 13/34/13 12/35/12 3/36/3

v 0.0627212 0.575255 -0.251056
vt 6.17665 3.80044
vn 0.452981 0.152756 -0.878336
vt 6.44863 3.70203
vt 6.15145 3.9324
f 14/37/14 12/38/12 13/39/13

vt 8.43126 4.33924
vt 8.18684 4.4939
v 0.0510976 0.579204 -0.254771
vt 8.53609 4.1292
vn 0.273186 0.364232 -0.89034
f 12/40/12 14/41/14 15/42/15

vt 6.84659 5.00157
v 0.051015 0.57813 -0.255162
vt 7.21674 4.66342
vn 0.28061 0.223836 -0.933357
vt 7.24833 4.69564
f 14/43/14 16/44/16 15/45/15

v 0.0508861 0.577049 -0.255355
vt 9.34599 3.06383
vn 0.247099 0.0541636 -0.967475
vt 9.38453 3.08404
vt 9.12664 3.51397
f 17/46/17 16/47/16 14/48/14

v 0.0445773 0.578895 -0.256255
vt 7.08419 6.71023
vn 0.146445 0.241822 -0.959206
vt 6.89919 6.89125
vt 6.86969 6.85927
f 18/49/18 16/50/16 17/51/17

vt 3.8161 7.51866
vt 3.79695 7.4778
vt 4.02927 7.3637
f 15/52/15 16/53/16 18/54/18

vt 4.02926 7.3637
v 0.044619 0.579974 -0.25587
vt 4.04989 7.40383
vn 0.118593 0.417445 -0.90093
vt 3.81608 7.51866
f 18/55/18 19/56/19 15/57/15

vt -0.0884114 8.49625
vt -0.0933166 8.4514
v 0.0380182 0.578521 -0.256748
vt 0.159591 8.3938
vn 0.0313909 0.156054 -0.98725
f 19/58/19 18/59/18 20/60/20

vt 2.36004 9.49623
v 0.0445123 0.577807 -0.256437
vt 2.3464 9.45491
vn 0.115476 0.0705994 -0.990798
vt 2.59404 9.38432
f 18/61/18 21/62/21 20/63/20

vt 6.86977 6.85922
vt 7.05294 6.67999
vt 7.08428 6.71018
f 17/64/17 21/65/21 18/66/18

v 0.0444247 0.576705 -0.256429
vt 10.7061 -0.430935
vn 0.104754 -0.100881 -0.989368
vt 10.7495 -0.432921
vt 10.751 -0.176659
f 22/67/22 21/68/21 17/69/17

vt 10.695 -1.29972
vt 10.7279 -1.04433
vt 10.6849 -1.03745
f 20/70/20 21/71/21 22/72/22

vt 4.83109 -9.97112
v 0.0380182 0.575618 -0.256506
vt 4.57763 -10.006
vn 0.021816 -0.312932 -0.949525
vt 4.61185 -10.1154
f 22/73/22 23/74/23 20/75/20

v 0.0443185 0.575633 -0.256233
vt 4.09438 -10.6381
vn 0.0917206 -0.288913 -0.952951
vt 3.85273 -10.6951
vt 4.10807 -10.679
f 24/76/24 23/77/23 22/78/22

vt 2.96425 -11.3873
v 0.044196 0.574613 -0.255856
vt 2.95475 -11.3452
vn 0.0544826 -0.490166 -0.869925
vt 2.71785 -11.4177
f 24/79/24 25/80/25 23/81/23

v 0.0502594 0.573892 -0.254827
vt 5.09495 -10.5504
vn 0.13244 -0.455974 -0.880084
vt 4.87651 -10.6586
vt 4.89345 -10.6983
f 26/82/26 25/83/25 24/84/24

vt 3.18262 -11.1796
v 0.0497069 0.572157 -0.253627
vt 3.15304 -11.099
vn 0.0624248 -0.681364 -0.729278
vt 2.94884 -11.2488
f 26/85/26 27/86/27 25/87/25

vt 4.1911 -10.7405
vt 4.22735 -10.8184
v 0.061285 0.571184 -0.25096
vt 4.62736 -10.5674
vn 0.248433 -0.479149 -0.841842
f 27/88/27 26/89/26 28/90/28

vt 7.39979 -8.9945
vt 7.0827 -9.3444
v 0.0505021 0.574898 -0.255183
vt 7.1113 -9.37664
vn 0.194011 -0.271591 -0.942655
f 28/91/28 26/92/26 29/93/29

vt 4.89388 -10.698
vt 5.11665 -10.5876
vt 5.09538 -10.5501
f 24/94/24 29/95/29 26/96/26

vt 7.84796 -8.24652
vt 7.66963 -8.41975
vt 7.69811 -8.45209
f 29/97/29 24/98/24 22/99/22

vt 7.69837 -8.45181
v 0.0507126 0.575958 -0.255361
vt 7.8797 -8.27565
vn 0.227544 -0.11839 -0.966544
vt 7.84821 -8.24624
f 22/100/22 30/101/30 29/102/29

vt 10.7511 -0.178176
vt 10.7076 -0.17964
vt 10.7061 -0.432447
f 17/103/17 30/104/30 22/105/22

v 0.0621464 0.573149 -0.251351
vt 10.6713 -0.686147
vn 0.360261 -0.150193 -0.920681
vt 10.7174 -1.17366
vt 10.7609 -1.17291
f 31/106/31 30/107/30 17/108/17

vt 9.53395 -6.28292
vt 9.57206 -6.30303
vt 9.75878 -5.85035
f 29/109/29 30/110/30 31/111/31

vt 8.69479 -7.6789
vt 8.6184 -7.6397
vt 8.3944 -8.06287
f 31/112/31 28/113/28 29/114/29

vt 9.39612 -6.78812
vt 9.47676 -6.81761
v 0.0717105 0.568839 -0.245195
vt 9.5956 -6.35371
vn 0.541787 -0.228905 -0.808746
f 28/115/28 31/116/31 32/117/32

vt 10.3908 -0.535551
vt 10.5413 -0.990176
vt 10.6252 -0.968406
f 32/118/32 31/119/31 14/120/14

vt 10.1948 1.64058
vt 10.1148 1.60723
vt 10.3143 1.15429
f 14/121/14 31/122/31 17/123/17

vt 10.6252 -0.968389
v 0.0725132 0.570841 -0.244753
vt 10.4711 -0.502934
vn 0.670707 0.106227 -0.734077
vt 10.3908 -0.535535
f 14/124/14 33/125/33 32/126/32

vt 9.20424 1.51877
vt 8.89949 1.78296
vt 9.18668 1.38558
f 13/127/13 33/128/33 14/129/14

vt 8.66145 1.57206
vt 8.41989 1.86021
vt 8.33976 1.81535
f 13/130/13 2/131/2 33/132/33

vt 6.39188 0.631449
vt 5.60521 0.789226
vt 5.90449 0.5616
f 3/133/3 2/134/2 13/135/13

vt 9.17378 -0.209164
v 0.0785265 0.568807 -0.237933
vt 8.94572 0.0897868
vn 0.823659 0.266528 -0.500549
vt 9.09027 -0.24736
f 2/136/2 34/137/34 33/138/33

vt 6.87998 -1.0535
vt 6.573 -0.279947
vt 6.60628 -0.795682
f 2/139/2 4/140/4 34/141/34

v 0.0830286 0.563976 -0.231033
vt 8.65638 -1.43551
vn 0.922474 0.157405 -0.352513
vt 8.89045 -1.72978
vt 8.91995 -1.21381
f 35/142/35 34/143/34 4/144/4

v 0.0800128 0.565139 -0.236609
vt 9.16794 -1.58455
vn 0.814152 -0.0575247 -0.577796
vt 9.32174 -1.64239
vt 9.097 -1.34093
f 36/145/36 34/146/34 35/147/35

vt 9.91223 -0.695751
vt 9.76282 -0.627398
vt 10.0149 -1.04791
f 34/148/34 36/149/36 33/150/33

vt 10.5904 -2.49768
vt 10.6734 -2.47278
vt 10.502 -2.01343
f 32/151/32 33/152/33 36/153/36

vt 10.502 -2.01341
v 0.0790355 0.563269 -0.23724
vt 10.4229 -2.049
vn 0.67428 -0.333564 -0.658848
vt 10.5904 -2.49767
f 36/154/36 37/155/37 32/156/32

vt 10.5091 -3.43871
vt 10.5905 -3.40863
v 0.0842582 0.55764 -0.227636
vt 10.3519 -2.98085
vn 0.818998 -0.282495 -0.499438
f 37/157/37 36/158/36 38/159/38

vt 10.5232 -3.02298
v 0.0847216 0.558526 -0.227165
vt 10.3016 -2.58561
vn 0.905622 -0.134991 -0.402029
vt 10.2639 -2.60742
f 36/160/36 39/161/39 38/162/38

vt 10.1456 -2.47448
v 0.0850183 0.559476 -0.226596
vt 9.92456 -2.0328
vn 0.939259 -0.00390213 -0.343187
vt 9.88707 -2.0579
f 36/163/36 40/164/40 39/165/39

vt 10.2096 -2.34415
vt 10.4086 -2.79618
vt 10.3767 -2.54446
f 40/166/40 36/167/36 35/168/35

v 0.085801 0.558734 -0.223547
vt 8.75758 -2.67443
vn 0.981348 0.126893 -0.144414
vt 8.79336 -2.79664
vt 8.9842 -2.97447
f 41/169/41 40/170/40 35/171/35

vt 10.0102 -3.0246
vt 9.98215 -2.90039
v 0.0862282 0.555941 -0.221549
vt 9.87291 -2.819
vn 0.97489 -0.0724421 -0.210573
f 40/172/40 41/173/41 42/174/42

v 0.0867371 0.553282 -0.215761
vt 9.10979 -3.36982
vn 0.998204 0.00323212 -0.0598257
vt 9.21621 -3.59776
vt 9.32741 -3.67645
f 43/175/43 42/176/42 41/177/41

vt 9.86538 -3.14294
v 0.0865359 0.551983 -0.216671
vt 9.8138 -3.17901
vn 0.968942 -0.187107 -0.161683
vt 9.9684 -3.37244
f 43/178/43 44/179/44 42/180/42

vt 9.89835 -3.34636
vt 9.95004 -3.31046
v 0.0867371 0.552491 -0.214631
vt 9.91907 -3.26587
vn 0.996167 -0.0716557 -0.050175
f 44/181/44 43/182/43 45/183/45

vt 9.64906 -3.49253
v 0.0867371 0.558058 -0.212417
vt 9.83707 -3.36088
vn 0.997633 0.0526609 -0.0442087
vt 9.61792 -3.44806
f 43/184/43 46/185/46 45/186/45

vt 9.44129 -3.16409
vt 9.65766 -3.47161
vt 9.62901 -3.03202
f 43/187/43 41/188/41 46/189/46

vt 8.95162 -2.98028
vt 8.98509 -3.41953
vt 9.47982 -3.50985
f 46/190/46 41/191/41 4/192/4

vt 9.64446 -2.58611
vt 9.15019 -2.49331
vt 9.37207 -2.79688
f 4/193/4 41/194/41 35/195/35

vt 9.39351 -2.61
vt 9.91624 -3.14497
v 0.0867371 0.562833 -0.209073
vt 9.58034 -2.47668
vn 0.996776 0.0274603 -0.0753918
f 46/196/46 4/197/4 47/198/47

vt 10.3561 -3.11303
v 0.085801 0.57306 -0.213515
vt 10.4371 -2.61668
vn 0.981253 0.0888767 -0.17101
vt 10.0345 -2.43773
f 4/199/4 48/200/48 47/201/47

vt 9.68375 -2.09486
vt 9.62263 -2.59404
v 0.0830286 0.578303 -0.221002
vt 9.90595 -2.39819
vn 0.922819 0.273803 -0.270991
f 48/202/48 4/203/4 49/204/49

vt 8.94884 -1.20533
vt 9.45806 -1.29357
vt 9.22453 -0.998884
f 4/205/4 5/206/5 49/207/49

vt 9.05558 -1.43247
v 0.080044 0.583075 -0.224072
vt 9.03247 -1.27194
vn 0.818035 0.554852 -0.151518
vt 8.81532 -1.14324
f 5/208/5 50/209/50 49/210/49

vt 6.71497 -1.16025
vt 7.03485 -1.33809
vt 6.67681 -1.00261
f 5/211/5 6/212/6 50/213/50

vt 5.36657 -2.31648
vt 5.73467 -2.6409
v 0.0717682 0.589901 -0.230516
vt 5.78721 -2.573
vn 0.573538 0.81718 -0.0572
f 50/214/50 6/215/6 51/216/51

v 0.0621877 0.594219 -0.236683
vt 4.28296 -1.16315
vn 0.394654 0.901581 -0.1772
vt 3.87528 -0.910337
vt 3.82547 -0.980268
f 52/217/52 51/218/51 6/219/6

vt 1.89622 -4.22355
vt 2.30993 -4.46636
v 0.0705852 0.590397 -0.228752
vt 1.94672 -4.15412
vn 0.338669 0.915987 0.215105
f 51/220/51 52/221/52 53/222/53

vt 2.30995 -4.46634
v 0.0613405 0.594564 -0.234703
vt 2.34595 -4.3884
vn 0.236124 0.961483 0.140695
vt 1.94674 -4.1541
f 52/223/52 54/224/54 53/225/53

vt 0.656215 -3.60088
vt 0.620456 -3.67894
v 0.050528 0.597247 -0.239647
vt 1.09469 -3.79582
vn 0.209038 0.975465 -0.0690801
f 54/226/54 52/227/52 55/228/55

vt 0.863246 -2.6734
v 0.0507343 0.597032 -0.2407
vt 1.32703 -2.83312
vn 0.20608 0.946779 -0.247266
vt 1.33724 -2.79126
f 52/229/52 56/230/56 55/231/55

v 0.0509016 0.596637 -0.241707
vt 1.98378 -0.927438
vn 0.278896 0.877263 -0.390674
vt 1.99526 -0.885906
vt 1.53357 -0.720227
f 57/232/57 56/233/56 52/234/52

vt -0.0125495 -0.327243
vt -0.0217016 -0.369349
v 0.0445349 0.597196 -0.243224
vt 0.229011 -0.432762
vn 0.138939 0.873497 -0.466582
f 56/235/56 57/236/57 58/237/58

v 0.0510247 0.596076 -0.242638
vt 0.524337 1.6413
vn 0.264826 0.789344 -0.553898
vt 0.783299 1.61489
vt 0.533906 1.68331
f 59/238/59 58/239/58 57/240/57

v 0.0446202 0.596134 -0.244566
vt 0.969225 3.18796
vn 0.131856 0.716714 -0.684788
vt 0.982351 3.25414
vt 0.723652 3.28301
f 60/241/60 58/242/58 59/243/59

v 0.0380182 0.597492 -0.243464
vt -0.643427 3.47318
vn 0.0293157 0.870642 -0.491042
vt -0.900148 3.48521
vt -0.906604 3.41805
f 61/244/61 58/245/58 60/246/60

vt -1.06413 -0.024039
vt -0.807325 -0.0342241
v 0.0444357 0.59778 -0.241769
vt -1.05885 0.0375803
vn 0.0880199 0.958822 -0.270023
f 58/247/58 61/248/61 62/249/62

vt -1.18535 -1.42279
v 0.0380182 0.598257 -0.240654
vt -1.18454 -1.30812
vn 0.0219037 0.997561 -0.0662793
vt -1.43761 -1.35362
f 61/250/61 63/251/63 62/252/62

vt -1.17211 -1.30788
vt -1.17296 -1.42255
v 0.031775 0.59803 -0.242133
vt -0.926665 -1.36822
vn 0.00920996 0.963852 -0.266278
f 63/253/63 61/254/61 64/255/64

vt -1.38807 -0.443822
v 0.031759 0.597659 -0.243162
vt -1.1416 -0.431174
vn 0.000215367 0.903524 -0.428537
vt -1.1421 -0.388101
f 61/256/61 65/257/65 64/258/64

vt -1.51932 1.92016
v 0.031775 0.597096 -0.244101
vt -1.27349 1.89094
vn 0.00309285 0.804007 -0.594611
vt -1.27291 1.93403
f 61/259/61 66/260/66 65/261/65

v 0.031775 0.596391 -0.244936
vt -0.989072 3.79121
vn 0.00856945 0.713877 -0.700219
vt -0.98844 3.83424
vt -1.23382 3.86704
f 67/262/67 66/263/66 61/264/61

v 0.0255219 0.596391 -0.244936
vt -1.00129 3.77628
vn -0.0020103 0.701464 -0.712702
vt -1.24747 3.81932
vt -1.24747 3.77628
f 68/265/68 66/266/66 67/267/67

v 0.0130156 0.597096 -0.244101
vt -0.508912 3.81932
vn -0.00226517 0.798711 -0.601711
f 66/266/66 68/265/68 69/268/69

v 0.0192637 0.595553 -0.245638
vt -0.920338 5.03609
vn -0.0020093 0.637532 -0.770421
vt -0.675263 5.12442
vt -1.16718 5.07642
f 70/269/70 69/270/69 68/271/68

vt -0.508912 4.80872
vt -0.754902 4.72297
v 0.00988648 0.595553 -0.245638
vt -0.38572 4.72297
vn -4.61845e-16 0.64195 -0.766746
f 69/272/69 70/273/70 71/274/71

vt -0.754902 6.58945
v 0.0192687 0.591975 -0.248143
vt -0.755099 6.41751
vn -1.00628e-07 0.573574 -0.819154
vt -0.38572 6.58945
f 70/275/70 72/276/72 71/277/71

v 0.0286409 0.595553 -0.245638
vt -1.12408 6.58945
vn -4.82061e-16 0.615156 -0.788405
f 70/275/70 73/278/73 72/276/72

vt -0.754902 5.67707
vt -1.00129 5.7201
vt -1.12408 5.67707
f 70/279/70 68/280/68 73/281/73

vt -1.24747 5.7201
f 73/281/73 68/280/68 67/282/67

v 0.0380182 0.595553 -0.245638
vt -1.49327 5.67707
vn 0.0378992 0.624854 -0.779821
f 67/282/67 74/283/74 73/281/73

vt -1.1059 4.18902
vt -1.10849 4.07438
vt -0.861715 4.1114
f 61/284/61 74/285/74 67/286/67

vt -1.10702 4.13978
vt -0.848813 4.08328
vt -0.84448 4.19787
f 60/287/60 74/288/74 61/289/61

vt 0.375588 7.59659
vt 0.7467 7.53611
vt 0.496257 7.62062
f 9/290/9 74/291/74 60/292/60

vt 0.395213 6.2507
vt 0.442943 6.59166
vt 0.0705661 6.64378
f 10/293/10 74/294/74 9/295/9

vt -0.755117 6.41747
vt -1.49328 6.58941
vt -1.49328 6.24512
f 72/296/72 74/297/74 10/298/10

vt -1.49327 6.58945
f 72/276/72 73/278/73 74/299/74

vt -1.49326 6.24508
v 0.0192687 0.584804 -0.253164
vt -0.755095 6.07274
vn 4.8573e-05 0.573833 -0.818972
vt -0.755095 6.41742
f 10/300/10 75/301/75 72/302/72

v 0.0380182 0.581226 -0.255669
vt -1.49326 5.9008
vn 0.0382336 0.518734 -0.854081
vt -0.755091 6.07275
vt -1.49326 6.24509
f 76/303/76 75/304/75 10/305/10

vt -0.748668 6.05809
vt -1.48692 5.8865
v 0.0286308 0.581228 -0.255672
vt -1.11734 5.8863
vn -0.00165731 0.522578 -0.85259
f 75/306/75 76/307/76 77/308/77

v 0.031722 0.580265 -0.256238
vt -1.23815 6.64707
vn 0.0061785 0.403597 -0.914916
vt -1.11643 6.69096
vt -1.48601 6.69119
f 78/309/78 77/310/77 76/311/76

vt -1.36152 6.96121
vt -1.48235 6.91491
v 0.0130156 0.579154 -0.25662
vt -0.745093 6.88364
vn -0.00207892 0.258371 -0.966043
f 77/312/77 78/313/78 79/314/79

vt -0.508912 8.42722
vt -1.24539 8.47347
v 0.031775 0.579154 -0.25662
vt -1.24747 8.42722
vn 0.00278567 0.250003 -0.968241
f 79/315/79 78/316/78 80/317/80

vt -1.04412 8.44509
vt -0.797495 8.4605
vt -0.793569 8.50663
f 20/318/20 80/319/80 78/320/78

vt -1.40904 9.60576
vt -1.65443 9.57667
v 0.0317512 0.578065 -0.256811
vt -1.40746 9.56226
vn 0.000660457 0.0757586 -0.997126
f 80/321/80 20/322/20 81/323/81

v 0.031775 0.576961 -0.256787
vt 6.08977 -8.86643
vn 0.00918382 -0.0948363 -0.995451
vt 6.10945 -8.90523
vt 6.33548 -8.80466
f 82/324/82 81/325/81 20/326/20

v 0.0130156 0.576961 -0.256787
vt 0.508912 -10.6915
vn -0.0016484 -0.122169 -0.992508
vt 1.24653 -10.735
vt 1.24747 -10.6915
f 83/327/83 81/328/81 82/329/82

vt -1.31036 10.094
vt -1.31691 10.1803
vt -2.04916 10.0813
f 83/330/83 79/331/79 81/332/81

vt -0.508912 10.2508
vt -0.508912 10.1642
v -0.0119971 0.576961 -0.256787
vt 0.475837 10.1642
vn 0.0016472 -0.0726028 -0.99736
f 79/333/79 83/334/83 84/335/84

v -0.0119971 0.574862 -0.256205
vt -0.475837 -11.4759
vn 0.00161904 -0.406515 -0.913643
vt -0.475837 -11.5617
vt 0.508912 -11.5617
f 85/336/85 84/337/84 83/338/83

vt -0.25241 -11.5692
vt -0.254154 -11.4835
v -0.0307541 0.575883 -0.256598
vt -0.991607 -11.5414
vn -1.4211e-05 -0.267354 -0.963598
f 84/339/84 85/340/85 86/341/86

vt -0.475837 -11.6246
v -0.0307565 0.574862 -0.256205
vt -1.2144 -11.6246
vn -0.00427005 -0.429956 -0.90284
vt -1.2143 -11.6677
f 85/342/85 87/343/87 86/344/86

v -0.030755 0.573898 -0.255651
vt -1.21434 -11.5926
vn -0.00640709 -0.568613 -0.82258
vt -1.2144 -11.6364
vt -0.475837 -11.6364
f 88/345/88 87/346/87 85/347/85

v -0.0369997 0.575618 -0.256506
vt -1.85021 -11.6145
vn -0.027045 -0.330517 -0.943413
vt -1.60348 -11.5907
vt -1.60202 -11.547
f 89/348/89 87/349/87 88/350/88

vt -1.41685 -11.6622
vt -1.17092 -11.6722
vt -1.17118 -11.6292
f 89/351/89 86/352/86 87/353/87

vt -1.89664 -11.1827
v -0.0307565 0.576961 -0.256787
vt -1.65326 -11.2467
vn -0.00920379 -0.0948462 -0.995449
vt -1.6514 -11.2037
f 89/354/89 90/355/90 86/356/86

vt -4.41959 -10.1001
vt -4.63708 -9.97353
v -0.0369997 0.578521 -0.256748
vt -4.67234 -10.0826
vn -0.0295329 0.155806 -0.987346
f 90/357/90 89/358/89 91/359/91

vt -4.16272 -10.3061
vt -4.13317 -10.1953
v -0.0431347 0.576728 -0.256461
vt -4.37778 -10.175
vn -0.0844336 -0.152083 -0.984755
f 91/360/91 89/361/89 92/362/92

vt -3.4908 -11.2129
v -0.0487369 0.573979 -0.254951
vt -3.93136 -11.0476
vn -0.109703 -0.44179 -0.890386
vt -3.73622 -11.2082
f 89/363/89 93/364/93 92/365/92

vt -2.73287 -11.4003
vt -2.27722 -11.5179
v -0.0369997 0.573129 -0.254993
vt -2.26957 -11.4035
vn -0.0142204 -0.715154 -0.698822
f 93/366/93 89/367/89 94/368/94

vt -1.73796 -11.5048
vt -1.98198 -11.4549
vt -1.9869 -11.5695
f 88/369/88 94/370/94 89/371/89

vt -1.2026 -11.2269
v -0.0307565 0.573084 -0.254947
vt -1.2027 -11.1845
vn -0.000287762 -0.744165 -0.667996
vt -1.44849 -11.1872
f 88/372/88 95/373/95 94/374/94

v -0.0119971 0.573084 -0.254947
vt -0.475837 -11.1835
vn 0.000805659 -0.702855 -0.711332
vt -1.2144 -11.1835
vt -1.21434 -11.2258
f 96/375/96 95/376/95 88/377/88

v -0.0307565 0.571802 -0.253093
vt -1.2144 -9.98253
vn -0.00283135 -0.871367 -0.490623
vt -1.2144 -10.0713
vt -0.475837 -10.0713
f 97/378/97 95/379/95 96/380/96

vt -1.48396 -10.0718
vt -1.23817 -10.0697
vt -1.23805 -9.98094
f 94/381/94 95/382/95 97/383/97

vt -1.43204 -9.71307
v -0.0369997 0.571578 -0.252528
vt -1.6776 -9.68677
vn 0.0117492 -0.956506 -0.291474
vt -1.67888 -9.80143
f 97/384/97 98/385/98 94/386/94

vt -1.18377 -8.22078
v -0.0307536 0.571422 -0.252053
vt -1.1837 -8.17716
vn -0.000867843 -0.968462 -0.249158
vt -1.42959 -8.19709
f 97/387/97 99/388/99 98/389/98

vt -1.21428 -8.1759
vt -1.2144 -8.21952
v -0.011997 0.571802 -0.253093
vt -0.475836 -8.21952
vn 0.000977311 -0.902745 -0.430176
f 99/390/99 97/391/97 100/392/100

vt -0.475836 -9.98253
f 96/380/96 100/393/100 97/378/97

v 0.0130156 0.573084 -0.254947
vt 0.508912 -10.0713
vn -0.000806192 -0.737861 -0.674952
f 100/393/100 96/380/96 101/394/101

v 0.0130156 0.574862 -0.256205
vt 0.508912 -11.5081
vn -0.00162069 -0.451241 -0.892401
vt 0.508912 -11.4223
vt -0.475837 -11.4223
f 102/395/102 101/396/101 96/397/96

vt 0.408246 -11.4259
vt 0.40757 -11.5116
v 0.0317533 0.5739 -0.255652
vt 1.14561 -11.474
vn 0.00639902 -0.568561 -0.822616
f 101/398/101 102/399/102 103/400/103

vt 0.508912 -11.6366
v 0.031775 0.574862 -0.256205
vt 1.24747 -11.6366
vn 0.00427326 -0.429918 -0.902858
vt 1.24662 -11.5929
f 102/401/102 104/402/104 103/403/103

v 0.0317498 0.575883 -0.256598
vt 1.24648 -11.6676
vn 4.62948e-06 -0.267376 -0.963592
vt 1.24747 -11.6245
vt 0.508912 -11.6245
f 105/404/105 104/405/104 102/406/102

vt 1.20412 -11.6293
vt 1.20297 -11.6724
vt 1.44979 -11.6623
f 104/407/104 105/408/105 23/409/23

vt 1.92687 -11.1825
vt 1.68073 -11.2034
vt 1.68347 -11.2464
f 23/410/23 105/411/105 82/412/82

vt 1.24648 -11.262
vt 0.508912 -11.305
vt 1.24747 -11.305
f 105/413/105 83/414/83 82/415/82

vt 0.287061 -11.4842
vt 0.285317 -11.5699
vt 1.02362 -11.542
f 102/416/102 83/417/83 105/418/105

vt 0.508912 -11.4759
f 83/338/83 102/419/102 85/336/85

vt -0.475837 -11.5081
f 96/397/96 85/420/85 102/395/102

vt -0.374635 -11.5114
vt -0.375309 -11.4256
vt -1.11347 -11.4736
f 85/421/85 96/422/96 88/423/88

vt 4.7038 -10.0725
vt 4.66855 -9.96336
vt 4.45105 -10.09
f 20/424/20 23/425/23 82/426/82

vt 1.63454 -11.5459
vt 1.6368 -11.5895
vt 1.88353 -11.6133
f 103/427/103 104/428/104 23/429/23

vt 2.01881 -11.5683
v 0.0380182 0.573129 -0.254993
vt 2.0139 -11.4537
vn 0.00908085 -0.719847 -0.694074
vt 1.76909 -11.5036
f 23/430/23 106/431/106 103/432/103

vt 1.84462 -11.5812
vt 1.60081 -11.5158
vt 1.60182 -11.6304
f 25/433/25 106/434/106 23/435/23

vt 2.61396 -11.1215
vt 2.15716 -11.2079
vt 2.40362 -11.2625
f 27/436/27 106/437/106 25/438/25

vt 1.92502 -10.0013
v 0.0490997 0.570925 -0.251836
vt 1.90125 -9.91563
vn -0.0504061 -0.897963 -0.437174
vt 1.46474 -10.0665
f 27/439/27 107/440/107 106/441/106

vt 1.88892 -9.91848
vt 1.91263 -10.0041
v 0.0602349 0.569571 -0.249935
vt 2.32752 -9.82756
vn 0.0551295 -0.761032 -0.646368
f 107/442/107 27/443/27 108/444/108

vt 4.57296 -10.5009
vt 4.19101 -10.7405
vt 4.62726 -10.5674
f 108/445/108 27/446/27 28/447/28

v 0.0690413 0.565602 -0.244266
vt 5.82352 -9.62454
vn 0.136651 -0.727019 -0.672882
vt 5.54531 -9.96664
vt 5.60485 -10.0285
f 109/448/109 108/449/108 28/450/28

v 0.0674297 0.564711 -0.242961
vt 2.58865 -9.503
vn -0.125585 -0.882205 -0.453809
vt 2.30421 -9.83665
vt 2.65188 -9.56544
f 110/451/110 108/452/108 109/453/109

vt 2.58867 -9.50301
v 0.0590808 0.568474 -0.248335
vt 2.25906 -9.76014
vn -0.093689 -0.895834 -0.434401
vt 2.30423 -9.83666
f 110/454/110 111/455/111 108/456/108

v 0.0580252 0.568096 -0.246434
vt -0.147058 -7.68663
vn -0.233334 -0.954101 -0.187741
vt -0.110068 -7.76525
vt 0.24398 -7.54297
f 112/457/112 111/458/111 110/459/110

vt 0.766992 -7.32617
vt 0.403121 -7.54689
vt 0.80594 -7.40384
f 112/460/112 107/461/107 111/462/111

vt 0.766874 -7.32602
v 0.0485443 0.570424 -0.24976
vt 0.384243 -7.4619
vn -0.145045 -0.987032 -0.0687703
vt 0.403003 -7.54674
f 112/463/112 113/464/113 107/465/107

vt -0.805428 -4.25082
vt -0.42114 -4.11969
v 0.0571961 0.568425 -0.244503
vt -0.456017 -4.04353
vn -0.385226 -0.906554 0.172515
f 113/466/113 112/467/112 114/468/114

vt -2.06162 -4.79143
vt -2.02652 -4.86749
v 0.0659557 0.564521 -0.24133
vt -1.68406 -4.66649
vn -0.38245 -0.904812 -0.187207
f 114/469/114 112/470/112 115/471/115

vt 0.189224 -7.47544
vt -0.147081 -7.68658
vt 0.243956 -7.54292
f 115/472/115 112/473/112 110/474/110

vt -0.607 -7.94382
vt -0.554007 -8.01267
v 0.0738241 0.559849 -0.236017
vt -0.255884 -7.71962
vn -0.161119 -0.856086 -0.491077
f 115/475/115 110/476/110 116/477/116

vt 2.82358 -9.18172
vt 2.57031 -9.5143
vt 2.63347 -9.5768
f 116/478/116 110/479/110 109/480/109

vt 2.82366 -9.18173
vt 2.63355 -9.5768
v 0.0757861 0.560474 -0.236942
vt 2.9007 -9.226
vn 0.147437 -0.762423 -0.630058
f 116/481/116 109/482/109 117/483/117

vt 6.55223 -8.74136
vt 6.3841 -9.14899
v 0.0775713 0.561657 -0.237353
vt 6.63499 -8.76422
vn 0.427595 -0.572027 -0.699963
f 117/484/117 109/485/109 118/486/118

vt 6.38417 -9.14896
v 0.0705077 0.567028 -0.245023
vt 6.45898 -9.19109
vn 0.351965 -0.514799 -0.78173
vt 6.63506 -8.76419
f 109/487/109 119/488/119 118/489/118

vt 5.82385 -9.62441
vt 5.60518 -10.0284
vt 5.89654 -9.67009
f 109/490/109 28/491/28 119/492/119

vt 9.51058 -6.34104
vt 9.39597 -6.78838
vt 9.59546 -6.35397
f 119/493/119 28/494/28 32/495/32

vt 9.68666 -5.7749
vt 9.67706 -6.23659
vt 9.76229 -6.24691
f 118/496/118 119/497/119 32/498/32

vt 9.68664 -5.77493
vt 9.76227 -6.24694
vt 9.77223 -5.76816
f 118/499/118 32/500/32 37/501/37

vt 9.62285 -5.92127
vt 9.70851 -5.91548
v 0.0828785 0.556068 -0.228291
vt 9.58728 -5.45429
vn 0.610497 -0.532497 -0.586293
f 118/502/118 37/503/37 120/504/120

vt 10.0883 -5.23314
v 0.0836348 0.55681 -0.228016
vt 9.97628 -4.76753
vn 0.72689 -0.408706 -0.551897
vt 9.93549 -4.78142
f 37/505/37 121/506/121 120/507/120

vt 10.3508 -3.52432
vt 10.3114 -3.54276
vt 10.4812 -3.99054
f 38/508/38 121/509/121 37/510/37

v 0.084809 0.55338 -0.223117
vt 10.1401 -3.91631
vn 0.765144 -0.459806 -0.450702
vt 10.2414 -4.13384
vt 10.2815 -4.11697
f 122/511/122 121/512/121 38/513/38

vt 9.78584 -5.05673
vt 9.82702 -5.04405
vt 9.74587 -4.81825
f 120/514/120 121/515/121 122/516/122

vt 9.7459 -4.8182
v 0.0840333 0.552695 -0.223474
vt 9.70607 -4.83463
vn 0.630678 -0.590862 -0.503117
vt 9.78587 -5.05668
f 122/517/122 123/518/123 120/519/120

v 0.0850016 0.549709 -0.218263
vt 9.51722 -4.69863
vn 0.726733 -0.589308 -0.352952
vt 9.58533 -4.92823
vt 9.62546 -4.91253
f 124/520/124 123/521/123 122/522/122

vt 9.15581 -5.14977
v 0.0837658 0.548878 -0.218845
vt 9.09846 -5.17571
vn 0.538885 -0.680004 -0.497189
vt 9.21373 -5.38215
f 124/523/124 125/524/125 123/525/123

vt 9.03248 -5.13327
v 0.0835254 0.547969 -0.217798
vt 8.94305 -5.11309
vn 0.552691 -0.680481 -0.481122
vt 8.97481 -5.15849
f 124/526/124 126/527/126 125/528/125

vt 9.20864 -4.10909
vt 9.29842 -4.12762
v 0.0863278 0.550654 -0.215918
vt 9.36102 -4.03426
vn 0.897986 -0.371044 -0.236533
f 126/529/126 124/530/124 127/531/127

vt 9.72263 -4.10528
v 0.0859449 0.550766 -0.217523
vt 9.77799 -4.07533
vn 0.867086 -0.400628 -0.296072
vt 9.78293 -4.01041
f 124/532/124 128/533/128 127/534/127

vt 9.97727 -3.96083
vt 9.92275 -3.99229
vt 10.0449 -4.19859
f 128/535/128 124/536/124 122/537/122

vt 10.1195 -4.02432
v 0.0857375 0.554601 -0.222409
vt 10.1789 -3.99439
vn 0.899748 -0.278072 -0.336346
vt 10.0478 -3.78775
f 122/538/122 129/539/129 128/540/128

vt 10.3189 -3.98034
vt 10.2334 -3.75071
vt 10.1745 -3.78181
f 38/541/38 129/542/129 122/543/122

vt 10.3526 -3.43879
vt 10.3912 -3.4186
vt 10.2535 -3.21468
f 38/544/38 39/545/39 129/546/129

vt 10.1483 -2.9253
vt 10.0933 -2.96101
vt 10.2402 -3.15839
f 42/547/42 129/548/129 39/549/39

vt 10.192 -3.37182
vt 10.2476 -3.33704
vt 10.0978 -3.13991
f 129/550/129 42/551/42 44/552/44

vt 10.1683 -3.27195
vt 10.1158 -3.30663
vt 10.2583 -3.50552
f 44/553/44 128/554/128 129/555/129

vt 10.1727 -3.31132
vt 10.1203 -3.28079
vt 10.1201 -3.34589
f 44/556/44 127/557/127 128/558/128

vt 10.0587 -3.44209
vt 10.0798 -3.36169
vt 10.0057 -3.41241
f 44/559/44 45/560/45 127/561/127

v 0.0865359 0.550401 -0.214412
vt 9.85704 -3.0416
vn 0.970934 -0.194736 -0.139157
vt 9.86601 -3.10162
vt 9.9397 -3.05036
f 130/562/130 127/563/127 45/564/45

vt 10.1238 -3.51061
vt 10.1176 -3.45024
v 0.0855701 0.548619 -0.215643
vt 10.0383 -3.49958
vn 0.79019 -0.445182 -0.421205
f 127/565/127 130/566/130 131/567/131

v 0.072652 0.555797 -0.210633
vt 2.89915 6.13051
vn -0.000119067 -0.573503 0.819204
vt 3.4065 5.78409
vn -0.00069578 -0.573138 0.819458
vt 3.44483 5.86922
vn 0.00123757 -0.571439 0.820643
f 132/568/132 131/569/133 130/570/134

vt 3.30189 5.73687
vt 2.79142 6.07869
v 0.0837658 0.547296 -0.216586
vt 3.23121 5.67252
vn -0.00192814 -0.575269 0.817962
f 131/571/133 132/572/132 133/573/135

vt 3.29452 5.68915
vt 2.85697 6.09773
v 0.0823159 0.546744 -0.216972
vt 3.23743 5.66263
vn 0.000576748 -0.573165 0.81944
f 133/574/135 132/575/132 134/576/136

vt 3.25602 5.66557
vt 2.87626 6.10128
v 0.079915 0.546481 -0.217153
vt 3.16147 5.65315
vn -0.000196088 -0.57346 0.819234
f 134/577/136 132/578/132 135/579/137

vt 2.83072 6.09801
v 0.0776326 0.547013 -0.216784
vt 3.02773 5.67629
vn -0.000775499 -0.573872 0.818945
vt 3.11764 5.65097
f 132/580/132 136/581/138 135/582/137

v 0.0762909 0.547726 -0.216285
vt 2.99982 5.70979
vn -6.9391e-06 -0.57358 0.81915
vt 3.05264 5.67556
vt 2.85655 6.09772
f 137/583/139 136/584/138 132/585/132

vt -3.37619 -7.35613
vn -0.645218 -0.6259 -0.438112
v 0.0771575 0.548013 -0.217767
vt -3.35605 -7.42165
vn -0.518699 -0.700333 -0.490392
vt -3.31723 -7.37816
vn -0.392559 -0.759067 -0.519341
f 137/586/140 138/587/141 136/588/142

v 0.0755346 0.549136 -0.216981
vt -5.00926 -7.29473
vn -0.754923 -0.537209 -0.376162
vt -4.93352 -7.33027
vt -4.94816 -7.26331
f 139/589/143 138/590/141 137/591/140

vt -4.41316 -6.70891
vt -4.4898 -6.67536
v 0.0762909 0.549307 -0.218544
vt -4.47317 -6.74203
vn -0.640176 -0.642079 -0.421793
f 138/592/141 139/593/143 140/594/144

v 0.0752088 0.550271 -0.217869
vt -5.96509 -6.57056
vn -0.821733 -0.484302 -0.300345
vt -5.90933 -6.59977
vt -5.9214 -6.53212
f 141/595/145 140/596/144 139/597/143

v 0.0754586 0.552476 -0.222262
vt -5.65026 -6.33705
vn -0.727552 -0.614514 -0.305026
vt -5.53243 -6.18158
vt -5.58868 -6.15335
f 142/598/146 140/599/144 141/600/145

v 0.076817 0.551703 -0.223023
vt -4.3157 -7.28988
vn -0.51183 -0.742559 -0.432013
vt -4.26665 -7.09491
vt -4.37558 -7.25674
f 143/601/147 140/602/144 142/603/146

v 0.0776326 0.548595 -0.219043
vt -3.31288 -7.41354
vn -0.41523 -0.756533 -0.505215
vt -3.37188 -7.39162
vt -3.41261 -7.5885
f 144/604/148 140/605/144 143/606/147

vt -3.60254 -7.82756
vt -3.60258 -7.76927
vt -3.66121 -7.80477
f 144/607/148 138/608/141 140/609/144

v 0.0792217 0.547378 -0.218212
vt -0.951034 -7.99931
vn -0.198863 -0.804805 -0.559233
vt -1.03547 -7.97918
vt -1.02762 -8.03694
f 145/610/149 138/611/141 144/612/148

vt -1.32272 -8.59822
vt -1.23861 -8.61967
vt -1.28891 -8.55074
f 138/613/141 145/614/149 136/615/142

vt -0.0357982 -8.15732
vt 0.00129634 -8.1088
vn -0.0499356 -0.823384 -0.565283
vt -0.0905682 -8.09188
f 145/616/149 135/617/150 136/618/142

vt 3.06745 -8.77099
vt 3.03988 -8.82549
v 0.0814754 0.547367 -0.21822
vt 3.12861 -8.8259
vn 0.164528 -0.808626 -0.564849
f 135/619/150 145/620/149 146/621/151

vt 3.13641 -7.97363
vt 3.04768 -7.97326
v 0.0807437 0.548089 -0.219398
vt 3.1074 -8.02791
vn 0.0498179 -0.820106 -0.570039
f 146/622/151 145/623/149 147/624/152

vt 2.29667 -8.50201
v 0.0791489 0.54818 -0.219333
vt 2.29111 -8.55609
vn -0.182568 -0.810647 -0.556346
vt 2.35397 -8.55919
f 145/625/149 148/626/153 147/627/152

vt -0.653882 -8.35148
vt -0.729878 -8.3903
vt -0.668418 -8.40387
f 145/628/149 144/629/148 148/630/153

v 0.0783159 0.551262 -0.223555
vt -0.681628 -8.44217
vn -0.276543 -0.807265 -0.521389
vt -0.606253 -8.2479
vt -0.667759 -8.23453
f 149/631/154 148/632/153 144/633/148

vt 1.54585 -8.56465
vt 1.4939 -8.76645
v 0.0799823 0.551209 -0.223871
vt 1.55898 -8.78154
vn -0.026915 -0.820843 -0.570519
f 148/634/153 149/635/154 150/636/155

vt 1.64274 -8.58583
vt 1.5776 -8.57103
v 0.077839 0.554211 -0.227965
vt 1.54126 -8.77757
vn -0.167804 -0.833843 -0.525878
f 150/637/155 149/638/154 151/639/156

v 0.0768082 0.5543 -0.22757
vt -0.162433 -8.62089
vn -0.348191 -0.821699 -0.451192
vt -0.122785 -8.63905
vt -0.0686303 -8.43645
f 152/640/157 151/641/156 149/642/154

vt -0.0485636 -8.61727
vt 0.166332 -8.2587
vt 0.126434 -8.24109
f 116/643/116 151/644/156 152/645/157

v 0.0789292 0.554286 -0.228265
vt 2.03944 -8.73909
vn -0.00872616 -0.819621 -0.57284
vt 1.99709 -8.72508
vt 1.81598 -9.10185
f 153/646/158 151/647/156 116/648/116

vt 1.92573 -8.84358
vt 1.96803 -8.85775
vt 2.02316 -8.64974
f 151/649/156 153/650/158 150/651/155

vt 4.06983 -8.47749
vt 4.04046 -8.69066
v 0.080021 0.554526 -0.228448
vt 4.08417 -8.69958
vn 0.144908 -0.785829 -0.601228
f 150/652/155 153/653/158 154/654/159

vt 3.9035 -9.20597
vt 4.04741 -8.78917
vt 4.00373 -8.78015
f 117/655/117 154/656/159 153/657/158

v 0.0810444 0.554909 -0.228511
vt 6.00951 -8.33085
vn 0.323007 -0.718066 -0.61648
vt 5.96654 -8.32768
vt 5.87955 -8.75997
f 155/658/160 154/659/159 117/660/117

v 0.0811022 0.551368 -0.223938
vt 6.00569 -7.89
vn 0.183018 -0.791163 -0.583579
vt 6.00385 -8.11092
vt 6.04683 -8.11397
f 156/661/161 154/662/159 155/663/160

vt 4.08477 -8.69941
vt 4.11491 -8.48054
vt 4.07042 -8.47731
f 154/664/159 156/665/161 150/666/155

vt 4.09322 -8.22706
vt 4.07553 -8.44316
vt 4.12002 -8.44638
f 147/667/152 150/668/155 156/669/161

vt 2.32408 -8.66495
vt 2.36435 -8.4519
vt 2.30148 -8.44884
f 150/670/155 147/671/152 148/672/153

vt 5.17616 -7.81846
vt 5.21834 -8.03535
v 0.0823159 0.548326 -0.219231
vt 5.2386 -7.81052
vn 0.318024 -0.771698 -0.550767
f 147/673/152 156/674/161 157/675/162

vt 5.9891 -7.76521
v 0.0821519 0.551674 -0.22389
vt 6.03213 -7.76293
vn 0.333582 -0.746747 -0.575407
vt 5.99758 -7.53963
f 156/676/161 158/677/163 157/678/162

vt 6.04642 -8.11419
vt 6.0483 -7.88788
vt 6.00528 -7.89021
f 155/679/160 158/680/163 156/681/161

v 0.0831387 0.552121 -0.223734
vt 7.67553 -6.97593
vn 0.478312 -0.679119 -0.55679
vt 7.63312 -6.98353
vt 7.65989 -7.20826
f 159/682/164 158/683/163 155/684/160

vt 7.49255 -6.6255
vt 7.55218 -6.84345
vt 7.59464 -6.83614
f 157/685/162 158/686/163 159/687/164

vt 7.6312 -6.80573
vt 7.58878 -6.57735
vt 7.52848 -6.5954
f 159/688/164 125/689/125 157/690/162

vt 8.69727 -5.64425
vt 8.76227 -5.86725
vt 8.80369 -5.85538
f 125/691/125 159/692/164 123/693/123

vt 8.97619 -6.12267
vt 8.9205 -5.89338
vt 8.87923 -5.90576
f 120/694/120 123/695/123 159/696/164

vt 8.87907 -5.90594
v 0.0820064 0.555428 -0.228458
vt 8.93368 -6.13078
vn 0.472506 -0.631383 -0.614893
vt 8.97603 -6.12286
f 159/697/164 160/698/165 120/699/120

vt 7.65996 -7.20822
vt 7.70297 -7.20564
vt 7.6756 -6.97589
f 155/700/160 160/701/165 159/702/164

vt 7.72111 -7.86434
vt 7.74591 -7.40322
vt 7.70291 -7.40596
f 118/703/118 160/704/165 155/705/160

vt 9.1063 -6.13873
vt 9.06408 -6.14734
vt 9.10773 -6.60706
f 120/706/120 160/707/165 118/708/118

vt 6.77245 -8.39497
vt 6.85562 -8.41626
vt 6.8721 -7.95782
f 117/709/117 118/710/118 155/711/160

vt 7.56037 -6.52631
vt 7.52614 -6.59323
vt 7.58644 -6.5752
f 126/712/126 157/713/162 125/714/125

vt 6.67024 -6.7366
vt 6.58663 -6.7556
vt 6.63173 -6.80115
f 126/715/126 146/716/151 157/717/162

vt 6.86858 -7.10204
vn 0.299496 -0.786072 -0.540734
vt 6.84877 -7.163
vt 6.93201 -7.14238
f 134/718/166 146/719/151 126/720/126

vt 4.60978 -7.59553
vt 4.63872 -7.53834
vt 4.54372 -7.54662
f 146/721/151 134/722/166 135/723/150

vt 7.40295 -6.39056
vt 7.46803 -6.42817
vt 7.46339 -6.37297
vn 0.551357 -0.678132 -0.485945
f 134/724/166 126/725/126 133/726/167

vt 9.25203 -4.83875
vt 9.26573 -4.89243
vt 9.33801 -4.79698
f 133/727/167 126/728/126 131/729/131

vt 9.93072 -3.5579
vt 10.0738 -3.46652
vt 9.98868 -3.45313
f 126/730/126 127/731/127 131/732/131

vt 5.28327 -7.95462
vt 5.24252 -7.90514
vt 5.22085 -7.96275
f 157/733/162 146/734/151 147/735/152

vt 2.75408 -9.24935
vt 2.83094 -9.29394
vt 2.95833 -8.87544
f 116/736/116 117/737/117 153/738/158

v 0.0720296 0.559903 -0.234734
vt -1.04289 -8.25381
vn -0.454351 -0.836611 -0.306017
vt -0.976484 -8.30984
vt -0.786391 -7.94106
f 161/739/168 116/740/116 152/741/157

vt -0.323763 -7.66551
vt -0.606945 -7.94388
vt -0.255829 -7.71968
f 161/742/168 115/743/115 116/744/116

vt -3.06748 -5.6093
vt -2.76856 -5.34791
v 0.0706203 0.560572 -0.233287
vt -2.82964 -5.29057
vn -0.693708 -0.718224 -0.0540747
f 115/745/115 161/746/168 162/747/169

vt -4.03997 -6.34059
vt -3.98019 -6.39927
v 0.0750035 0.554928 -0.226547
vt -3.76641 -6.06724
vn -0.616017 -0.73283 -0.288935
f 162/748/169 161/749/168 163/750/170

vt -3.25512 -6.84512
v 0.0758433 0.554547 -0.227085
vt -3.01217 -6.53103
vn -0.488199 -0.788672 -0.373708
vt -3.04793 -6.50894
f 161/751/168 164/752/171 163/753/170

vt -1.52115 -7.47905
vt -1.55956 -7.45842
vt -1.7868 -7.78406
f 152/754/157 164/755/171 161/756/168

vt -1.91827 -7.79817
vt -2.00538 -7.97705
vt -1.96735 -7.99839
f 143/757/147 164/758/171 152/759/157

vt -3.66062 -7.17834
vt -3.62533 -7.20118
vt -3.52616 -7.0287
f 163/760/170 164/761/171 143/762/147

vt -3.851 -6.76554
vt -3.91152 -6.73357
vt -3.98733 -6.91348
f 143/763/147 142/764/146 163/765/170

vt -5.0171 -6.17855
v 0.074276 0.555438 -0.225955
vt -5.13419 -6.33089
vn -0.734265 -0.652036 -0.188954
vt -5.09998 -6.35531
f 142/766/146 165/767/172 163/768/170

v 0.0736814 0.556063 -0.225326
vt -6.3077 -5.36335
vn -0.834747 -0.542199 -0.0960096
vt -6.27411 -5.38862
vt -6.15194 -5.24031
f 166/769/173 165/770/172 142/771/146

vt -5.75948 -4.80976
vt -5.5123 -4.52031
vt -5.5462 -4.49546
f 162/772/169 165/773/172 166/774/173

vt -4.32709 -5.52218
vt -4.3618 -5.49848
vt -4.60411 -5.79202
f 163/775/170 165/776/172 162/777/169

vt -7.4377 -3.22238
v 0.071688 0.55941 -0.228495
vt -7.59066 -3.34768
vn -0.843898 -0.534882 0.0416792
vt -7.65035 -3.5371
f 166/778/173 167/779/174 162/780/169

vt -6.33333 -4.8833
vt -6.18061 -4.75771
v 0.0737673 0.555478 -0.222904
vt -6.16 -4.66176
vn -0.85513 -0.499785 -0.137727
f 167/781/174 166/782/173 168/783/175

vt -7.71314 -4.20047
vt -7.73556 -4.29601
v 0.0745995 0.553381 -0.221496
vt -7.6244 -4.1449
vn -0.849516 -0.484351 -0.20911
f 168/784/175 166/785/173 169/786/176

vt -6.05445 -5.36195
vt -6.10316 -5.33111
vt -6.2099 -5.48537
f 142/787/146 169/788/176 166/789/173

vt -6.54299 -5.87978
vt -6.4749 -5.6984
vt -6.59121 -5.84816
f 142/790/146 141/791/145 169/792/176

v 0.074455 0.551426 -0.21706
vt -7.35851 -4.92296
vn -0.889996 -0.409762 -0.200005
vt -7.4254 -5.10179
vt -7.30467 -4.95556
f 170/793/177 169/794/176 141/795/145

vt -6.88391 -5.49264
vt -6.79622 -5.43545
vt -6.73298 -5.2553
f 168/796/175 169/797/176 170/798/177

vt -5.93098 -5.83259
v 0.0709653 0.561231 -0.226623
vt -6.32262 -6.22786
vn -0.868631 -0.487921 0.0860978
vt -6.07508 -6.07414
f 170/799/177 171/800/178 168/801/175

vt -8.08083 -3.49913
v 0.0729361 0.55586 -0.213956
vt -8.26533 -3.37691
vn -0.97464 -0.223269 -0.0150863
vt -8.49054 -3.87563
f 170/802/177 172/803/179 171/804/178

vt -8.67665 -4.27563
v 0.074455 0.550635 -0.215931
vt -8.6463 -4.23061
vn -0.91981 -0.327132 -0.216644
vt -8.86016 -4.15191
f 170/805/177 173/806/180 172/807/179

vt -7.54349 -5.20908
vt -7.56852 -5.12981
vt -7.59705 -5.17601
f 141/808/145 173/809/180 170/810/177

vt -7.14247 -5.14017
vt -7.11614 -5.21901
vt -7.07053 -5.18287
f 173/811/180 141/812/145 139/813/143

v 0.0752088 0.54869 -0.21561
vt -7.41608 -5.46933
vn -0.831497 -0.451962 -0.323023
vt -7.49812 -5.48272
vt -7.42684 -5.52652
f 174/814/181 173/815/180 139/816/143

vt -7.48626 -5.11663
v 0.074455 0.549844 -0.214801
vt -7.53981 -5.08356
vn -0.933369 -0.294013 -0.205861
vt -7.56834 -5.12976
f 174/817/181 175/818/182 173/819/180

vt 2.95726 5.75613
vn -5.53332e-06 -0.573579 0.81915
vt 2.8566 6.09772
vt 2.92758 5.81163
vn -1.22719e-05 -0.573581 0.819149
f 174/820/183 132/821/132 175/822/184

vt 2.85682 6.0977
vt 2.95749 5.7561
vt 3.00009 5.70977
f 132/823/132 174/824/183 137/825/139

vt -5.65452 -6.19635
vt -5.66051 -6.25423
vt -5.5984 -6.22486
f 174/826/181 139/827/143 137/828/140

vt -8.77048 -4.12454
vt -8.73997 -4.07963
vt -8.98376 -3.91395
vn -0.988709 -0.136691 -0.0613972
f 173/829/180 175/830/182 132/831/185

vt -8.73222 -3.73055
vt -8.73184 -3.86187
vt -8.51775 -3.93992
f 132/832/185 172/833/179 173/834/180

vt -9.59145 -3.69799
vt -9.58955 -3.56668
v 0.0724241 0.560445 -0.210745
vt -9.77278 -3.57111
vn -0.995468 -0.0536807 0.0784982
f 172/835/179 132/836/185 176/837/186

vt -9.6019 -3.05954
v 0.072652 0.56193 -0.206339
vt -9.84309 -2.89008
vn -0.988709 0.104443 0.107451
vt -9.78513 -3.06396
f 132/838/185 177/839/187 176/840/186

vt 2.85688 6.0977
v 0.0768599 0.570352 -0.200442
vt 3.02255 6.79725
vn -5.28758e-06 -0.573566 0.819159
vt 2.85688 6.39247
vn 4.11552e-06 -0.573576 0.819152
f 132/841/132 178/842/188 177/843/189

v 0.0805658 0.571226 -0.199829
vt 3.16841 6.83928
vn -2.59165e-06 -0.57357 0.819157
vt 3.02251 6.79727
vt 2.85684 6.09771
f 179/844/190 178/845/188 132/846/132

vt 3.16824 6.8396
v 0.0786298 0.571025 -0.19997
vt 3.09202 6.82994
vn -7.14398e-06 -0.573549 0.819171
vt 3.02234 6.79758
f 179/847/190 180/848/191 178/849/188

vt -4.63849 -7.91038
vn -0.27674 0.787166 0.551167
vt -4.71502 -7.90364
vn 0.0281382 0.818826 0.573352
v 0.0805658 0.572808 -0.202089
vt -4.72454 -8.01181
vn 0.021785 0.817298 0.575803
f 180/850/192 179/851/193 181/852/194

vt -0.802527 -8.56478
vt -0.816208 -8.45706
v 0.0824848 0.570936 -0.200032
vt -0.892423 -8.46674
vn 0.281037 0.786138 0.550459
f 181/853/194 179/854/193 182/855/195

vt 3.24382 6.82534
vn 5.67447e-06 -0.573572 0.819155
vt 3.16827 6.83928
v 0.0867371 0.566027 -0.20347
vt 3.41124 6.58938
vn -1.929e-06 -0.573578 0.819151
f 182/856/196 179/857/190 183/858/197

vt 2.85681 6.09773
vt 3.41134 6.5894
vt 3.16837 6.8393
f 132/859/132 183/860/197 179/861/190

v 0.0867371 0.561251 -0.206814
vt 3.41139 6.35983
vn 2.41377e-06 -0.573576 0.819152
vt 3.41139 6.58936
vt 2.85686 6.09769
f 184/862/198 183/863/197 132/864/132

vt 9.96281 -3.14028
vn 1 3.79184e-16 -2.83962e-16
v 0.0867371 0.566818 -0.2046
vt 10.182 -3.05311
vn 0.997027 0.0631209 0.0441967
vt 10.1508 -3.00863
vn 0.997027 0.0631221 0.0441966
f 184/865/199 185/866/200 183/867/201

vt 10.0251 -3.22923
f 185/866/200 184/865/199 47/868/47

f 46/185/46 47/868/47 184/865/199

v 0.0867371 0.556476 -0.210158
vt 9.77479 -3.27193
f 184/865/199 186/869/199 46/185/46

vt 3.41136 6.13034
vn 1.60927e-06 -0.573575 0.819153
vt 3.41136 6.35987
vt 2.85683 6.09772
f 186/870/202 184/871/198 132/872/132

v 0.0867371 0.5517 -0.213502
vt 3.41136 5.90082
vn 1.12994e-06 -0.573576 0.819152
f 187/873/203 186/870/202 132/872/132

vt 9.58678 -3.40358
vn 0.998009 -0.0516595 -0.0361729
f 186/869/199 187/874/204 45/186/45

vt 9.91906 -3.26586
vt 9.88808 -3.22127
vt 9.83639 -3.25718
f 45/875/45 187/876/204 130/877/130

vt 3.40342 5.83836
vt 3.41135 5.9008
f 130/878/134 187/879/203 132/823/132

f 45/186/45 46/185/46 186/869/199

v 0.0867371 0.567609 -0.205729
vt 10.2131 -3.09758
vn 0.997943 0.0616274 -0.0176418
f 47/868/47 188/880/205 185/866/200

vt 9.81672 -2.89995
vt 10.2208 -3.07539
vt 10.0044 -2.76787
f 47/881/47 48/882/48 188/883/205

vt 10.5293 -2.94136
v 0.0862372 0.572097 -0.210238
vt 10.4919 -2.81104
vn 0.981682 0.190111 -0.0125886
vt 10.316 -2.63175
f 48/884/48 189/885/206 188/886/205

vt 9.22965 -3.07978
v 0.0850271 0.575632 -0.215286
vt 9.3353 -3.14962
vn 0.942778 0.318432 -0.0988452
vt 9.18859 -2.95057
f 48/887/48 190/888/207 189/889/206

vt 10.3043 -2.30561
vt 10.1927 -2.07023
vt 10.0891 -1.99728
f 49/890/49 190/891/207 48/892/48

vt 7.47558 -2.88691
vt 7.60593 -3.1125
vt 7.82737 -3.23367
f 190/893/207 49/894/49 50/895/50

vt 8.47586 -2.63089
v 0.0847563 0.576457 -0.214621
vt 8.16131 -2.25433
vn 0.901549 0.431829 -0.0270867
vt 8.12735 -2.28084
f 50/896/50 191/897/208 190/898/207

v 0.0843139 0.577205 -0.213955
vt 7.14368 -3.0482
vn 0.835485 0.542365 0.0883468
vt 7.10951 -3.07445
vt 7.42894 -3.44689
f 192/899/209 191/900/208 50/901/50

v 0.0859594 0.572943 -0.209602
vt 7.83466 -3.97064
vn 0.930405 0.358056 0.0783744
vt 7.97966 -4.16917
vt 8.01375 -4.14282
f 193/902/210 191/903/208 192/904/209

vt 8.93193 -3.43441
vt 8.96613 -3.40821
vt 8.81989 -3.2106
f 190/905/207 191/906/208 193/907/210

vt 8.81998 -3.21055
vt 8.78492 -3.23561
vt 8.93202 -3.43437
f 193/908/210 189/909/206 190/910/207

vt 9.26131 -3.78249
v 0.0864373 0.569188 -0.204623
vt 9.11344 -3.58564
vn 0.955785 0.257615 0.141807
vt 9.22633 -3.80766
f 193/911/210 194/912/211 189/913/206

vt 8.20831 -4.36754
vt 8.35216 -4.56734
v 0.0855056 0.573723 -0.208983
vt 8.38738 -4.54251
vn 0.868684 0.454388 0.197282
f 194/914/211 193/915/210 195/916/212

vt 8.01387 -4.14269
vt 7.87025 -3.94605
vt 7.83478 -3.97051
f 192/917/209 195/918/212 193/919/210

v 0.0848892 0.574415 -0.208401
vt 6.74584 -4.83792
vn 0.756421 0.588679 0.285104
vt 6.70965 -4.8613
vt 6.84917 -5.06088
f 196/920/213 195/921/212 192/922/209

vt 7.20177 -5.40847
vt 7.23764 -5.3846
v 0.0855661 0.570619 -0.203622
vt 7.09597 -5.1887
vn 0.816473 0.48439 0.314227
f 195/923/212 196/924/213 197/925/214

v 0.0842058 0.571765 -0.202819
vt 5.88948 -6.15279
vn 0.617887 0.656911 0.432069
vt 5.82058 -6.18679
vt 5.95278 -6.38921
f 198/926/215 197/927/214 196/928/213

vt 5.98533 -6.3891
vt 6.054 -6.35463
v 0.0842058 0.570183 -0.20056
vt 6.00528 -6.25759
vn 0.601356 0.654489 0.458273
f 197/929/214 198/930/215 199/931/216

vt 2.86362 -7.78133
vt 2.89766 -7.88444
v 0.0824848 0.572518 -0.202292
vt 2.97061 -7.86035
vn 0.357061 0.770229 0.528445
f 199/932/216 198/933/215 200/934/217

vt 2.89982 -7.73434
vt 2.82678 -7.75818
v 0.0832463 0.575454 -0.207412
vt 2.93712 -7.96567
vn 0.511146 0.739778 0.43756
f 200/935/217 198/936/215 201/937/218

vt 4.16121 -7.04016
v 0.0841285 0.574998 -0.207872
vt 4.24563 -7.26074
vn 0.644954 0.66981 0.367951
vt 4.28376 -7.24068
f 198/938/215 202/939/219 201/940/218

vt 5.90779 -6.40879
vt 5.94459 -6.38638
vt 5.84491 -6.17226
f 196/941/213 202/942/219 198/943/215

v 0.0829714 0.578378 -0.212699
vt 5.56106 -6.01218
vn 0.625046 0.72504 0.289198
vt 5.43262 -5.81366
vt 5.39543 -5.8354
f 203/944/220 202/945/219 196/946/213

vt 3.91602 -6.78552
vt 3.8776 -6.80503
vt 3.99557 -7.00995
f 201/947/218 202/948/219 203/949/220

vt 3.99559 -7.00994
v 0.0821113 0.57877 -0.212148
vt 4.03175 -6.98651
vn 0.475723 0.788831 0.389143
vt 3.91604 -6.78551
f 203/950/220 204/951/221 201/952/218

v 0.0776656 0.585013 -0.221064
vt 3.64212 -6.58785
vn 0.462904 0.842671 0.275001
vt 3.35879 -6.2218
vt 3.32214 -6.24446
f 205/953/222 204/954/221 203/955/220

v 0.0811342 0.579019 -0.211658
vt 1.77625 -7.27137
vn 0.333774 0.829478 0.44784
vt 1.73736 -7.29222
vt 2.00203 -7.67198
f 206/956/223 204/957/221 205/958/222

vt 2.224 -7.88769
vt 2.26249 -7.86613
v 0.082244 0.575777 -0.207028
vt 2.16336 -7.66215
vn 0.347087 0.797219 0.493937
f 204/959/221 206/960/223 207/961/224

vt 0.135635 -8.33245
vt 0.216209 -8.54445
v 0.0800899 0.579106 -0.21126
vt 0.2564 -8.52623
vn 0.174305 0.832179 0.526399
f 207/962/224 206/963/223 208/964/225

v 0.0758481 0.585062 -0.219767
vt 0.212752 -8.52396
vn 0.176961 0.86109 0.476665
vt -0.0136154 -8.14471
vt -0.054021 -8.16244
f 209/965/226 208/966/225 206/967/223

v 0.0789965 0.579025 -0.210963
vt -1.99781 -8.70009
vn -0.0127851 0.818673 0.574118
vt -2.04031 -8.71401
vt -1.85015 -9.11265
f 210/968/227 208/969/225 209/970/226

vt -1.96677 -8.84618
vt -1.92433 -8.83211
v 0.0800514 0.575944 -0.206563
vt -1.97885 -8.62358
vn 0.0204676 0.821108 0.570406
f 208/971/225 210/972/227 211/973/228

v 0.0789293 0.57578 -0.2065
vt -4.19321 -8.47577
vn -0.150362 0.797614 0.584126
vt -4.23782 -8.47883
vt -4.20926 -8.69247
f 212/974/229 211/975/228 210/976/227

vt -4.25191 -8.20841
vt -4.24482 -8.42434
vt -4.20021 -8.4213
f 181/977/194 211/978/228 212/979/229

v 0.0811729 0.575942 -0.206742
vt -1.99812 -8.70311
vn 0.179237 0.816668 0.548568
vt -1.95423 -8.69455
vt -1.98811 -8.48118
f 213/980/230 211/981/228 181/982/194

vt -1.97836 -8.62361
vt -2.02226 -8.63212
vt -1.96628 -8.84622
f 211/983/228 213/984/230 208/985/225

vt 0.256401 -8.52623
vt 0.177779 -8.31937
vt 0.135636 -8.33245
f 208/986/225 213/987/230 207/988/224

vt 0.212519 -8.35131
vt 0.262068 -8.57234
vt 0.304132 -8.55901
f 200/989/217 207/990/224 213/991/230

vt 2.4005 -8.08196
vt 2.44104 -8.06452
vt 2.36894 -7.84978
f 201/992/218 207/993/224 200/994/217

vt 2.16313 -7.66221
vt 2.12239 -7.67916
vt 2.22376 -7.88776
f 207/995/224 201/996/218 204/997/221

vt -0.87584 -8.58684
vt -0.795812 -8.79927
vt -0.799626 -8.57715
f 200/998/217 213/999/230 181/1000/194

vt -0.89234 -8.4667
vt -0.878659 -8.57442
vt -0.802444 -8.56474
f 182/1001/195 200/1002/217 181/1003/194

vt 2.93658 -7.75724
f 200/934/217 182/1004/195 199/932/216

vt 3.3118 6.78911
vn 7.04091e-06 -0.573575 0.819153
vt 3.24405 6.82533
v 0.0855661 0.569037 -0.201363
vt 3.36536 6.73403
vn 1.68799e-05 -0.573565 0.81916
f 199/1005/231 182/1006/196 214/1007/232

vt 3.2444 6.82546
v 0.0864373 0.567606 -0.202364
vt 3.40001 6.6654
vn 1.06864e-05 -0.573567 0.819159
vt 3.36571 6.73415
f 182/1008/196 215/1009/233 214/1010/232

vt 3.39944 6.6653
vt 3.24383 6.82535
f 215/1011/233 182/1012/196 183/858/197

vt 9.66929 -3.45285
vt 9.70158 -3.36449
vn 0.95278 0.248746 0.17417
vt 9.6384 -3.4082
f 185/1013/200 215/1014/234 183/1015/201

vt 9.66931 -3.45285
vt 9.76338 -3.45378
vt 9.7016 -3.36449
f 185/1016/200 194/1017/211 215/1018/234

vt 9.7002 -3.49749
vt 9.66931 -3.45284
f 188/1019/205 194/1017/211 185/1020/200

vt 9.55745 -3.31957
vt 9.73506 -3.49726
vt 9.62072 -3.27598
f 188/1021/205 189/1022/206 194/1023/211

vt 8.16771 -4.66153
vt 8.22536 -4.75354
vt 8.29047 -4.71275
f 215/1024/234 194/1025/211 197/1026/214

vt 8.22035 -4.72978
vt 8.10747 -4.51355
vt 8.04212 -4.55395
f 195/1027/212 197/1028/214 194/1029/211

vt 8.2905 -4.71268
vt 8.23285 -4.62066
vn 0.815582 0.474001 0.331888
vt 8.16774 -4.66146
f 197/1030/214 214/1031/235 215/1032/234

vt 6.00511 -6.25762
vt 5.93645 -6.29209
vt 5.98516 -6.38913
f 199/1033/216 214/1034/235 197/1035/214

vt -4.70148 -8.35044
v 0.0786298 0.572607 -0.202229
vt -4.67044 -8.14298
vn -0.273512 0.779641 0.56334
vt -4.74697 -8.13614
f 212/1036/229 216/1037/236 181/1038/194

vt -6.22231 -7.46287
vt -6.27295 -7.66643
v 0.0778715 0.575465 -0.206552
vt -6.22953 -7.66893
vn -0.360843 0.733488 0.57601
f 216/1039/236 212/1040/229 217/1041/237

vt -6.25404 -7.86941
vt -6.29746 -7.86685
v 0.0779026 0.578779 -0.210783
vt -6.29675 -8.07664
vn -0.184911 0.775246 0.603989
f 217/1042/237 212/1043/229 218/1044/238

vt -4.16541 -8.68371
f 210/976/227 218/1045/238 212/974/229

v 0.0738813 0.584426 -0.218848
vt -3.98793 -9.1949
vn -0.151784 0.758901 0.63327
vt -4.12301 -8.79858
vt -4.16683 -8.80745
f 219/1046/239 218/1047/238 210/1048/227

v 0.0768713 0.578387 -0.210724
vt -6.21374 -8.35211
vn -0.328205 0.709808 0.62326
vt -6.25713 -8.35508
vt -6.17673 -8.766
f 220/1049/240 218/1050/238 219/1051/239

vt -6.2965 -8.07676
vt -6.2531 -8.07391
vt -6.25379 -7.86954
f 218/1052/238 220/1053/240 217/1054/237

vt -8.03736 -6.90354
vt -8.06274 -7.10633
v 0.0759039 0.577857 -0.210783
vt -8.01934 -7.1092
vn -0.473902 0.637196 0.607782
f 217/1055/237 220/1056/240 221/1057/241

v 0.0720841 0.583221 -0.218444
vt -8.05472 -7.79006
vn -0.458458 0.555338 0.693841
vt -8.07325 -7.39277
vt -8.11664 -7.38971
f 222/1058/242 221/1059/241 220/1060/240

v 0.0750328 0.577207 -0.210957
vt -9.52874 -6.06758
vn -0.624683 0.516101 0.586012
vt -9.57112 -6.05861
vt -9.61193 -6.45424
f 223/1061/243 221/1062/241 222/1063/242

v 0.0763584 0.5747 -0.206824
vt -9.33169 -5.74488
vn -0.589866 0.613369 0.525202
vt -9.403 -5.93191
vt -9.36046 -5.94012
f 224/1064/244 221/1065/241 223/1066/243

vt -8.35547 -6.9013
vt -8.30168 -6.7085
vt -8.36798 -6.69524
f 221/1067/241 224/1068/244 217/1069/237

vt -8.25532 -6.49115
vt -8.18891 -6.50382
v 0.0768599 0.571934 -0.202701
vt -8.14679 -6.31192
vn -0.541547 0.678619 0.496188
f 217/1070/237 224/1071/244 225/1072/245

v 0.075423 0.570853 -0.203458
vt -9.81023 -4.71748
vn -0.787976 0.485079 0.379199
vt -9.87928 -4.68378
vt -9.94965 -4.86721
f 226/1073/246 225/1074/245 224/1075/244

vt -9.76213 -4.66484
vt -9.6927 -4.69773
v 0.075423 0.569271 -0.201199
vt -9.64621 -4.59961
vn -0.781745 0.510821 0.357683
f 225/1076/245 226/1077/246 227/1078/247

vt -10.623 -3.36669
v 0.074455 0.568674 -0.2033
vt -10.5292 -3.36021
vn -0.925438 0.303411 0.22695
vt -10.5666 -3.27391
f 226/1079/246 228/1080/248 227/1081/247

v 0.074455 0.569465 -0.20443
vt -10.5574 -3.4066
vn -0.886126 0.333616 0.321683
f 229/1082/249 228/1080/248 226/1079/246

vt -10.6503 -2.87955
vt -10.6806 -2.92456
v 0.0729361 0.565031 -0.207534
vt -10.4971 -3.04828
vn -0.974632 0.0905678 0.204668
f 228/1083/248 229/1084/249 230/1085/250

v 0.0709514 0.575051 -0.216939
vt -10.7507 -2.86194
vn -0.869292 0.0843835 0.487042
vt -10.3673 -2.47228
vt -10.5474 -2.34365
f 231/1086/251 230/1087/250 229/1088/249

vt -10.695 -2.84365
v 0.0703633 0.572702 -0.218291
vt -10.6009 -2.89914
vn -0.895922 -0.0899605 0.435006
vt -10.3079 -2.45757
f 231/1089/251 232/1090/252 230/1091/250

v 0.0629666 0.579154 -0.227506
vt -10.1793 -0.964366
vn -0.700995 -0.243658 0.670252
vt -9.88471 -0.52373
vt -9.97273 -0.459087
f 233/1092/253 232/1093/252 231/1094/251

vt -9.47614 -0.366941
vt -9.7913 -0.793118
v 0.0626859 0.576723 -0.228873
vt -9.70084 -0.85631
vn -0.730733 -0.365347 0.576673
f 232/1095/252 233/1096/253 234/1097/254

v 0.0516388 0.58106 -0.235067
vt -7.97348 2.77809
vn -0.382075 -0.502255 0.775731
vt -7.59591 3.14584
vt -7.67072 3.22695
f 235/1098/255 234/1099/254 233/1100/253

vt -5.54135 2.26252
vt -5.9734 1.96065
v 0.0552212 0.577536 -0.235153
vt -5.77557 1.95646
vn -0.522407 -0.488296 0.69904
f 234/1101/254 235/1102/255 236/1103/256

v 0.0469231 0.579507 -0.237969
vt -5.94599 5.12057
vn -0.260817 -0.552261 0.791822
vt -5.65431 5.32047
vt -5.85209 5.32658
f 237/1104/257 236/1105/256 235/1106/255

vt -3.82108 3.47719
v 0.0516362 0.576303 -0.238391
vt -3.59718 3.45494
vn -0.382172 -0.555313 0.738629
vt -3.50008 3.62553
f 237/1107/257 238/1108/258 236/1109/256

vt -2.30626 8.53684
v 0.0380182 0.58018 -0.238929
vt -2.64109 8.42313
vn -0.0973633 -0.580703 0.808273
vt -2.08689 8.48682
f 237/1110/257 239/1111/259 238/1112/258

vt 0.116824 3.27522
vt 0.290356 3.42062
vt -0.233499 3.2271
f 237/1113/257 235/1114/255 239/1115/259

v 0.0380182 0.585059 -0.236137
vt -2.94246 6.72698
vn -0.101791 -0.412511 0.905248
vt -2.86644 6.51914
vt -2.38769 6.80668
f 240/1116/260 239/1117/259 235/1118/255

v 0.0192687 0.58018 -0.238929
vt 0.755099 7.10709
vn 4.51761e-16 -0.554703 0.832048
vt 1.49327 7.10709
vt 1.49327 7.3284
f 241/1119/261 239/1120/259 240/1121/260

vt 1.49327 5.3312
vt 0.755099 5.3312
v 0.0192687 0.575888 -0.242559
vt 0.755099 5.10989
vn 4.65821e-16 -0.69958 0.714554
f 239/1122/259 241/1123/261 242/1124/262

v -0.0182502 0.575888 -0.242559
vt -0.722024 5.10989
vn 2.81975e-06 -0.712466 0.701707
f 243/1125/263 242/1124/262 241/1123/261

vt -0.722024 3.1653
v 0.028633 0.572323 -0.246908
vt 1.12377 2.94391
vn -0.00126935 -0.826008 0.563656
vt 0.755099 3.1653
f 243/1126/263 244/1127/264 242/1128/262

vt -0.721794 3.16686
v -0.0276213 0.572322 -0.246907
vt -1.09074 2.94549
vn 0.00120949 -0.846983 0.531619
vt 1.124 2.94545
f 243/1129/263 245/1130/265 244/1131/264

vt -0.722024 3.16716
v -0.0369997 0.575888 -0.242559
vt -1.46019 3.16716
vn 0.097529 -0.709795 0.697624
vt -1.09097 2.94578
f 243/1132/263 246/1133/266 245/1134/265

vt -1.46019 5.10989
v -0.0182502 0.58018 -0.238929
vt -0.722024 5.3312
vn 4.46508e-16 -0.588461 0.808526
f 246/1135/266 243/1125/263 247/1136/267

f 241/1123/261 247/1136/267 243/1125/263

v -0.0182502 0.585059 -0.236137
vt -0.722024 7.3284
vn 4.15637e-16 -0.415474 0.909605
vt -0.722024 7.10709
f 248/1137/268 247/1138/267 241/1119/261

v -0.0369997 0.58018 -0.238929
vt -1.46019 7.10709
vn 0.0950653 -0.559234 0.823541
f 249/1139/269 247/1138/267 248/1137/268

vt -1.46019 5.3312
f 247/1136/267 249/1140/269 246/1135/266

vt 1.80037 4.82433
vt 1.85154 5.03964
v -0.0502159 0.576419 -0.238557
vt 1.31081 5.06168
vn 0.340474 -0.55461 0.759266
f 246/1141/266 249/1142/269 250/1143/270

vt 1.69722 8.18448
vt 2.23699 8.14552
v -0.0460115 0.579499 -0.237957
vt 1.89395 8.24742
vn 0.259975 -0.552579 0.791877
f 250/1144/270 249/1145/269 251/1146/271

vt 0.00386538 3.79435
vt 0.358126 3.74373
v -0.0502184 0.581177 -0.235233
vt -0.148321 3.93623
vn 0.371843 -0.500512 0.781806
f 251/1147/271 249/1148/269 252/1149/272

vt 2.27412 6.84668
vt 2.7401 6.57026
v -0.0369997 0.585059 -0.236137
vt 2.81347 6.77906
vn 0.111477 -0.399994 0.909713
f 252/1150/272 249/1151/269 253/1152/273

vt -1.46019 7.3284
f 248/1137/268 253/1153/273 249/1139/269

vt -1.46019 8.86492
vt -0.722024 8.86492
v -0.0276224 0.590364 -0.234277
vt -1.09101 9.08624
vn 3.6445e-16 -0.246943 0.96903
f 253/1154/273 248/1155/268 254/1156/274

v -0.0182452 0.590364 -0.234277
vt -0.721827 9.08624
vn 0.001931 -0.202413 0.979298
f 248/1155/268 255/1157/275 254/1156/274

v -0.00886798 0.590364 -0.234277
vt -0.352645 9.08624
vn 3.5214e-16 -0.205884 0.978576
f 248/1155/268 256/1158/276 255/1157/275

v 0.000509252 0.585059 -0.236137
vt 0.0165376 8.86492
vn 4.26638e-16 -0.398769 0.917051
f 248/1155/268 257/1159/277 256/1158/276

vt 0.0165376 7.3284
f 241/1119/261 257/1160/277 248/1137/268

v 0.0192687 0.585059 -0.236137
vt 0.755099 7.3284
vn 4.05343e-16 -0.387564 0.921843
f 257/1160/277 241/1119/261 258/1161/278

f 240/1121/260 258/1161/278 241/1119/261

v 0.0286409 0.590364 -0.234277
vt 1.12408 9.08624
vn 3.65048e-16 -0.246943 0.96903
vt 0.755099 8.86492
vt 1.49327 8.86492
f 259/1162/279 258/1163/278 240/1164/260

v 0.0192637 0.590364 -0.234277
vt 0.754902 9.08624
vn -0.001931 -0.202413 0.979298
f 258/1163/278 259/1162/279 260/1165/280

v 0.0255219 0.591419 -0.234105
vt 1.00129 10.326
vn -0.00192444 -0.0830206 0.996546
vt 0.754902 10.2839
vt 1.12408 10.2839
f 261/1166/281 260/1167/280 259/1168/279

vt -0.255184 10.6223
vt -0.0135804 10.6864
v 0.0130156 0.592489 -0.234112
vt -0.507744 10.6837
vn -0.00221239 0.0629725 0.998013
f 260/1169/280 261/1170/281 262/1171/282

vt -0.508912 -11.2212
vt -1.00129 -11.1791
v 0.031775 0.592489 -0.234112
vt -1.24747 -11.2212
vn 0.00341804 0.0708321 0.997482
f 262/1172/282 261/1173/281 263/1174/283

v 0.031775 0.591419 -0.234105
vt -1.24747 -11.1791
vn 0.00878976 -0.0648394 0.997857
f 263/1174/283 261/1173/281 264/1175/284

vt 1.24747 10.326
f 261/1166/281 259/1168/279 264/1176/284

v 0.0380182 0.590364 -0.234277
vt 1.49327 10.2839
vn -0.0682711 -0.141542 0.987575
f 264/1176/284 259/1168/279 265/1177/285

vt 1.49327 9.08624
f 265/1178/285 259/1162/279 240/1164/260

vt -4.62457 7.82184
vt -4.51383 7.63022
v 0.0520443 0.586087 -0.232701
vt -4.06711 7.98423
vn -0.329019 -0.194491 0.924078
f 265/1179/285 240/1180/260 266/1181/286

vt -3.87006 7.60428
v 0.0517938 0.583541 -0.233771
vt -3.36454 7.82976
vn -0.419183 -0.350175 0.837654
vt -3.40355 7.93176
f 240/1182/260 267/1183/287 266/1184/286

vt -2.54193 7.22061
vt -2.5763 7.32547
vt -3.09566 7.13401
f 235/1185/255 267/1186/287 240/1187/260

vt -7.67074 3.22695
vt -8.05261 2.85502
vt -7.9735 2.77809
f 233/1188/253 267/1189/287 235/1190/255

vt -8.76879 2.68109
vt -8.4168 3.08141
v 0.0634202 0.581621 -0.226322
vt -8.49553 3.15709
vn -0.650322 -0.113114 0.75119
f 267/1191/287 233/1192/253 268/1193/288

vt -9.97272 -0.459078
vt -10.2727 -0.907725
vt -10.1793 -0.964356
f 231/1194/251 268/1195/288 233/1196/253

vt -11.0447 -2.64289
vt -10.8492 -2.13986
v 0.0683138 0.581066 -0.221013
vt -11.061 -2.35826
vn -0.742183 0.0703434 0.666496
f 268/1197/288 231/1198/251 269/1199/289

v 0.071688 0.577479 -0.215844
vt -10.6204 -1.41181
vn -0.843939 0.143706 0.516833
vt -10.7607 -1.65537
vt -10.5246 -1.46344
f 270/1200/290 269/1201/289 231/1202/251

vt -11.0481 -3.32177
vt -10.9546 -3.05668
v 0.0706242 0.58159 -0.218573
vt -11.0957 -3.19663
vn -0.714845 0.282784 0.639554
f 269/1203/289 270/1204/290 271/1205/291

vt -10.9433 -2.34175
vt -10.7851 -2.22147
v 0.0736831 0.575648 -0.211613
vt -10.7192 -2.03502
vn -0.836223 0.274321 0.474846
f 271/1206/291 270/1207/290 272/1208/292

v 0.0737673 0.57357 -0.210236
vt -10.7958 -3.33149
vn -0.85582 0.299321 0.421875
vt -10.8711 -3.39455
vt -10.9104 -3.58836
f 273/1209/293 272/1210/292 270/1211/290

vt -10.9066 -2.9056
vt -10.8274 -2.84752
v 0.0746012 0.572967 -0.207783
vt -10.8113 -2.74403
vn -0.850027 0.359698 0.3848
f 272/1212/292 273/1213/293 274/1214/294

vt -10.5397 -3.50823
vt -10.6665 -3.65104
vt -10.6737 -3.75554
f 229/1215/249 274/1216/294 273/1217/293

vt -10.6169 -3.30332
vt -10.682 -3.26259
vt -10.7462 -3.44382
f 229/1218/249 226/1219/246 274/1220/294

v 0.0752137 0.573729 -0.207346
vt -10.5993 -3.82121
vn -0.750524 0.466797 0.467777
vt -10.5614 -3.83973
vt -10.5037 -3.65635
f 275/1221/295 274/1222/294 226/1223/246

vt -10.7538 -3.83166
vt -10.6739 -3.66191
vt -10.7114 -3.64255
f 272/1224/292 274/1225/294 275/1226/295

vt -10.7114 -3.64258
v 0.0742803 0.576456 -0.21124
vt -10.7926 -3.81518
vn -0.732696 0.401872 0.549232
vt -10.7538 -3.83169
f 275/1227/295 276/1228/296 272/1229/292

vt -10.3161 -4.79316
vt -10.2748 -4.80618
vt -10.2092 -4.62707
f 223/1230/243 276/1231/296 275/1232/295

vt -10.553 -4.99504
vt -10.461 -4.62565
vt -10.5019 -4.61139
f 271/1233/291 276/1234/296 223/1235/243

vt -10.8675 -3.33489
vt -10.9056 -3.31684
vt -11.0425 -3.67205
f 272/1236/292 276/1237/296 271/1238/291

vt -10.1901 -5.712
vt -10.104 -5.71851
vt -10.0796 -5.33224
f 222/1239/242 271/1240/291 223/1241/243

v 0.0648012 0.586018 -0.224896
vt -10.1923 -6.0873
vn -0.575256 0.179875 0.797951
vt -10.1958 -5.70664
vt -10.2818 -5.69891
f 277/1242/297 271/1243/291 222/1244/242

vt -10.8146 -1.06385
vt -10.8378 -0.931974
vt -11.0055 -1.27369
f 269/1245/289 271/1246/291 277/1247/297

v 0.0637773 0.584222 -0.225543
vt -11.1321 -2.10299
vn -0.644072 -0.0318073 0.764303
vt -11.0391 -1.83749
vt -11.2085 -2.06509
f 278/1248/298 269/1249/289 277/1250/297

vt -10.4354 -0.251051
vt -10.3358 -0.292318
vt -10.2884 -0.0111791
f 278/1251/298 268/1252/288 269/1253/289

v 0.0582562 0.586835 -0.229252
vt -10.0646 1.3793
vn -0.510679 -0.0654799 0.857274
vt -9.81551 1.56561
vt -9.91128 1.61517
f 279/1254/299 268/1255/288 278/1256/298

vt -10.9779 -0.419911
vt -10.8107 0.0964479
vt -11.012 -0.140707
f 266/1257/286 268/1258/288 279/1259/299

vt -8.49552 3.1571
vt -8.8539 2.74949
vt -8.76877 2.68109
f 268/1260/288 266/1261/286 267/1262/287

v 0.0519647 0.588792 -0.232
vt -8.82839 3.88421
vn -0.347657 -0.125689 0.929159
vt -8.73268 3.8299
vt -8.64492 4.09715
f 280/1263/300 266/1264/286 279/1265/299

vt -6.80889 6.77107
v 0.0451291 0.589997 -0.233695
vt -7.02485 6.59082
vn -0.172978 -0.0937586 0.980453
vt -6.72793 6.69654
f 280/1266/300 281/1267/301 266/1268/286

vt -11.1204 0.560801
v 0.0481094 0.591677 -0.232978
vt -11.2277 0.399892
vn -0.206813 0.0579597 0.976662
vt -11.1569 0.281891
f 280/1269/300 282/1270/302 281/1271/301

vt -9.04746 4.41758
v 0.0571984 0.589444 -0.22979
vt -8.98062 4.63258
vn -0.404766 0.128415 0.905359
vt -9.2159 4.32246
f 280/1272/300 283/1273/303 282/1274/302

vt -11.1152 -0.26977
vt -11.2144 -0.323644
vt -11.1727 -0.544896
f 279/1275/299 283/1276/303 280/1277/300

vt -10.69 0.528481
vt -10.6326 0.834316
vt -10.7964 0.490693
f 279/1278/299 277/1279/297 283/1280/303

vt -11.0033 -0.256245
vt -11.0284 -0.566417
vt -10.9315 -0.302292
f 277/1281/297 279/1282/299 278/1283/298

vt -9.93543 -6.6994
vt -10.024 -6.32917
v 0.0660004 0.587847 -0.225051
vt -10.1095 -6.34087
vn -0.35277 0.505512 0.787408
f 283/1284/303 277/1285/297 284/1286/304

vt -10.2818 -5.6989
vt -10.2781 -6.09661
f 222/1287/242 284/1288/304 277/1242/297

vt -6.93086 -8.83635
vt -6.69807 -9.18254
vt -6.84717 -8.81382
f 219/1289/239 284/1290/304 222/1291/242

vt -6.93096 -8.83631
v 0.0674767 0.589296 -0.225803
vt -6.774 -9.22448
vn -0.118205 0.734304 0.668449
vt -6.69818 -9.18251
f 219/1292/239 285/1293/305 284/1294/304

v 0.0690922 0.590199 -0.227104
vt -2.68596 -9.58741
vn 0.103008 0.868461 0.484938
vt -2.62245 -9.52495
vt -2.87513 -9.19108
f 286/1295/306 285/1296/305 219/1297/239

vt -2.69292 -9.58286
v 0.0602713 0.594175 -0.232782
vt -2.34531 -9.85532
vn 0.0844683 0.883494 0.460763
vt -2.6294 -9.52042
f 286/1298/306 287/1299/307 285/1300/305

vt -0.149269 -7.34408
vt 0.280096 -7.51086
vt -0.0938498 -7.27584
f 53/1301/53 287/1302/307 286/1303/306

vt -0.149305 -7.34416
vt 0.242606 -7.59047
vt 0.28006 -7.51094
f 53/1304/53 54/1305/54 287/1306/307

vt -0.755771 -7.18869
v 0.0497261 0.596765 -0.236481
vt -0.290784 -7.26138
vn 0.0662402 0.923113 0.378781
vt -0.716333 -7.11013
f 54/1307/54 288/1308/308 287/1309/307

vt -0.755747 -7.18857
v 0.0502886 0.597278 -0.23858
vt -0.309753 -7.34708
vn 0.136861 0.984465 0.109994
vt -0.290761 -7.26125
f 54/1310/54 289/1311/309 288/1312/308

vt 0.692381 -4.7061
vt 0.701828 -4.66406
vt 0.253798 -4.51139
f 55/1313/55 289/1314/309 54/1315/54

vt -0.615833 -4.3684
vt -0.625333 -4.41042
v 0.0443315 0.597984 -0.240699
vt -0.379663 -4.45183
vn 0.102273 0.99064 -0.0904011
f 289/1316/309 55/1317/55 290/1318/310

vt -0.0451687 -2.4305
vt -0.290733 -2.38848
vt -0.300019 -2.43055
f 290/1319/310 55/1320/55 56/1321/56

vt -0.300019 -2.43175
vt -0.0504026 -2.47447
vt -0.0451685 -2.4317
f 56/1322/56 62/1323/62 290/1324/310

vt 0.347593 -0.161228
vt 0.355615 -0.0999058
vt 0.106411 -0.0548456
f 58/1325/58 62/1326/62 56/1327/56

vt -1.26654 -2.34442
vt -1.01332 -2.29977
vt -1.26211 -2.30156
f 62/1328/62 63/1329/63 290/1330/310

v 0.0442107 0.598 -0.239611
vt -1.24304 -4.31113
vn 0.0567888 0.987084 0.149799
vt -1.24782 -4.35396
vt -0.999033 -4.35219
f 291/1331/311 290/1332/310 63/1333/63

vt -0.379352 -4.45095
vt -0.374552 -4.40813
vt -0.615522 -4.36752
f 290/1334/310 291/1335/311 289/1336/309

vt -0.890352 -7.21718
vt -1.11049 -7.08972
vt -1.13108 -7.17519
f 291/1337/311 288/1338/308 289/1339/309

vt -1.24755 -7.70782
v 0.0380182 0.597687 -0.237798
vt -1.0045 -7.63288
vn 0.00995675 0.911684 0.410771
vt -1.46657 -7.57845
f 291/1340/311 292/1341/312 288/1342/308

vt -1.40406 -6.62421
vt -1.40423 -6.50954
vt -1.64793 -6.58234
f 63/1343/63 292/1344/312 291/1345/311

vt -1.26704 -6.51235
vt -1.2666 -6.62702
v 0.031775 0.598243 -0.239965
vt -1.02086 -6.59938
vn 0.00290876 0.987554 0.157252
f 292/1346/312 63/1347/63 293/1348/313

v 0.0317564 0.598242 -0.24106
vt -1.27344 -4.47383
vn 0.000439205 0.995187 -0.0979959
vt -1.27417 -4.43074
vt -1.51996 -4.45785
f 294/1349/314 293/1350/313 63/1351/63

v 0.0130156 0.598243 -0.239965
vt -0.508912 -4.43029
vn -0.00114379 0.998167 0.0605154
vt -1.24747 -4.43029
vt -1.24674 -4.47337
f 295/1352/315 293/1353/313 294/1354/314

vt -1.24747 -7.13924
vt -0.508912 -7.13924
v 0.0130156 0.59769 -0.237805
vt -0.508912 -7.05144
vn -0.000868781 0.925533 0.378666
f 293/1355/313 295/1356/315 296/1357/316

v -0.0119971 0.598243 -0.239965
vt 0.475837 -7.13924
vn 0.000817313 0.997886 0.0649835
f 296/1357/316 295/1356/315 297/1358/317

vt 0.475837 -3.30467
vt -0.508912 -3.30467
v 0.0130156 0.59803 -0.242133
vt -0.508912 -3.39042
vn -0.00127014 0.9583 -0.28576
f 297/1359/317 295/1360/315 298/1361/318

vt -0.573649 -3.39074
vt -0.573697 -3.30499
vt -1.31151 -3.34828
f 298/1362/318 295/1363/315 294/1364/314

vt -0.508912 -2.23302
vt -1.24674 -2.18995
vt -1.24747 -2.23302
f 298/1365/318 294/1366/314 64/1367/64

vt -1.12909 -2.23285
vt -1.12827 -2.18978
vt -1.37478 -2.1735
f 64/1368/64 294/1369/314 63/1370/63

vt -1.24684 -0.436301
vt -0.508912 -0.39323
vt -1.24747 -0.39323
f 65/1371/65 298/1372/318 64/1373/64

vt -0.579997 0.708688
vt -0.580226 0.794437
vt -1.31805 0.749592
f 69/1374/69 298/1375/318 65/1376/65

v 0.000509252 0.597096 -0.244101
vt -0.0165376 0.710239
vn -4.72592e-16 0.796073 -0.6052
vt -0.508912 0.795989
vt -0.508912 0.710239
f 299/1377/319 298/1378/318 69/1379/69

v -0.0119971 0.597096 -0.244101
vt 0.475837 0.710239
vn 0.00198318 0.813795 -0.581148
f 298/1378/318 299/1377/319 300/1380/320

vt 0.475837 4.80872
vt -0.0165376 4.80872
v -0.00886798 0.595553 -0.245638
vt 0.352645 4.72297
vn -4.70814e-16 0.64195 -0.766746
f 300/1381/320 299/1382/319 301/1383/321

f 299/1382/319 71/274/71 301/1383/321

f 299/1382/319 69/272/69 71/274/71

v 0.000509252 0.591975 -0.248143
vt -0.0165376 6.41751
vn -4.50528e-16 0.573574 -0.819154
vt 0.352645 6.58945
f 302/1384/322 301/1385/321 71/277/71

v -0.0182502 0.591975 -0.248143
vt 0.722024 6.41751
vn 8.80496e-08 0.573574 -0.819154
f 303/1386/323 301/1385/321 302/1384/322

v -0.0182452 0.595553 -0.245638
vt 0.721827 6.58945
vn 0.0020093 0.637532 -0.770421
f 301/1385/321 303/1386/323 304/1387/324

v -0.0276224 0.595553 -0.245638
vt 1.09101 6.58945
vn -4.18388e-16 0.615156 -0.788405
f 304/1387/324 303/1386/323 305/1388/325

v -0.0369997 0.595553 -0.245638
vt 1.46019 6.58945
vn -0.0372526 0.623522 -0.780918
f 303/1386/323 306/1389/326 305/1388/325

v -0.0369997 0.58839 -0.250653
vt 1.46021 6.24512
vn -0.0490679 0.572886 -0.818165
vt 1.46021 6.58941
vt 0.722042 6.41747
f 307/1390/327 306/1391/326 303/1392/323

vt -0.427828 6.24613
v -0.0465849 0.595011 -0.244864
vt -0.100023 6.63966
vn -0.178516 0.56002 -0.809018
vt -0.475559 6.58709
f 307/1393/327 308/1394/328 306/1395/326

vt -0.0999492 6.63963
vt -0.427756 6.2461
v -0.0465849 0.580685 -0.254896
vt -0.00449274 5.95771
vn -0.194757 0.563374 -0.802919
f 308/1396/328 307/1397/327 309/1398/329

v -0.0369997 0.581226 -0.255669
vt -0.380035 5.90514
vn -0.0376911 0.519891 -0.853401
vt -0.0044992 5.9577
vt -0.427763 6.24609
f 310/1399/330 309/1400/329 307/1401/327

vt 0.215859 4.94422
vt -0.160467 4.89765
v -0.0433192 0.579997 -0.255904
vt 0.0927682 4.8835
vn -0.112945 0.421293 -0.899864
f 309/1402/329 310/1403/330 311/1404/331

vt 0.622508 8.15449
vt 0.3701 8.17935
vt 0.380828 8.06518
f 311/1405/331 310/1406/330 91/1407/91

vt 0.660746 8.05949
vt 0.652786 8.17389
v -0.0307533 0.580245 -0.256247
vt 0.410441 8.11262
vn -0.00629566 0.401841 -0.915688
f 91/1408/91 310/1409/330 312/1410/332

vt 1.44911 6.72043
v -0.02762 0.581228 -0.255674
vt 1.07983 6.72009
vn 0.0015739 0.495563 -0.868571
vt 1.20323 6.6754
f 310/1411/330 313/1412/333 312/1413/332

vt 1.08127 5.87872
vt 1.45055 5.87902
v -0.0182502 0.584804 -0.253164
vt 0.712257 6.05042
vn -8.12043e-05 0.574122 -0.81877
f 313/1414/333 310/1415/330 314/1416/334

vt 1.46018 6.24509
vt 0.722016 6.07275
vt 1.46018 5.9008
f 307/1417/327 314/1418/334 310/1419/330

vt 0.72202 6.41742
vt 0.72202 6.07274
vt 1.46019 6.24508
f 303/1420/323 314/1421/334 307/1422/327

vt -0.755099 6.07274
vt 0.722024 6.07274
vt 0.722024 6.41742
f 75/1423/75 314/1424/334 303/1425/323

vt -1.12368 5.89327
vt 0.722024 6.06524
vt -0.755099 6.06524
f 77/1426/77 314/1427/334 75/1428/75

vt 1.09146 5.88996
vt 0.722581 6.06195
vt -1.12313 5.89006
f 313/1429/333 314/1430/334 77/1431/77

vt 1.09168 7.67125
vt -1.12292 7.67139
vt -0.508152 7.58159
f 313/1432/333 77/1433/77 79/1434/79

vt 1.09091 7.67611
vt -0.508912 7.58634
v -0.0119971 0.579154 -0.25662
vt 0.475837 7.58634
vn 0.00272952 0.260608 -0.965441
f 313/1435/333 79/1436/79 315/1437/335

vt 0.475837 10.2508
f 84/335/84 315/1438/335 79/333/79

vt 1.28334 10.1829
vt 1.27679 10.0966
v -0.030754 0.578066 -0.256811
vt 2.01642 10.0839
vn -0.000673673 0.0757204 -0.997129
f 315/1439/335 84/1440/84 316/1441/336

vt -0.475837 -10.6916
vt -1.2144 -10.6916
vt -1.2143 -10.7351
f 84/1442/84 90/1443/90 316/1444/336

vt -1.2143 -11.2619
vt -1.2144 -11.3049
vt -0.475837 -11.3049
f 86/1445/86 90/1446/90 84/1447/84

vt -6.28507 -8.8368
vt -6.05954 -8.93643
vt -6.03921 -8.89797
f 91/1448/91 316/1449/336 90/1450/90

vt 1.6213 9.57711
v -0.0307565 0.579154 -0.25662
vt 1.37591 9.6062
vn -0.00272508 0.24902 -0.968494
vt 1.37516 9.5627
f 91/1451/91 317/1452/337 316/1453/336

vt 0.767417 8.52386
vt 0.769331 8.47848
vt 1.01595 8.46297
f 312/1454/332 317/1455/337 91/1456/91

vt 1.2144 8.44192
vt 1.21427 8.48733
vt 0.475837 8.44192
f 317/1457/337 312/1458/332 315/1459/335

vt 1.44638 6.93958
vt 1.32389 6.9867
vt 0.707182 6.90889
f 312/1460/332 313/1461/333 315/1462/335

vt 1.2143 9.5822
vt 1.2144 9.62571
vt 0.475837 9.62571
f 316/1463/336 317/1464/337 315/1465/335

vt -0.0165376 6.41742
f 303/1425/323 302/1466/322 75/1423/75

vt -0.755099 6.41742
f 72/1467/72 75/1423/75 302/1466/322

f 72/276/72 302/1384/322 71/277/71

vt -0.066971 8.39501
v -0.0432796 0.578918 -0.256288
vt 0.17554 8.44877
vn -0.138871 0.242476 -0.960167
vt 0.171044 8.49367
f 91/1468/91 318/1469/338 311/1470/331

vt -2.23337 9.52453
vt -2.45851 9.41957
v -0.0432178 0.57783 -0.25647
vt -2.22025 9.48303
vn -0.119059 0.0528409 -0.99148
f 318/1471/338 91/1472/91 319/1473/339

vt -10.6597 -1.24572
vt -10.7025 -1.2535
vt -10.6671 -1.49751
f 92/1474/92 319/1475/339 91/1476/91

vt -10.7454 -0.445584
vt -10.702 -0.443373
v -0.0491675 0.576048 -0.255491
vt -10.7051 -0.20135
vn -0.206641 -0.158343 -0.965519
f 319/1477/339 92/1478/92 320/1479/340

vt -6.02331 -9.87731
vt -6.07201 -9.94802
vt -5.86607 -10.0752
f 93/1480/93 320/1481/340 92/1482/92

vt -8.15251 -8.23306
v -0.059694 0.571413 -0.251285
vt -8.42041 -7.85179
vn -0.248741 -0.444167 -0.860722
vt -8.2175 -8.28917
f 93/1483/93 321/1484/341 320/1485/340

v -0.0482118 0.57224 -0.253746
vt -4.06186 -10.7871
vn -0.0495389 -0.716378 -0.695952
vt -4.49674 -10.6268
vt -4.09658 -10.8656
f 322/1486/342 321/1487/341 93/1488/93

vt -4.06197 -10.7871
v -0.0586789 0.569788 -0.250244
vt -4.44423 -10.559
vn -0.088605 -0.72668 -0.681238
vt -4.49685 -10.6268
f 322/1489/342 323/1490/343 321/1491/341

v -0.0575633 0.568677 -0.248626
vt -2.23086 -9.76426
vn 0.10303 -0.905221 -0.412263
vt -2.27461 -9.8416
vt -1.86216 -10.009
f 324/1492/344 323/1493/343 322/1494/342

vt -2.20777 -9.77309
v -0.0661252 0.564973 -0.243335
vt -2.54573 -9.51998
vn 0.115783 -0.871041 -0.477369
vt -2.25142 -9.85048
f 324/1495/344 325/1496/345 323/1497/343

v -0.06468 0.564767 -0.24168
vt -0.210272 -7.45628
vn 0.3602 -0.911041 -0.200649
vt -0.263882 -7.52466
vt 0.0973827 -7.74321
f 326/1498/346 325/1499/345 324/1500/344

vt 0.595042 -7.9167
v -0.0709776 0.56017 -0.235115
vt 0.30426 -7.64016
vn 0.426554 -0.850364 -0.308113
vt 0.543193 -7.98642
f 326/1501/346 327/1502/347 325/1503/345

v -0.0695844 0.560823 -0.233646
vt 2.76652 -5.22754
vn 0.688993 -0.723406 -0.0444218
vt 2.70625 -5.28572
vt 3.01197 -5.54565
f 328/1504/348 327/1505/347 326/1506/346

vt 3.9465 -6.34378
vt 4.0055 -6.28431
v -0.0742435 0.555049 -0.22672
vt 3.72069 -6.004
vn 0.613538 -0.737631 -0.281909
f 327/1507/347 328/1508/348 329/1509/349

vt 4.56511 -5.73164
v -0.0735187 0.555553 -0.226119
vt 4.31146 -5.4308
vn 0.731198 -0.657801 -0.180688
vt 4.27694 -5.45479
f 328/1510/348 330/1511/350 329/1512/349

vt 5.71325 -4.73843
v -0.0729265 0.556173 -0.225483
vt 5.48875 -4.4164
vn 0.833788 -0.545233 -0.0867063
vt 5.45503 -4.4415
f 328/1513/348 331/1514/351 330/1515/350

v -0.0710514 0.559264 -0.228287
vt 7.66073 -3.15088
vn 0.844176 -0.534 0.0470325
vt 7.51902 -3.03973
vt 7.74122 -3.36335
f 332/1516/352 331/1517/351 328/1518/348

v -0.0731542 0.555287 -0.222632
vt 6.08277 -4.7154
vn 0.848417 -0.509529 -0.143416
vt 6.11612 -4.82847
vt 6.25781 -4.93965
f 333/1519/353 331/1520/351 332/1521/352

vt 7.7534 -4.22077
vt 7.71786 -4.10836
v -0.0739564 0.553322 -0.221411
vt 7.63435 -4.06023
vn 0.850335 -0.48523 -0.203672
f 331/1522/351 333/1523/353 334/1524/354

v -0.0738498 0.551189 -0.216722
vt 6.7666 -5.21291
vn 0.898369 -0.38382 -0.213579
vt 6.83683 -5.40324
vt 6.9195 -5.45278
f 335/1525/355 334/1526/354 333/1527/353

v -0.0746036 0.550034 -0.217531
vt 7.29446 -4.9282
vn 0.822986 -0.48368 -0.297904
vt 7.4221 -5.08458
vt 7.34831 -4.89561
f 336/1528/356 334/1529/354 335/1530/355

vt 6.47135 -5.65908
v -0.0748089 0.552433 -0.222194
vt 6.5468 -5.85143
vn 0.726942 -0.617519 -0.300375
vt 6.59435 -5.81915
f 336/1531/356 337/1532/357 334/1533/354

vt 5.58473 -6.12505
v -0.0756857 0.54907 -0.218206
vt 5.52846 -6.15326
vn 0.64015 -0.642655 -0.420954
vt 5.6533 -6.31995
f 336/1534/356 338/1535/358 337/1536/357

vt 5.92577 -6.51003
v -0.0749293 0.548532 -0.216117
vt 5.87051 -6.44914
vn 0.755613 -0.53702 -0.375045
vt 5.86995 -6.53911
f 336/1537/356 339/1538/359 338/1539/358

vt 7.2364 -5.19283
v -0.0738549 0.550363 -0.215537
vt 7.26103 -5.11167
vn 0.90937 -0.341433 -0.237634
vt 7.17767 -5.13529
f 336/1540/356 340/1541/360 339/1542/359

vt 7.5277 -5.17791
vt 7.58128 -5.14487
vt 7.55141 -5.09647
f 336/1543/356 335/1544/355 340/1545/360

v -0.0729668 0.552799 -0.214363
vt 8.52597 -4.3278
vn 0.964485 -0.204022 -0.16776
vt 8.42424 -4.37481
vt 8.45568 -4.4222
f 341/1546/361 340/1547/360 335/1548/355

vt 8.43312 -4.38867
vt 8.53484 -4.34163
v -0.0729668 0.55164 -0.212708
vt 8.49084 -4.27541
vn 0.963824 -0.242632 -0.110336
f 340/1549/360 341/1550/361 342/1551/362

v -0.0723309 0.554464 -0.211963
vt 8.99267 -3.91266
vn 0.990819 -0.111696 -0.0761663
vt 8.87876 -3.94223
vt 8.92356 -4.00791
f 343/1552/363 342/1553/362 341/1554/361

v -0.0720443 0.55476 -0.209292
vt 8.94915 -3.61726
vn 0.987785 -0.144574 -0.0581307
vt 8.82156 -3.75222
vt 8.93551 -3.7228
f 344/1555/364 342/1556/362 343/1557/363

vt 8.34845 -3.08621
v -0.0738498 0.548873 -0.213413
vt 8.10606 -3.24854
vn 0.936311 -0.320252 -0.144086
vt 8.22043 -3.22076
f 344/1558/364 345/1559/365 342/1560/362

v -0.0861392 0.55073 -0.212114
vt -3.39598 5.90116
vn 0.000260618 -0.572203 0.820112
vt -2.91213 5.81196
vn 0.000444321 -0.572249 0.820079
vt -2.84108 6.0949
vn -1.77271e-05 -0.573605 0.819132
f 346/1561/366 345/1562/367 344/1563/368

v -0.0859297 0.549424 -0.213019
vt -3.37236 5.8841
vn 0.00775615 -0.569122 0.822217
vt -2.8968 5.85682
vt -3.38053 5.94666
f 347/1564/369 345/1565/367 346/1566/366

vt -2.90189 5.8115
vt -3.37746 5.83857
v -0.0746036 0.547718 -0.214222
vt -2.93161 5.75601
vn 0.000535032 -0.573886 0.818935
f 345/1567/367 347/1568/369 348/1569/370

vt -3.37798 5.83702
v -0.0756857 0.546754 -0.214897
vt -2.97476 5.70818
vn 0.000482481 -0.57405 0.81882
vt -2.93213 5.75449
f 347/1570/369 349/1571/371 348/1572/370

v -0.0770274 0.546042 -0.215396
vt -3.02882 5.67177
vn 0.00154955 -0.572197 0.820115
vt -2.97597 5.70597
vt -3.3792 5.83476
f 350/1573/372 349/1574/371 347/1575/369

vt 3.34516 -7.36922
vn 0.392565 -0.757263 -0.521964
v -0.0765523 0.547408 -0.216904
vt 3.39294 -7.43623
vn 0.518715 -0.700327 -0.490384
vt 3.40408 -7.34707
vn 0.645217 -0.625869 -0.438158
f 350/1576/373 351/1577/374 349/1578/375

v -0.0786165 0.546773 -0.217349
vt 1.19575 -8.48376
vn 0.198827 -0.804175 -0.560152
vt 1.27993 -8.46255
vt 1.24009 -8.39055
f 352/1579/376 351/1580/374 350/1581/373

v -0.0770274 0.548358 -0.218704
vt 1.08255 -8.12208
vn 0.420239 -0.754508 -0.5041
vt 1.08437 -8.03981
vt 0.999979 -8.06012
f 353/1582/377 351/1583/374 352/1584/376

vt 3.62825 -7.73243
vt 3.56061 -7.67329
vt 3.56952 -7.7551
f 338/1585/358 351/1586/374 353/1587/377

vt 4.56439 -6.74341
vt 4.48788 -6.77723
vt 4.55818 -6.83317
f 339/1588/359 351/1589/374 338/1590/358

vt 4.84209 -7.20165
vt 4.918 -7.16648
vt 4.84646 -7.11191
f 351/1591/374 339/1592/359 349/1593/375

vt 5.69287 -6.25973
vt 5.67531 -6.17941
vn 0.830394 -0.45418 -0.322749
vt 5.61924 -6.20801
f 339/1594/359 348/1595/378 349/1596/375

vt 7.29101 -5.38436
vt 7.31458 -5.46313
vt 7.3978 -5.43902
f 348/1597/378 339/1598/359 340/1599/360

vt 7.57277 -5.11691
vt 7.51909 -5.03
vt 7.46555 -5.06309
f 340/1600/360 345/1601/365 348/1602/378

vt 8.50269 -4.2771
vt 8.38844 -4.30534
vt 8.44501 -4.39038
f 342/1603/362 345/1604/365 340/1605/360

vt 3.37466 -7.36411
vt 3.31565 -7.38601
v -0.0761718 0.551653 -0.222951
vt 3.42105 -7.57257
vn 0.519434 -0.741007 -0.425554
f 338/1606/358 353/1607/377 354/1608/379

vt 2.09959 -7.94626
v -0.0771606 0.551337 -0.223338
vt 2.15369 -8.15633
vn 0.343847 -0.793239 -0.502534
vt 2.19362 -8.1388
f 353/1609/377 355/1610/380 354/1611/379

vt 0.723577 -8.44166
vt 0.684985 -8.2282
v -0.0785437 0.547943 -0.218995
vt 0.623484 -8.24159
vn 0.191554 -0.810373 -0.553718
f 355/1612/380 353/1613/377 356/1614/381

vt 0.666275 -8.32129
vt 0.686272 -8.3983
vt 0.747728 -8.3847
f 352/1615/376 356/1616/381 353/1617/377

v -0.0801385 0.547852 -0.219059
vt -2.33962 -8.52994
vn -0.0498166 -0.819327 -0.571158
vt -2.27676 -8.52685
vt -2.28356 -8.44758
f 357/1618/382 356/1619/381 352/1620/376

vt -2.28582 -8.43279
vt -2.34869 -8.43585
v -0.0793342 0.551171 -0.223817
vt -2.30608 -8.66248
vn 0.0206013 -0.820454 -0.571342
f 356/1621/381 357/1622/382 358/1623/383

vt -4.05688 -8.44177
vt -4.07547 -8.21192
v -0.0804531 0.551335 -0.22389
vt -4.10135 -8.44529
vn -0.15447 -0.797859 -0.582717
f 358/1624/383 357/1625/382 359/1626/384

v -0.0817107 0.548089 -0.218893
vt -5.22157 -7.80169
vn -0.318013 -0.771048 -0.551681
vt -5.20142 -8.0406
vt -5.15914 -7.80964
f 360/1627/385 359/1628/384 357/1629/382

vt -5.97251 -7.76883
vt -5.98014 -7.52919
v -0.0815019 0.551645 -0.223848
vt -6.01555 -7.76683
vn -0.332212 -0.740984 -0.583591
f 359/1630/384 360/1631/385 361/1632/386

v -0.0824878 0.552095 -0.223698
vt -7.58168 -6.84306
vn -0.489106 -0.673458 -0.554283
vt -7.53917 -6.85012
vt -7.47696 -6.61804
f 362/1633/387 361/1634/386 360/1635/385

vt -7.62117 -6.99744
vt -7.66362 -6.99009
v -0.0812201 0.555605 -0.22871
vt -7.6905 -7.23462
vn -0.458384 -0.641904 -0.614689
f 361/1636/386 362/1637/387 363/1638/388

v -0.082089 0.556252 -0.228553
vt -8.97217 -6.14525
vn -0.608138 -0.527928 -0.592841
vt -8.92974 -6.15273
vt -8.87349 -5.91325
f 364/1639/389 363/1640/388 362/1641/387

v -0.076456 0.561986 -0.237823
vt -9.09706 -6.64566
vn -0.423063 -0.567616 -0.706279
vt -9.05816 -6.17076
vt -9.10047 -6.1626
f 365/1642/390 363/1643/388 364/1644/389

v -0.0802617 0.555078 -0.228752
vt -7.68284 -7.44455
vn -0.318353 -0.70894 -0.629329
vt -7.72588 -7.44236
vt -7.69289 -7.91771
f 366/1645/391 363/1646/388 365/1647/390

vt -7.69028 -7.23479
vt -7.64724 -7.23684
vt -7.62094 -6.99761
f 363/1648/388 366/1649/391 361/1650/386

vt -6.031 -7.90028
vt -6.02659 -8.14091
v -0.0792421 0.554687 -0.228678
vt -5.98365 -8.13728
vn -0.178406 -0.775833 -0.605189
f 361/1651/386 366/1652/391 367/1653/392

v -0.0746911 0.560783 -0.237384
vt -5.84025 -8.80786
vn -0.124284 -0.771263 -0.624265
vt -5.93758 -8.36321
vt -5.9805 -8.36699
f 368/1654/393 367/1655/392 366/1656/391

v -0.0781544 0.554438 -0.228482
vt -3.97603 -8.79981
vn 0.00851177 -0.819829 -0.572546
vt -4.01958 -8.80944
vt -3.86371 -9.2371
f 369/1657/394 367/1658/392 368/1659/393

vt -4.09475 -8.48412
vt -4.06025 -8.71657
vt -4.01667 -8.70704
f 359/1660/384 367/1661/392 369/1662/394

vt -5.98328 -8.13741
vt -5.9876 -7.90245
vt -6.03064 -7.90041
f 367/1663/392 359/1664/384 361/1665/386

vt -4.01693 -8.70702
vt -4.05053 -8.48055
vt -4.095 -8.4841
f 369/1666/394 358/1667/383 359/1668/384

v -0.078217 0.551174 -0.223628
vt -1.9639 -8.63067
vn 0.182483 -0.821827 -0.539723
vt -2.0076 -8.6396
vt -1.94669 -8.8603
f 370/1669/395 358/1670/383 369/1671/394

vt -1.96227 -8.48567
vt -1.9782 -8.7157
vt -1.93451 -8.7067
f 356/1672/381 358/1673/383 370/1674/395

vt 0.0996979 -8.39259
vt 0.152728 -8.60895
vt 0.194172 -8.59538
f 356/1675/381 370/1676/395 355/1677/380

v -0.0760414 0.554435 -0.227763
vt 0.136675 -8.56164
vn 0.339542 -0.823553 -0.454392
vt 0.0571582 -8.35953
vt 0.0156185 -8.37281
f 371/1678/396 355/1679/380 370/1680/395

vt 1.91313 -7.76321
vt 1.87296 -7.7802
vt 1.9697 -7.97466
f 354/1681/379 355/1682/380 371/1683/396

vt 1.9695 -7.97471
v -0.0750802 0.554675 -0.227267
vt 2.00728 -7.95293
vn 0.486179 -0.792475 -0.368257
vt 1.91292 -7.76326
f 371/1684/396 372/1685/397 354/1686/379

vt 1.77767 -7.75114
vt 1.53834 -7.41783
vt 1.50015 -7.43888
f 327/1687/347 372/1688/397 371/1689/396

vt 3.00978 -6.4538
vt 2.97423 -6.47623
vt 3.22913 -6.79778
f 329/1690/349 372/1691/397 327/1692/347

vt 3.50956 -6.98659
vt 3.61649 -7.16946
vt 3.65155 -7.14627
f 354/1693/379 372/1694/397 329/1695/349

vt 3.9854 -6.87712
vt 3.90228 -6.68754
vt 3.84141 -6.71925
f 329/1696/349 337/1697/357 354/1698/379

vt 5.11391 -6.29037
vt 4.98958 -6.1288
vt 5.0799 -6.31507
f 330/1699/350 337/1700/357 329/1701/349

vt 6.1238 -5.1916
vt 6.25335 -5.349
vt 6.28676 -5.3235
f 337/1702/357 330/1703/350 331/1704/351

vt 6.18677 -5.44575
vt 6.07221 -5.28198
vt 6.02413 -5.31346
f 331/1705/351 334/1706/354 337/1707/357

vt 4.26101 -7.06109
vt 4.3161 -7.26742
vt 4.37633 -7.2345
f 338/1708/358 354/1709/379 337/1710/357

v -0.0727516 0.560136 -0.236428
vt 0.976508 -8.28454
vn 0.164032 -0.853418 -0.494743
vt 1.04196 -8.2274
vt 0.77359 -7.90724
f 373/1711/398 327/1712/347 371/1713/396

vt 0.304313 -7.64014
vt 0.237282 -7.69542
vt 0.543246 -7.98639
f 327/1714/347 373/1715/398 325/1716/345

vt -2.52702 -9.53118
vt -2.78939 -9.20036
vt -2.86555 -9.24615
f 325/1717/345 373/1718/398 368/1719/393

vt -2.79505 -9.3121
vt -2.71908 -9.26601
vt -2.93512 -8.8829
f 368/1720/393 373/1721/398 369/1722/394

vt -1.78769 -9.10922
v -0.0770684 0.554354 -0.22817
vt -1.98107 -8.7232
vn 0.176344 -0.836849 -0.518253
vt -2.02323 -8.73778
f 373/1723/398 374/1724/399 369/1725/394

vt -0.12901 -8.21855
vt -0.168691 -8.23664
vt 0.0587743 -8.60361
f 371/1726/396 374/1727/399 373/1728/398

vt 0.01571 -8.37277
vt 0.0973191 -8.5802
vt 0.136767 -8.56161
f 370/1729/395 374/1730/399 371/1731/396

vt -1.94645 -8.86031
vt -1.90435 -8.84556
vt -1.96366 -8.63069
f 369/1732/394 374/1733/399 370/1734/395

vt -2.527 -9.53117
vt -2.86553 -9.24614
v -0.0677053 0.565882 -0.244666
vt -2.58892 -9.5949
vn -0.147358 -0.723389 -0.674532
f 325/1735/345 368/1736/393 375/1737/400

vt -6.31505 -9.21249
vt -6.49348 -8.80468
vt -6.57573 -8.82929
f 375/1738/400 368/1739/393 365/1740/390

vt -6.81945 -8.46908
vt -6.7367 -8.44618
vt -6.84561 -7.99654
f 365/1741/390 368/1742/393 366/1743/391

vt -6.31492 -9.21254
vt -6.5756 -8.82935
v -0.0691431 0.567324 -0.245447
vt -6.38882 -9.25625
vn -0.317292 -0.533441 -0.78407
f 375/1744/400 365/1745/390 376/1746/401

vt -9.65446 -6.27501
vt -9.67143 -5.80934
v -0.0703223 0.569149 -0.245638
vt -9.73952 -6.28667
vn -0.507992 -0.238463 -0.827695
f 376/1747/401 365/1748/390 377/1749/402

vt -9.6714 -5.80941
v -0.0779036 0.563615 -0.237734
vt -9.75708 -5.80398
vn -0.671515 -0.296321 -0.679163
vt -9.73948 -6.28673
f 365/1750/390 378/1751/403 377/1752/402

vt -9.70443 -5.94258
vt -9.6187 -5.9472
vt -9.58618 -5.46522
f 378/1753/403 365/1754/390 364/1755/389

vt -9.93811 -4.77635
v -0.0828424 0.556999 -0.228286
vt -9.979 -4.76276
vn -0.723837 -0.403062 -0.560001
vt -10.0899 -5.24413
f 364/1756/389 379/1757/404 378/1758/403

v -0.0841566 0.553361 -0.223091
vt -9.74323 -4.81413
vn -0.757904 -0.46356 -0.459013
vt -9.82806 -5.05463
vt -9.78678 -5.06698
f 380/1759/405 379/1760/404 364/1761/389

v -0.0834635 0.557834 -0.227914
vt -10.2832 -4.11337
vn -0.823575 -0.276504 -0.495248
vt -10.243 -4.12999
vt -10.1363 -3.89835
f 381/1762/406 379/1763/404 380/1764/405

vt -10.485 -3.96718
vt -10.3128 -3.50423
vt -10.3523 -3.48596
f 378/1765/403 379/1766/404 381/1767/406

v -0.0788697 0.565496 -0.237119
vt -10.5917 -3.37003
vn -0.823167 -0.04179 -0.56626
vt -10.5102 -3.39963
vt -10.3489 -2.9272
f 382/1768/407 378/1769/403 381/1770/406

vt -10.4183 -1.96124
vt -10.4975 -1.92596
v -0.0711094 0.57116 -0.245209
vt -10.6686 -2.3899
vn -0.666441 0.0789737 -0.741364
f 378/1771/403 382/1772/407 383/1773/408

v -0.0778516 0.568702 -0.237782
vt -9.73473 -0.424353
vn -0.811143 0.249816 -0.52881
vt -9.86722 -0.808753
vt -9.60419 -0.390025
f 384/1774/409 383/1775/408 382/1776/407

vt -9.18164 0.026303
v -0.0717414 0.572972 -0.243881
vt -9.40393 -0.280903
vn -0.704065 0.329676 -0.628973
vt -9.34095 -0.347779
f 384/1777/409 385/1778/410 383/1779/408

v -0.0717414 0.587299 -0.23385
vt -8.73748 0.169279
vn -0.705842 0.452259 -0.545205
vt -8.22715 -0.292989
vt -7.97258 -0.0119486
f 386/1780/411 385/1781/410 384/1782/409

v -0.0642961 0.576477 -0.248886
vt -7.20529 1.43444
vn -0.560176 0.407157 -0.721405
vt -6.92427 1.68904
vt -7.38659 2.19933
f 387/1783/412 385/1784/410 386/1785/411

vt -8.11732 1.89954
vt -8.37018 1.61696
vt -8.06421 1.82458
f 385/1786/410 387/1787/412 383/1788/408

vt -9.31594 1.59192
v -0.0610823 0.575499 -0.251405
vt -9.31715 1.42663
vn -0.440243 0.156651 -0.884108
vt -9.03583 1.83329
f 387/1789/412 388/1790/413 383/1791/408

vt -6.08639 3.71679
vt -6.02869 3.87169
v -0.0558018 0.579081 -0.252606
vt -6.33111 3.64293
vn -0.379037 0.469192 -0.797615
f 388/1792/413 387/1793/412 389/1794/414

v -0.0558018 0.593408 -0.242574
vt -6.04546 3.87357
vn -0.380264 0.569849 -0.728472
vt -5.66092 3.30238
vt -5.34637 3.51414
f 390/1795/415 389/1796/414 387/1797/412

vt -3.3911 4.98195
vt -3.04081 5.12717
vt -3.30451 5.76325
f 309/1798/329 389/1799/414 390/1800/415

v -0.0495333 0.579297 -0.254905
vt -2.74599 4.22404
vn -0.263356 0.366366 -0.892423
vt -2.51877 4.35649
vt -2.87427 4.22454
f 391/1801/416 389/1802/414 309/1803/329

vt -8.1303 4.68774
vt -8.26123 4.45965
vt -7.90413 4.80688
f 389/1804/414 391/1805/416 388/1806/413

v -0.0494548 0.578223 -0.255295
vt -7.04731 4.87501
vn -0.268424 0.22598 -0.93642
vt -6.67634 5.20196
vt -7.0783 4.90781
f 392/1807/417 388/1808/413 391/1809/416

vt -9.03245 3.72613
vt -9.29199 3.30523
v -0.0493323 0.577141 -0.255487
vt -9.25373 3.28449
vn -0.249331 0.0686317 -0.965983
f 388/1810/413 392/1811/417 393/1812/418

vt -6.66733 7.05411
vt -6.69612 7.08673
vt -6.87721 6.91764
f 393/1813/418 392/1814/417 318/1815/338

vt -3.82589 7.46808
vt -3.60141 7.57294
vt -3.6198 7.61414
f 318/1816/338 392/1817/417 391/1818/416

vt -3.61931 7.61409
vt -3.8452 7.50858
vt -3.8254 7.46803
f 391/1819/416 311/1820/331 318/1821/338

vt -2.84832 7.11079
vt -2.95356 7.02268
vt -2.72004 7.11002
f 309/1822/329 311/1823/331 391/1824/416

vt -6.87812 6.91718
vt -6.84754 6.88622
vt -6.66825 7.05367
f 318/1825/338 319/1826/339 393/1827/418

vt -10.7052 -0.202302
vt -10.7487 -0.201239
vt -10.7454 -0.44654
f 320/1828/340 393/1829/418 319/1830/339

vt -10.7553 -1.12389
vt -10.7118 -1.12443
v -0.0605266 0.573387 -0.25169
vt -10.6695 -0.643208
vn -0.36333 -0.133033 -0.922114
f 393/1831/418 320/1832/340 394/1833/419

vt -8.4205 -7.85167
vt -8.49532 -7.89379
vt -8.2176 -8.28905
f 321/1834/341 394/1835/419 320/1836/340

vt -9.33443 -6.86719
vt -9.54396 -6.43294
vt -9.41445 -6.89833
f 321/1837/341 377/1838/402 394/1839/419

vt -9.33444 -6.86717
vt -9.45937 -6.41825
vt -9.54397 -6.43292
f 321/1840/341 376/1841/401 377/1842/402

vt -5.4373 -10.0325
vt -5.79782 -9.74121
vt -5.49537 -10.0957
f 323/1843/343 376/1844/401 321/1845/341

vt -5.43722 -10.0325
vt -5.72614 -9.69385
vt -5.79774 -9.74124
f 323/1846/343 375/1847/400 376/1848/401

vt -2.54579 -9.52
vt -2.60778 -9.58366
vt -2.25149 -9.8505
f 325/1849/345 375/1850/400 323/1851/343

vt -10.6124 -0.849696
vt -10.5285 -0.871347
vt -10.3773 -0.412525
f 388/1852/413 394/1853/419 377/1854/402

vt -10.083 1.75633
vt -10.163 1.78988
vt -10.2821 1.3105
f 394/1855/419 388/1856/413 393/1857/418

vt -10.3773 -0.41253
vt -10.4577 -0.380043
vt -10.6124 -0.849701
f 377/1858/402 383/1859/408 388/1860/413

vt -10.6686 -2.38993
vt -10.5855 -2.41451
vt -10.4183 -1.96127
f 383/1861/408 377/1862/402 378/1863/403

vt -3.30446 5.76326
vt -3.65475 5.61804
vt -3.39105 4.98196
f 390/1864/415 308/1865/328 309/1866/329

vt -4.0704 6.47433
v -0.0495356 0.595457 -0.2436
vt -4.32246 6.40035
vn -0.262455 0.711065 -0.652306
vt -4.41177 6.30923
f 390/1867/415 395/1868/420 308/1869/328

vt -2.40942 1.62816
v -0.0611 0.593443 -0.238878
vt -2.2183 1.79596
vn -0.442306 0.770486 -0.459039
vt -2.66794 1.58157
f 390/1870/415 396/1871/421 395/1872/420

vt -5.34664 3.6759
vt -5.5059 3.47761
v -0.0642961 0.590804 -0.238855
vt -5.18346 3.67716
vn -0.5613 0.558906 -0.610382
f 396/1873/421 390/1874/415 397/1875/422

vt -5.34639 3.51411
vt -5.73093 4.0853
vt -6.04548 3.87353
f 387/1876/412 397/1877/422 390/1878/415

vt -7.38657 2.19935
vt -7.66758 1.94475
vt -7.20526 1.43446
f 386/1879/411 397/1880/422 387/1881/412

v -0.0711345 0.589101 -0.232678
vt -6.36578 1.60601
vn -0.669208 0.66297 -0.335607
vt -6.59535 1.3172
vt -6.29698 1.55122
f 398/1882/423 397/1883/422 386/1884/411

vt -4.90864 0.844831
vt -5.32175 0.572417
vt -5.15857 0.573451
f 398/1885/423 396/1886/421 397/1887/422

vt -4.13203 -1.13743
vt -3.70786 -0.882571
v -0.0703789 0.590211 -0.23096
vt -3.75668 -0.811945
vn -0.515569 0.85043 -0.104681
f 396/1888/421 398/1889/423 399/1890/424

v -0.077973 0.584668 -0.223043
vt -5.33334 -2.14921
vn -0.662276 0.748079 0.0420523
vt -5.70009 -2.46488
vt -5.64835 -2.5334
f 400/1891/425 399/1892/424 398/1893/423

vt -3.35953 -5.20129
vt -2.9908 -4.88793
v -0.069219 0.590694 -0.229177
vt -3.40846 -5.13074
vn -0.349174 0.909956 0.223734
f 399/1894/424 400/1895/425 401/1896/426

vt -2.99081 -4.88791
v -0.0765493 0.585344 -0.221536
vt -3.05255 -4.82824
vn -0.447419 0.84418 0.295257
vt -3.40847 -5.13071
f 400/1897/425 402/1898/427 401/1899/426

vt -4.29127 -5.91553
vt -4.23066 -5.97634
v -0.0821815 0.578563 -0.212962
vt -3.95251 -5.56966
vn -0.622631 0.72974 0.282507
f 402/1900/427 400/1901/425 403/1902/428

vt -4.98612 -5.44261
v -0.0829202 0.578041 -0.213579
vt -4.66689 -5.06455
vn -0.735709 0.654115 0.17569
vt -4.70224 -5.03991
f 400/1903/425 404/1904/429 403/1905/428

v -0.0835189 0.577399 -0.214233
vt -5.91611 -3.96799
vn -0.82422 0.561346 0.0745152
vt -5.95064 -3.94221
vt -6.27551 -4.31543
f 405/1906/430 404/1907/429 400/1908/425

v -0.0842366 0.574397 -0.208375
vt -6.71314 -4.78408
vn -0.769012 0.577841 0.273351
vt -6.86054 -4.99272
vt -6.82634 -5.01892
f 406/1909/431 404/1910/429 405/1911/430

vt -5.543 -5.97291
vt -5.50814 -5.99823
vt -5.36807 -5.7846
f 403/1912/428 404/1913/429 406/1914/431

vt -5.36818 -5.78449
v -0.0834767 0.574977 -0.207841
vt -5.4053 -5.76261
vn -0.644353 0.672413 0.364239
vt -5.54312 -5.9728
f 406/1915/431 407/1916/432 403/1917/428

vt -5.9064 -6.38571
v -0.0836005 0.571528 -0.202481
vt -5.83584 -6.13621
vn -0.617407 0.653458 0.437952
vt -5.94311 -6.36315
f 406/1918/431 408/1919/433 407/1920/432

vt -6.6732 -6.02166
v -0.0854639 0.569694 -0.203765
vt -6.49387 -5.82827
vn -0.912759 0.349376 0.211676
vt -6.5951 -5.77441
f 406/1921/431 409/1922/434 408/1923/433

vt -7.29915 -5.00865
vt -7.48408 -5.19668
v -0.0851209 0.573326 -0.209267
vt -7.43025 -5.2331
vn -0.898732 0.418732 0.130168
f 409/1924/434 406/1925/431 410/1926/435

vt -7.09108 -4.86511
vt -6.92227 -4.66658
vt -6.97659 -4.63089
f 405/1927/430 410/1928/435 406/1929/431

v -0.0839597 0.576656 -0.214904
vt -7.92516 -4.09256
vn -0.906757 0.420665 -0.0288496
vt -7.78759 -3.86987
vt -7.95913 -4.06605
f 411/1930/436 410/1931/435 405/1932/430

v -0.0855835 0.572084 -0.210219
vt -8.60318 -3.33464
vn -0.972305 0.233701 0.00260316
vt -8.65537 -3.29714
vt -8.79418 -3.51907
f 412/1933/437 410/1934/435 411/1935/436

vt -9.01163 -3.70002
vt -9.153 -3.91814
vt -9.10099 -3.95589
f 409/1936/434 410/1937/435 412/1938/437

vt -9.43182 -3.79099
v -0.0861319 0.567372 -0.205391
vt -9.24597 -3.59999
vn -0.997353 0.0726859 0.00201139
vt -9.3409 -3.53567
f 412/1939/437 413/1940/438 409/1941/434

vt -10.2828 -2.62817
vt -10.4677 -2.82005
v -0.0851878 0.57287 -0.213243
vt -10.4982 -2.94018
vn -0.980562 0.108958 -0.163173
f 413/1942/438 412/1943/437 414/1944/439

vt -9.11076 -2.92805
v -0.0842295 0.575832 -0.215573
vt -9.2672 -3.13914
vn -0.937368 0.325179 -0.124896
vt -9.14472 -3.04726
f 412/1945/437 415/1946/440 414/1947/439

vt -8.9424 -3.36589
vt -8.90829 -3.39222
vt -8.75141 -3.18144
f 411/1948/436 415/1949/440 412/1950/437

v -0.0789005 0.583432 -0.224582
vt -8.42618 -2.54131
vn -0.826601 0.539094 -0.16158
vt -8.06566 -2.18159
vt -8.09948 -2.1549
f 416/1951/441 415/1952/440 411/1953/436

vt -7.68517 -3.23468
v -0.0823919 0.578156 -0.220793
vt -7.43632 -3.08509
vn -0.921538 0.277149 -0.271947
vt -7.32062 -2.87904
f 416/1954/441 417/1955/442 415/1956/440

vt -8.73171 -1.1797
vt -8.97511 -1.33801
v -0.0778516 0.583028 -0.227751
vt -8.97523 -1.47037
vn -0.830106 0.393015 -0.395555
f 417/1957/442 416/1958/441 418/1959/443

vt -6.75144 -0.722226
vt -7.11405 -1.05895
vt -6.76373 -0.854014
f 416/1960/441 398/1961/423 418/1962/443

vt -5.64824 -2.53347
vt -5.27319 -2.21066
vt -5.33323 -2.14929
f 398/1963/423 416/1964/441 400/1965/425

vt -6.82448 -3.74287
vt -6.76365 -3.80346
vt -6.46452 -3.396
f 400/1966/425 416/1967/441 405/1968/430

vt -7.37723 -3.36321
vt -7.04494 -2.98159
vt -7.07895 -2.95513
f 416/1969/441 411/1970/436 405/1971/430

vt -7.57441 -0.405688
vt -7.50228 -0.456002
vt -7.22806 -0.194104
f 398/1972/423 386/1973/411 418/1974/443

vt -7.97258 -0.0119679
vt -8.48291 0.4503
vt -8.73748 0.16926
f 384/1975/409 418/1976/443 386/1977/411

vt -9.44547 -1.29951
vt -8.9062 -1.72767
v -0.0823919 0.56383 -0.230824
vt -8.67041 -1.4307
vn -0.922509 0.175348 -0.343846
f 418/1978/443 384/1979/409 419/1980/444

vt -9.16446 -1.3366
vt -9.38937 -1.64189
vt -9.25757 -1.6128
f 419/1981/444 384/1982/409 382/1983/407

v -0.0842208 0.559676 -0.226882
vt -10.2282 -2.32343
vn -0.938209 -0.0173898 -0.345631
vt -10.3818 -2.50342
vt -10.4303 -2.79083
f 420/1984/445 419/1985/444 382/1986/407

vt -8.89744 -3.01639
vt -8.72093 -2.85873
v -0.0851878 0.558543 -0.223274
vt -8.66806 -2.71444
vn -0.983636 0.104076 -0.147068
f 419/1987/444 420/1988/445 421/1989/446

vt -9.97985 -2.84697
vt -10.0229 -2.99448
v -0.0855745 0.555928 -0.22153
vt -9.87759 -2.77566
vn -0.980057 -0.053649 -0.191335
f 421/1990/446 420/1991/445 422/1992/447

v -0.0852704 0.555 -0.222129
vt -10.0329 -2.85044
vn -0.925069 -0.212677 -0.314667
vt -10.0706 -2.82559
vt -10.2112 -3.04748
f 423/1993/448 422/1994/447 420/1995/445

v -0.0859306 0.551746 -0.216332
vt -10.0469 -3.10646
vn -0.970692 -0.179864 -0.159392
vt -10.2062 -3.31578
vt -10.1681 -3.33991
f 424/1996/449 422/1997/447 423/1998/448

vt -9.96063 -3.3615
vt -9.79731 -3.1553
v -0.0861319 0.553045 -0.215423
vt -9.84888 -3.11922
vn -0.998688 0.00188929 -0.0511807
f 422/1999/447 424/2000/449 425/2001/450

v -0.0861319 0.552273 -0.21432
vt -9.90877 -3.25476
vn -0.996873 -0.0685262 -0.0393392
vt -9.93901 -3.29829
vt -9.88732 -3.3342
f 426/2002/451 425/2003/450 424/2004/449

vt -9.60933 -3.43578
v -0.0861319 0.556048 -0.212087
vt -9.75794 -3.3479
vn -1 -3.79184e-16 2.83962e-16
vt -9.63973 -3.4792
f 426/2005/451 427/2006/452 425/2007/450

v -0.0861319 0.554889 -0.210433
vt -9.71233 -3.28277
vn -0.999999 0.00104137 -0.000827247
f 428/2008/453 427/2006/452 426/2005/451

v -0.0861319 0.562053 -0.205417
vt -9.99436 -3.0853
f 427/2006/452 428/2008/453 429/2009/452

v -0.0861319 0.557892 -0.207098
vt -9.83054 -3.15147
vn -0.999999 0.000926188 -0.000833831
f 430/2010/454 429/2009/452 428/2008/453

v -0.0861319 0.565055 -0.202082
vt -10.1126 -2.954
vn -0.997038 0.0629966 0.0441102
f 430/2010/454 431/2011/455 429/2009/452

vt -3.39462 6.24511
vn 2.26675e-06 -0.573604 0.819133
v -0.0836005 0.569211 -0.199172
vt -3.29496 6.78915
vn 3.65725e-06 -0.57358 0.819149
vt -3.39462 6.5894
vn 8.64207e-06 -0.573578 0.819151
f 430/2012/456 432/2013/457 431/2014/458

v -0.0754852 0.568885 -0.199401
vt -2.97538 6.77349
vn -4.97261e-06 -0.573575 0.819153
vt -3.29488 6.78916
vt -3.39454 6.24513
f 433/2015/459 432/2016/457 430/2017/456

vt -3.2949 6.78897
vt -2.9754 6.7733
v -0.0809337 0.57017 -0.198501
vt -3.18991 6.83507
vn 5.25558e-06 -0.573572 0.819155
f 432/2018/457 433/2019/459 434/2020/460

vt -3.18966 6.83555
vt -2.97515 6.77377
v -0.0780246 0.570054 -0.198582
vt -3.07512 6.82993
vn 1.24079e-05 -0.573551 0.81917
f 434/2021/460 433/2022/459 435/2023/461

v -0.0780246 0.57237 -0.201891
vt 8.41823 -5.97125
vn 0.282918 0.773647 0.566946
vt 8.36665 -5.82084
vn 0.200648 0.802496 0.561908
vt 8.25818 -5.85803
vn 0.676646 0.603151 0.422326
f 436/2024/462 435/2025/463 433/2026/464

vt 3.68606 -8.09841
vt 3.69151 -8.25733
v -0.0809337 0.572487 -0.201809
vt 3.80611 -8.2534
vn -0.193998 0.804939 0.560748
f 435/2027/463 436/2028/462 437/2029/465

v -0.0805237 0.575909 -0.206695
vt 3.79956 -8.51147
vn -0.121884 0.823431 0.554171
vt 3.8076 -8.27622
vt 3.693 -8.28016
f 438/2030/466 437/2031/465 436/2032/462

vt -0.268713 -8.33171
vt -0.326677 -8.55985
v -0.0815939 0.575748 -0.206987
vt -0.284706 -8.57347
vn -0.359211 0.784155 0.506033
f 437/2033/465 438/2034/466 439/2035/467

v -0.0803511 0.579188 -0.2119
vt -0.228978 -8.53153
vn -0.335736 0.825362 0.453936
vt -0.141162 -8.30692
vt -0.183225 -8.29358
f 440/2036/468 439/2037/467 438/2038/466

v -0.0825952 0.57543 -0.207377
vt -2.11497 -7.64193
vn -0.503223 0.750014 0.429238
vt -2.15563 -7.62477
vt -2.26286 -7.84078
f 441/2039/469 439/2040/467 440/2041/468

vt -2.51745 -8.13379
vt -2.47707 -8.15159
vt -2.36561 -7.92822
f 439/2042/467 441/2043/469 408/2044/433

vt -4.25163 -7.24264
vt -4.16041 -7.0088
vt -4.28966 -7.22238
f 407/2045/432 408/2046/433 441/2047/469

vt -3.98567 -6.97648
vt -3.85869 -6.75957
vt -3.89702 -6.73989
f 403/2048/428 407/2049/432 441/2050/469

vt -3.89722 -6.73981
v -0.0813246 0.578947 -0.212401
vt -4.02179 -6.95261
vn -0.485965 0.792545 0.368389
vt -3.98586 -6.9764
f 441/2051/469 442/2052/470 403/2053/428

vt -2.26276 -7.84084
vt -2.22452 -7.86285
vt -2.11487 -7.64199
f 440/2054/468 442/2055/470 441/2056/469

vt -1.99098 -7.63723
vt -1.71265 -7.2491
vt -1.75131 -7.22783
f 402/2057/427 442/2058/470 440/2059/468

vt -3.2804 -6.18522
vt -3.31683 -6.16222
vt -3.61365 -6.53641
f 403/2060/428 442/2061/470 402/2062/427

v -0.0747524 0.585373 -0.220211
vt -1.09628 -8.0218
vn -0.143865 0.857982 0.493122
vt -1.02969 -8.0792
vt -0.804085 -7.66188
f 443/2063/471 402/2064/427 440/2065/468

vt -0.706142 -7.8419
vt -0.367923 -7.51976
vt -0.435794 -7.46389
f 401/2066/426 402/2067/427 443/2068/471

vt -0.706032 -7.84196
vt -0.435685 -7.46395
v -0.0677552 0.59048 -0.227505
vt -0.758537 -7.77145
vn -0.100874 0.86967 0.483217
f 401/2069/426 443/2070/471 444/2071/472

vt 2.64112 -9.60633
vt 2.91714 -9.25617
v -0.0661713 0.589559 -0.226178
vt 2.57885 -9.54262
vn 0.126399 0.738983 0.661761
f 444/2072/472 443/2073/471 445/2074/473

vt 2.91715 -9.25618
v -0.0728081 0.584714 -0.219259
vt 2.84068 -9.21052
vn 0.148726 0.756225 0.637185
vt 2.57887 -9.54263
f 443/2075/471 446/2076/474 445/2077/473

vt 2.91217 -9.26124
v -0.0771317 0.578923 -0.210988
vt 3.00664 -8.81834
vn 0.144277 0.782648 0.605513
vt 2.8357 -9.21555
f 443/2078/471 447/2079/475 446/2080/474

vt 2.91184 -9.26126
v -0.0793108 0.579267 -0.21149
vt 3.09206 -8.84247
vn -0.129873 0.834956 0.534772
vt 3.00632 -8.81835
f 443/2081/471 448/2082/476 447/2083/475

vt 0.0578375 -8.13825
vt 0.0176499 -8.12002
vt -0.221865 -8.50795
f 440/2084/468 448/2085/476 443/2086/471

vt -0.182763 -8.29364
vt -0.268467 -8.51286
vt -0.228511 -8.53159
f 438/2087/466 448/2088/476 440/2089/468

vt 3.13831 -8.61606
vt 3.00436 -8.82232
vt 3.09011 -8.84645
f 438/2090/466 447/2091/475 448/2092/476

vt 3.32063 -8.87201
vt 3.45099 -8.66347
vt 3.34896 -8.43013
f 447/2093/475 438/2094/466 436/2095/462

vt 7.15888 -7.06892
v -0.0751405 0.577984 -0.210966
vt 7.14865 -7.50401
vn 0.484406 0.640844 0.595541
vt 7.23531 -7.50507
f 436/2096/462 449/2097/477 447/2098/475

vt 8.63616 -6.14298
v -0.0754852 0.571202 -0.202709
vt 8.52835 -6.18206
vn 0.698761 0.556437 0.449568
vt 8.67552 -6.57641
f 436/2099/462 450/2100/478 449/2101/477

vt 8.25811 -5.85813
vt 8.30969 -6.00854
vt 8.41816 -5.97134
f 433/2102/464 450/2103/478 436/2104/462

vt 10.4959 -3.60258
vt 10.4162 -3.46499
v -0.0738498 0.568069 -0.202437
vt 10.3569 -3.59127
vn 0.910191 0.334533 0.244212
f 450/2105/478 433/2106/464 451/2107/479

vt 10.4162 -3.465
v -0.0738498 0.566911 -0.200783
vt 10.317 -3.52248
vn 0.913212 0.333793 0.233721
vt 10.3569 -3.59128
f 433/2108/464 452/2109/480 451/2110/479

vt -2.91161 6.67835
vn -3.53422e-05 -0.573585 0.819146
vt -2.976 6.77323
v -0.0720468 0.560958 -0.204951
vt -2.84061 6.39226
vn -5.90315e-06 -0.573594 0.81914
f 452/2111/481 433/2112/459 453/2113/482

vt -3.39452 6.24513
vt -2.83999 6.39251
vt -2.97536 6.77349
f 430/2114/456 453/2115/482 433/2116/459

vt -3.39424 6.2447
vt -2.83962 6.09414
vt -2.83971 6.39207
f 430/2117/456 344/2118/368 453/2119/482

vt -2.83991 6.09355
vt -3.39454 6.2441
vt -3.39483 5.89986
f 344/2120/368 430/2121/456 346/2122/366

vt -9.70286 -3.2742
vt -9.53912 -3.34038
vn -0.996841 -0.0537896 -0.058431
vt -9.82107 -3.1429
f 428/2123/453 346/2124/483 430/2125/454

vt -9.60105 -3.43019
vt -9.54032 -3.34336
vt -9.70406 -3.27718
f 426/2126/451 346/2127/483 428/2128/453

vt -9.94391 -3.12402
vt -10.0039 -3.21134
v -0.0857226 0.550049 -0.215055
vt -9.91499 -3.24044
vn -0.915434 -0.33537 -0.222502
f 346/2129/483 426/2130/451 454/2131/484

vt -10.0126 -3.41027
vt -9.94536 -3.3599
vt -10.0344 -3.33091
f 424/2132/449 454/2133/484 426/2134/451

vt -10.0954 -3.27721
vt -10.1616 -3.32891
v -0.0853397 0.550529 -0.217184
vt -10.109 -3.3634
vn -0.869934 -0.388199 -0.304165
f 454/2135/484 424/2136/449 455/2137/485

vt -10.1007 -3.28489
vt -10.1532 -3.25018
vt -10.2689 -3.48638
f 455/2138/485 424/2139/449 423/2140/448

vt -10.1161 -3.38855
vt -10.2812 -3.59266
v -0.0847954 0.554147 -0.222647
vt -10.2433 -3.61404
vn -0.85195 -0.351338 -0.388257
f 455/2141/485 423/2142/448 456/2143/486

vt -10.3526 -3.44767
vt -10.2271 -3.22166
vt -10.2646 -3.19943
f 381/2144/406 456/2145/486 423/2146/448

vt -10.1363 -3.89841
vt -10.1751 -3.87865
vt -10.2832 -4.11343
f 380/2147/405 456/2148/486 381/2149/406

vt -9.9791 -3.91234
vt -10.0935 -4.14455
vt -10.0543 -4.16339
f 455/2150/485 456/2151/486 380/2152/405

vt -10.0382 -4.19793
v -0.0843964 0.549472 -0.217925
vt -9.90937 -3.97813
vn -0.727525 -0.576362 -0.372175
vt -9.96386 -3.94663
f 380/2153/405 457/2154/487 455/2155/485

vt -9.50316 -4.68795
vt -9.61708 -4.91582
v -0.0833815 0.552673 -0.223443
vt -9.57689 -4.93135
vn -0.630194 -0.588595 -0.50637
f 457/2156/487 380/2157/405 458/2158/488

vt -9.78688 -5.06682
vt -9.70343 -4.83027
vt -9.74332 -4.81398
f 364/2159/389 458/2160/488 380/2161/405

vt -8.87341 -5.91334
vt -8.91474 -5.90115
vt -8.97209 -6.14534
f 362/2162/387 458/2163/488 364/2164/389

v -0.0831606 0.548641 -0.218506
vt -8.68222 -5.63561
vn -0.538854 -0.678941 -0.498673
vt -8.7929 -5.861
vt -8.75141 -5.87264
f 459/2165/489 458/2166/488 362/2167/387

vt -9.0854 -5.16619
vt -9.14273 -5.14021
vt -9.20563 -5.38663
f 459/2168/489 457/2169/487 458/2170/488

vt -8.97506 -5.15458
v -0.0829202 0.547365 -0.216935
vt -8.93308 -5.08617
vn -0.553977 -0.680689 -0.479346
vt -9.03268 -5.12926
f 459/2171/489 460/2172/490 457/2173/487

vt -7.49182 -6.56806
vt -7.51894 -6.47702
vt -7.55214 -6.5501
f 360/2174/385 460/2175/490 459/2176/489

vt -6.65238 -6.86554
v -0.0808702 0.546762 -0.217357
vt -6.60151 -6.79558
vn -0.164507 -0.808428 -0.565139
vt -6.68508 -6.77635
f 360/2177/385 461/2178/491 460/2179/490

vt -5.20527 -7.81815
vt -5.2492 -7.89266
vt -5.18678 -7.90073
f 461/2180/491 360/2181/385 357/2182/382

vt -3.02976 -8.0563
vt -3.11849 -8.05667
vt -3.08937 -8.13613
f 352/2183/376 461/2184/491 357/2185/382

vt -3.11324 -8.64201
vt -3.02451 -8.64161
v -0.0793098 0.545506 -0.21576
vt -3.0522 -8.56174
vn 0.04988 -0.821735 -0.567683
f 461/2186/491 352/2187/376 462/2188/492

vt 0.0771761 -8.2137
vt 0.127195 -8.1234
vt 0.0353199 -8.14026
f 352/2189/376 350/2190/373 462/2191/492

vt -3.08243 5.6952
vn -0.000864721 -0.57424 0.818687
vt -2.99248 5.72037
vt -3.34234 5.88446
f 462/2192/493 350/2193/372 347/2194/369

vt -3.19667 5.5836
vt -3.45846 5.77025
v -0.0817107 0.545773 -0.215584
vt -3.29127 5.59559
vn -0.00283932 -0.577027 0.81672
f 462/2195/493 347/2196/369 463/2197/494

v -0.0831606 0.546324 -0.215198
vt -3.29864 5.66036
vn 0.0307194 -0.55628 0.830427
vt -3.24151 5.63395
vt -3.40793 5.80934
f 464/2198/495 463/2199/494 347/2200/369

vt -7.4562 -6.40956
vt -7.384 -6.34783
vn -0.299481 -0.784647 -0.542807
vt -7.44442 -6.33017
vn -0.55212 -0.67932 -0.483413
f 460/2201/490 463/2202/496 464/2203/497

vt -6.86329 -7.05477
vt -6.77998 -7.07509
vt -6.79404 -6.98974
f 460/2204/490 461/2205/491 463/2206/496

vt -4.63632 -7.5881
vt -4.60969 -7.6704
vt -4.54131 -7.59628
f 463/2207/496 461/2208/491 462/2209/492

vt -9.22131 -4.85737
vt -9.19687 -4.78092
v -0.0849594 0.547631 -0.214232
vt -9.28232 -4.7384
vn -0.791716 -0.463028 -0.398486
f 460/2210/490 464/2211/497 465/2212/498

vt -2.26013 6.44764
vt -2.23039 6.3591
vn 0.0626863 -0.535848 0.841984
vt -2.16603 6.28863
f 347/2213/369 465/2214/499 464/2215/495

vt -10.0982 -3.45817
vt -9.99864 -3.4251
vt -10.0783 -3.37633
vn -0.962045 -0.21759 -0.164694
f 454/2216/484 465/2217/498 347/2218/500

vt -9.96655 -3.82015
vt -9.82063 -3.90693
vt -9.86871 -3.78218
f 454/2219/484 460/2220/490 465/2221/498

vt -9.31518 -4.23013
vt -9.46706 -4.15428
vt -9.41608 -4.27008
f 460/2222/490 454/2223/484 457/2224/487

vt -9.80492 -3.98607
vt -9.81235 -4.073
vt -9.75714 -4.10323
f 454/2225/484 455/2226/485 457/2227/487

vt -9.74564 -3.10994
vt -9.7217 -3.02917
vt -9.77358 -2.99328
f 454/2228/484 347/2229/500 346/2230/483

vt -7.51307 -6.5881
vt -7.57336 -6.57004
vt -7.61846 -6.81281
f 360/2231/385 459/2232/489 362/2233/387

vt -10.2646 -3.19941
v -0.0839252 0.558724 -0.227448
vt -10.3912 -3.42767
vn -0.892947 -0.12739 -0.43176
vt -10.3526 -3.44766
f 423/2234/448 466/2235/501 381/2236/406

vt -10.1726 -3.07094
f 420/1995/445 466/2237/501 423/1993/448

vt -9.86298 -1.97042
vt -9.90045 -1.94529
vt -10.1296 -2.40004
f 466/2238/501 420/2239/445 382/2240/407

vt -10.2549 -2.53989
vt -10.2926 -2.51814
vt -10.5199 -2.96984
f 381/2241/406 466/2242/501 382/2243/407

vt 9.90656 -3.45104
vt 9.89589 -3.55692
vt 10.1498 -3.27899
vn 0.99418 0.0900297 0.0591698
f 344/2244/364 343/2245/363 453/2246/502

v -0.0718189 0.560208 -0.210407
vt 9.57439 -3.06235
vn 0.995349 -0.068511 0.0677185
vt 9.60282 -2.84723
vt 9.34738 -3.12373
f 467/2247/503 453/2248/502 343/2249/363

vt 10.168 -3.00961
vt 10.1378 -3.22449
v -0.0723309 0.564794 -0.207196
vt 10.3194 -3.09803
vn 0.974233 0.0885602 0.207431
f 453/2250/502 467/2251/503 468/2252/504

vt 9.95304 -2.33451
vt 9.77368 -2.46417
v -0.0691269 0.57052 -0.220013
vt 10.1843 -2.8521
vn 0.923538 -0.192253 0.331838
f 468/2253/504 467/2254/503 469/2255/505

v -0.0706325 0.565377 -0.217789
vt 8.79359 -3.91249
vn 0.965371 -0.148166 0.214724
vt 9.00447 -4.00023
vt 8.58554 -3.62132
f 470/2256/506 469/2257/505 467/2258/503

vt 9.77462 -1.77034
v -0.067154 0.570194 -0.224668
vt 9.97766 -2.06502
vn 0.852694 -0.298848 0.42849
vt 9.9822 -1.86563
f 470/2259/506 471/2260/507 469/2261/505

vt 8.52931 -2.10082
v -0.069121 0.565764 -0.22334
vt 8.56423 -2.32514
vn 0.936832 -0.210437 0.279396
vt 8.75469 -2.37879
f 470/2262/506 472/2263/508 471/2264/507

vt 10.4555 -3.17596
vt 10.2632 -2.87413
vt 10.4601 -3.40294
f 470/2265/506 467/2266/503 472/2267/508

vt 9.41758 -3.20494
vt 9.18238 -2.69203
v -0.0723309 0.555623 -0.213618
vt 9.00137 -2.81937
vn 0.977261 -0.210296 -0.02715
f 472/2268/508 467/2269/503 473/2270/509

vt 9.50099 -3.59003
vt 9.68253 -3.46344
v -0.0723309 0.555044 -0.21279
vt 9.47826 -3.55742
vn 0.987291 -0.13018 -0.0911572
f 473/2271/509 467/2272/503 474/2273/510

vt 9.45552 -3.52482
vt 9.47826 -3.55743
vt 9.68253 -3.46345
f 343/2274/363 474/2275/510 467/2276/503

vt 8.92359 -4.00793
vt 9.01511 -3.94551
vt 8.9927 -3.91267
f 341/2277/361 474/2278/510 343/2279/363

vt 8.92359 -4.00792
vt 9.0375 -3.97834
vt 9.0151 -3.9455
f 341/2280/361 473/2281/509 474/2282/510

vt 9.19287 -4.3993
vt 9.07916 -4.42965
vt 9.01125 -4.52577
f 473/2283/509 341/2284/361 335/2285/355

vt 8.23609 -3.32387
vt 8.0516 -3.4461
v -0.0700859 0.561417 -0.226889
vt 8.48061 -3.84644
vn 0.862895 -0.497372 0.0896314
f 473/2286/509 335/2287/355 475/2288/511

vt 5.75535 -6.2773
vt 6.01899 -6.45456
vt 5.61265 -6.03123
f 333/2289/353 475/2290/511 335/2291/355

vt 7.73424 -3.74657
vt 7.82711 -3.69153
vt 7.55729 -3.52382
f 332/2292/352 475/2293/511 333/2294/353

vt 7.03672 -2.44212
v -0.0676389 0.562936 -0.233483
vt 7.2298 -2.65074
vn 0.739404 -0.6524 0.166301
vt 7.12896 -2.38602
f 332/2295/352 476/2296/512 475/2297/511

vt 5.37191 -3.94926
vt 5.4562 -4.16025
vt 5.56926 -4.15384
f 332/2298/352 328/2299/348 476/2300/512

vt 5.46322 -2.22398
vt 5.35016 -2.23054
v -0.063545 0.565232 -0.239942
vt 5.63958 -2.48417
vn 0.551865 -0.824202 0.127025
f 476/2301/512 328/2302/348 477/2303/513

vt 3.01207 -5.54557
vt 3.05981 -5.47673
vt 2.76662 -5.22746
f 326/2304/346 477/2305/513 328/2306/348

vt 1.66151 -4.54593
vt 1.61323 -4.61438
v -0.056543 0.568288 -0.246708
vt 1.96228 -4.81235
vn 0.275205 -0.958053 -0.0799796
f 477/2307/513 326/2308/346 478/2309/514

vt 0.133085 -7.66398
vt -0.210254 -7.45626
vt 0.097401 -7.7432
f 478/2310/514 326/2311/346 324/2312/344

v -0.0471072 0.570498 -0.249865
vt -0.396775 -7.44772
vn 0.119973 -0.985249 -0.12203
vt -0.77678 -7.3188
vt -0.814412 -7.39711
f 479/2313/515 478/2314/514 324/2315/344

vt 0.363195 -4.09519
vt 0.744674 -4.21969
v -0.0466927 0.570728 -0.247791
vt 0.762718 -4.13788
vn 0.200307 -0.939258 0.278697
f 478/2316/514 479/2317/515 480/2318/516

v -0.0369997 0.571289 -0.24963
vt -0.670339 -3.81358
vn 0.0254273 -0.989563 0.141842
vt -1.05253 -3.74086
vt -1.06949 -3.8229
f 481/2319/517 480/2320/516 479/2321/515

vt -0.111202 -0.821045
v -0.0369997 0.572326 -0.246908
vt -0.105937 -0.706497
vn 0.0659806 -0.879825 0.470695
vt -0.49248 -0.743665
f 481/2322/517 482/2323/518 480/2324/516

v -0.0307471 0.571797 -0.247826
vt -1.5111 -0.76728
vn -0.00715979 -0.917739 0.39712
vt -1.75776 -0.728584
vt -1.75659 -0.843247
f 483/2325/519 482/2326/518 481/2327/517

vt -1.46467 1.07509
vt -1.2185 1.03341
vt -1.09545 1.07513
f 482/2328/518 483/2329/519 245/2330/265

vt -0.983491 0.761721
vt -1.10676 0.720645
v -0.0119971 0.571446 -0.248842
vt -0.368751 0.675277
vn 0.00244216 -0.963907 0.266227
f 245/2331/265 483/2332/519 484/2333/520

vt -1.21403 -1.1038
v -0.0307565 0.571446 -0.248842
vt -1.2144 -1.14611
vn -0.00408145 -0.966616 0.256196
vt -0.475837 -1.14611
f 483/2334/519 485/2335/521 484/2336/520

vt -1.65292 -1.18578
vt -1.40728 -1.15295
vt -1.40717 -1.11065
f 481/2337/517 485/2338/521 483/2339/519

vt -1.2004 -2.80284
vt -1.4462 -2.8344
v -0.030754 0.571249 -0.249891
vt -1.20031 -2.84486
vn 1.16771e-05 -0.995878 0.0906983
f 485/2340/521 481/2341/517 486/2342/522

vt -1.52891 -4.8638
v -0.0307565 0.571253 -0.250958
vt -1.28311 -4.91609
vn -0.00929763 -0.996534 -0.0826669
vt -1.28301 -4.87408
f 481/2343/517 487/2344/523 486/2345/522

vt -1.49352 -5.87464
vt -1.73926 -5.82209
vt -1.73957 -5.93676
f 487/2346/523 481/2347/517 98/2348/98

vt -0.623192 -5.83185
vt -1.02234 -5.84116
vt -0.62228 -5.94651
f 481/2349/517 479/2350/515 98/2351/98

vt -1.44193 -7.23349
v -0.0476349 0.571003 -0.251948
vt -1.46189 -7.31806
vn 0.0396968 -0.896187 -0.441898
vt -1.04261 -7.34162
f 479/2352/515 488/2353/524 98/2354/98

vt -0.396794 -7.44785
vt -0.814431 -7.39724
vt -0.414586 -7.5329
f 479/2355/515 324/2356/344 488/2357/524

vt -1.8397 -9.9231
vt -2.23093 -9.76429
vt -1.86223 -10.0091
f 488/2358/524 324/2359/344 322/2360/342

vt -1.8506 -9.9207
vt -1.87318 -10.0066
vt -1.43166 -10.0663
f 488/2361/524 322/2362/342 94/2363/94

vt -2.69843 -11.2168
vt -2.72433 -11.2986
vt -2.26103 -11.3014
f 322/2364/342 93/2365/93 94/2366/94

vt -1.67543 -9.69161
vt -1.25516 -9.83327
vt -1.25636 -9.7186
f 488/2367/524 94/2368/94 98/2369/98

vt -1.59522 -6.46625
vt -1.34925 -6.44731
vt -1.34928 -6.4037
f 98/2370/98 99/2371/99 487/2372/523

v -0.011997 0.571253 -0.250958
vt -0.475836 -6.40605
vn 0.00141077 -0.996798 -0.0799482
vt -1.2144 -6.40605
vt -1.21428 -6.44967
f 489/2373/525 487/2374/523 99/2375/99

vt -1.2143 -4.87427
vt -1.2144 -4.91629
vt -0.475836 -4.91629
f 486/2376/522 487/2377/523 489/2378/525

vt -0.42 -3.91864
vt -0.419959 -3.83498
vt -1.15845 -3.87645
f 489/2379/525 484/2380/520 486/2381/522

v 0.0130156 0.571446 -0.248842
vt 0.508912 -3.83518
vn -0.0018684 -0.964487 0.264124
vt -0.475837 -3.83518
vt -0.475836 -3.91884
f 490/2382/526 484/2383/520 489/2384/525

vt -0.475837 -0.0913774
vt 0.508912 -0.0913774
vt -1.09097 -0.00774918
f 484/2385/520 490/2386/526 245/2387/265

vt 0.509089 -0.0879882
vt 1.12395 -0.00438013
vt -1.09079 -0.00434871
f 490/2388/526 244/2389/264 245/2390/265

vt 1.01271 0.790949
vt 0.398253 0.70442
v 0.0317061 0.571809 -0.247798
vt 1.13391 0.751113
vn 0.00706231 -0.916778 0.399335
f 244/2391/264 490/2392/526 491/2393/527

v 0.031775 0.571446 -0.248842
vt 1.24747 -1.11716
vn 0.00419433 -0.966229 0.257653
vt 1.24476 -1.07364
vt 0.508912 -1.11716
f 492/2394/528 491/2395/527 490/2396/526

vt 1.44306 -1.06999
vt 1.4455 -1.11352
v 0.0380182 0.571289 -0.24963
vt 1.69113 -1.14638
vn -0.0270837 -0.989454 0.142289
f 491/2397/527 492/2398/528 493/2399/529

vt 1.47928 -2.83438
vt 1.23348 -2.80282
v 0.0317413 0.571249 -0.249891
vt 1.23216 -2.84484
vn -2.14251e-05 -0.995876 0.0907291
f 493/2400/529 492/2401/528 494/2402/530

vt 1.24615 -2.84561
vt 1.24747 -2.80359
vt 0.508912 -2.80359
f 494/2403/530 492/2404/528 490/2405/526

vt 0.452952 -3.83496
v 0.0130156 0.571253 -0.250958
vt 0.452993 -3.91862
vn -0.00188163 -0.996809 -0.0797996
vt 1.19022 -3.87644
f 490/2406/526 495/2407/531 494/2408/530

vt 0.508912 -3.91884
f 489/2384/525 495/2409/531 490/2382/526

v 0.0130156 0.571802 -0.253093
vt 0.508912 -7.39155
vn -0.000977701 -0.926652 -0.37592
vt 0.508912 -7.30474
vt -0.475836 -7.30474
f 496/2410/532 495/2411/531 489/2412/525

vt 0.446958 -7.30542
vt 0.446828 -7.39222
v 0.0317393 0.571422 -0.252052
vt 1.18406 -7.3499
vn 0.000845873 -0.968447 -0.249218
f 495/2413/531 496/2414/532 497/2415/533

vt 1.24607 -8.17513
vt 0.508912 -8.21876
v 0.031775 0.571802 -0.253093
vt 1.24747 -8.21876
vn 0.00283117 -0.871376 -0.490608
f 497/2416/533 496/2417/532 498/2418/534

vt 1.24747 -9.98253
vt 0.508912 -9.98253
f 498/2419/534 496/2420/532 101/394/101

f 101/394/101 496/2420/532 100/393/100

vt -0.475836 -7.39155
f 489/2412/525 100/2421/100 496/2410/532

vt -0.413827 -7.39217
vt -0.413956 -7.30537
vt -1.15235 -7.34987
f 100/2422/100 489/2423/525 99/2424/99

v 0.031775 0.573084 -0.254947
vt 1.24747 -10.0713
vn 0.000287383 -0.744114 -0.668053
f 101/394/101 499/2425/535 498/2419/534

vt 0.508912 -11.1839
vt 1.24662 -11.2264
vt 1.24747 -11.1839
f 101/2426/101 103/2427/103 499/2428/535

vt 1.48154 -11.1877
vt 1.23575 -11.185
vt 1.23486 -11.2274
f 106/2429/106 499/2430/535 103/2431/103

vt 1.27113 -9.98089
vt 1.27124 -10.0696
vt 1.51704 -10.0718
f 498/2432/534 499/2433/535 106/2434/106

vt 1.71195 -9.80106
v 0.0380182 0.571578 -0.252528
vt 1.71066 -9.6864
vn -0.0125669 -0.956479 -0.29153
vt 1.46511 -9.7127
f 106/2435/106 500/2436/536 498/2437/534

vt 1.72686 -9.68672
vt 1.29016 -9.7189
vt 1.28896 -9.83357
f 107/2438/107 500/2439/536 106/2440/106

vt 1.04555 -7.34234
vt 1.48253 -7.31425
vt 1.46154 -7.22994
f 500/2441/536 107/2442/107 113/2443/113

vt 0.62692 -5.83206
vt 0.625977 -5.94673
vt 1.04273 -5.83721
f 493/2444/529 500/2445/536 113/2446/113

vt 1.77263 -5.93667
vt 1.77233 -5.822
v 0.031775 0.571253 -0.250958
vt 1.52658 -5.87455
vn 0.0092692 -0.99653 -0.0827111
f 500/2447/536 493/2448/529 501/2449/537

vt 1.56156 -4.86182
vt 1.31444 -4.8721
vt 1.31577 -4.91411
f 493/2450/529 494/2451/530 501/2452/537

vt 1.24615 -4.87429
vt 0.508912 -4.91629
vt 1.24747 -4.91629
f 494/2453/530 495/2454/531 501/2455/537

vt 0.508912 -6.40622
vt 1.24607 -6.44981
vt 1.24747 -6.40622
f 495/2456/531 497/2457/533 501/2458/537

vt 1.3813 -6.4074
vt 1.37998 -6.45099
vt 1.62724 -6.46995
f 501/2459/537 497/2460/533 500/2461/536

vt 1.21547 -8.17709
vt 1.21683 -8.22072
vt 1.46265 -8.19703
f 497/2462/533 498/2463/534 500/2464/536

vt 0.651947 -3.81319
vt 1.06776 -3.81834
v 0.0481082 0.570657 -0.247691
vt 1.0499 -3.7365
vn -0.197983 -0.926581 0.319766
f 493/2465/529 113/2466/113 502/2467/538

vt -0.456101 -4.04338
vt -0.824465 -4.16907
vt -0.805512 -4.25067
f 114/2468/114 502/2469/538 113/2470/113

v 0.0519647 0.570723 -0.244652
vt -2.43314 0.854064
vn -0.34766 -0.830143 0.435885
vt -2.57019 0.717727
vt -2.2082 0.860755
f 503/2471/539 502/2472/538 114/2473/114

v 0.0451291 0.571904 -0.246363
vt -0.907919 -1.05238
vn -0.172926 -0.889973 0.421954
vt -0.782036 -1.1076
vt -0.635787 -0.98118
f 504/2474/540 502/2475/538 503/2476/539

vt 0.607128 2.0579
v 0.0380182 0.572326 -0.246908
vt 0.327062 2.03194
vn -0.0680014 -0.879115 0.471733
vt 0.729146 1.9946
f 504/2477/540 505/2478/541 502/2479/538

vt 0.975398 -2.27766
v 0.0520502 0.572272 -0.242391
vt 1.24598 -2.11737
vn -0.358756 -0.786157 0.503241
vt 0.69499 -2.29963
f 504/2480/540 506/2481/542 505/2482/541

vt -1.46404 1.8786
vt -1.48088 1.98521
vt -1.73351 1.79789
f 503/2483/539 506/2484/542 504/2485/540

vt -3.68912 1.12967
v 0.0582562 0.56881 -0.241872
vt -3.43877 1.25745
vn -0.510485 -0.783597 0.354092
vt -3.71827 1.23358
f 503/2486/539 507/2487/543 506/2488/542

vt -2.10985 -1.38667
vt -2.36668 -1.50087
vt -2.14173 -1.49474
f 507/2489/543 503/2490/539 114/2491/114

vt -4.236 -1.02548
vt -4.26064 -1.13543
v 0.064798 0.564999 -0.23961
vt -3.93963 -0.930898
vn -0.58331 -0.799497 0.143365
f 507/2492/543 114/2493/114 508/2494/544

vt -1.68404 -4.66655
vt -1.73333 -4.59882
vt -2.0616 -4.79149
f 115/2495/115 508/2496/544 114/2497/114

vt -2.82954 -5.29064
vt -3.11606 -5.54121
vt -3.06738 -5.60938
f 162/2498/169 508/2499/544 115/2500/115

v 0.0683138 0.563041 -0.233634
vt -5.69711 -2.22495
vn -0.741891 -0.65083 0.161304
vt -5.84677 -2.46589
vt -5.56411 -2.21097
f 509/2501/545 508/2502/544 162/2503/169

vt -4.7306 -2.76712
v 0.0637773 0.566218 -0.238149
vt -4.94698 -2.94691
vn -0.644023 -0.707432 0.291161
vt -4.88498 -3.00506
f 509/2504/545 510/2505/546 508/2506/544

vt -6.32728 -1.46245
vt -6.11776 -1.27471
v 0.0634309 0.567803 -0.23601
vt -6.3844 -1.3735
vn -0.664302 -0.669733 0.331904
f 510/2507/546 509/2508/545 511/2509/547

vt -5.37537 -3.34739
vt -5.25165 -3.07018
vt -5.64374 -3.44135
f 509/2510/545 171/2511/178 511/2512/547

vt -6.91454 -2.54224
vt -6.99043 -2.46728
vt -7.10606 -2.74796
f 167/2513/174 171/2514/178 509/2515/545

vt -7.84958 -3.66417
vt -7.67478 -3.44378
vt -7.92661 -3.59037
f 167/2516/174 168/2517/175 171/2518/178

vt -5.49647 -4.22008
vt -5.36344 -4.20643
vt -5.30132 -4.01779
f 509/2519/545 162/2520/169 167/2521/174

v 0.0629664 0.569798 -0.234057
vt -7.53413 -1.70672
vn -0.680705 -0.56218 0.469675
vt -7.45745 -1.78755
vt -7.08257 -1.399
f 512/2522/548 511/2523/547 171/2524/178

vt -5.18451 1.03514
vt -4.72934 1.33121
vt -4.79419 1.4218
f 506/2525/542 511/2526/547 512/2527/548

vt -3.21696 -1.46889
vt -3.02118 -1.22801
vt -3.49666 -1.49021
f 507/2528/543 511/2529/547 506/2530/542

vt -5.02623 -0.321436
vt -4.7954 -0.16061
vt -4.84673 -0.068201
f 507/2531/543 510/2532/546 511/2533/547

vt -4.01885 -1.71548
vt -3.72184 -1.62292
vt -3.78231 -1.56318
f 507/2534/543 508/2535/544 510/2536/546

vt -4.79426 1.42185
v 0.0517937 0.574185 -0.240322
vt -5.2411 1.13119
vn -0.384038 -0.670192 0.635104
vt -5.18457 1.03518
f 512/2537/548 513/2538/549 506/2539/542

vt -5.86285 1.792
vt -5.80053 1.69772
vt -5.36394 2.00358
f 238/2540/258 513/2541/549 512/2542/548

v 0.0380182 0.575888 -0.242559
vt -1.57694 4.37426
vn -0.116259 -0.717587 0.686697
vt -1.03801 4.50057
vt -1.06776 4.6096
f 514/2543/550 513/2544/549 238/2545/258

vt -1.28948 3.4464
vt -0.719015 3.45511
vt -0.748291 3.56261
f 514/2546/550 506/2547/542 513/2548/549

vt -1.28099 2.99133
vt -1.24475 2.773
vt -0.71052 2.99975
f 514/2549/550 505/2550/541 506/2551/542

vt 1.49665 3.16042
vt 1.12711 2.93911
vt 1.49661 2.9391
f 514/2552/550 244/2553/264 505/2554/541

vt 1.49327 3.1653
f 244/1127/264 514/2555/550 242/1128/262

vt 1.49327 5.10989
f 242/1124/262 514/2556/550 239/1122/259

vt -1.39415 5.04105
vt -1.95109 5.00921
vt -1.89794 4.79438
f 238/2557/258 239/2558/259 514/2559/550

vt 1.24808 1.07422
vt 1.49659 1.1147
vt 1.12709 1.1147
f 491/2560/527 505/2561/541 244/2562/264

vt 1.78362 -0.84315
vt 1.78476 -0.728487
vt 1.53579 -0.765993
f 493/2563/529 505/2564/541 491/2565/527

vt 0.0803526 -0.70758
vt 0.0858422 -0.822118
vt 0.482822 -0.740518
f 505/2566/541 493/2567/529 502/2568/538

vt -5.36399 2.00365
v 0.0626812 0.571966 -0.232198
vt -5.4313 2.09443
vn -0.730789 -0.414974 0.541981
vt -5.86289 1.79207
f 512/2569/548 515/2570/551 238/2571/258

vt -8.11894 -1.30394
vt -8.03785 -1.38266
v 0.070363 0.563346 -0.224842
vt -7.67899 -0.992569
vn -0.895974 -0.377748 0.233532
f 515/2572/551 512/2573/548 516/2574/552

vt -7.08258 -1.399
vt -7.1661 -1.32526
vt -7.53413 -1.70671
f 171/2575/178 516/2576/552 512/2577/548

vt -8.48265 -3.28301
vt -8.79411 -3.71172
vt -8.70755 -3.78187
f 172/2578/179 516/2579/552 171/2580/178

v 0.0699933 0.565588 -0.223088
vt -9.27073 -3.38629
vn -0.94005 -0.21131 0.267681
vt -9.18143 -3.45556
vt -8.87159 -3.02567
f 517/2581/553 516/2582/552 172/2583/179

vt -7.67894 -0.992619
vt -7.76413 -0.918362
vt -8.11889 -1.30399
f 516/2584/552 517/2585/553 515/2586/551

vt -9.6067 -1.01325
vt -9.29929 -0.588907
v 0.0678146 0.570313 -0.224837
vt -9.49946 -0.670382
vn -0.855968 -0.295834 0.42403
f 515/2587/551 517/2588/553 518/2589/554

vt -8.75439 -2.37982
vt -8.55016 -2.30914
v 0.0712518 0.565553 -0.21804
vt -8.5317 -2.10513
vn -0.965624 -0.147826 0.213815
f 518/2590/554 517/2591/553 519/2592/555

vt -10.4005 -3.32144
vt -10.2119 -2.82076
vt -10.4055 -3.11666
f 517/2593/553 176/2594/186 519/2595/555

vt -9.02953 -2.86931
vt -9.21061 -2.74208
vt -9.42753 -3.23118
f 172/2596/179 176/2597/186 517/2598/553

vt -9.04053 -3.73541
vt -8.83438 -3.4481
v 0.0699994 0.570343 -0.219761
vt -9.23543 -3.80321
vn -0.940015 -0.177292 0.291444
f 519/2599/555 176/2600/186 520/2601/556

vt -10.1919 -2.87363
vt -9.79843 -2.5101
vt -9.97792 -2.38063
f 520/2602/556 176/2603/186 230/2604/250

vt -10.2219 -3.08686
vt -10.3445 -3.13394
vt -10.1628 -3.26037
f 177/2605/187 230/2606/250 176/2607/186

vt -10.6036 -2.70822
vt -10.4521 -2.87845
vt -10.3299 -2.83039
f 228/2608/248 230/2609/250 177/2610/187

vt -10.3584 -2.97976
v 0.074455 0.567883 -0.202171
vt -10.6022 -2.81407
vn -0.928245 0.30469 0.213367
vt -10.6327 -2.85898
f 177/2611/187 521/2612/557 228/2613/248

vt 2.92785 6.67857
vn -1.3089e-05 -0.573565 0.81916
vt 2.85687 6.39247
vt 3.02254 6.79726
f 521/2614/558 177/2615/189 178/2616/188

vt 2.96536 6.74564
vn -2.98905e-05 -0.573554 0.819168
vt 2.92725 6.67893
vt 3.02193 6.79763
f 227/2617/559 521/2618/558 178/2619/188

vt -10.5292 -3.36014
vt -10.501 -3.31375
vt -10.5667 -3.27384
f 228/2620/248 521/2621/557 227/2622/247

vt -9.64625 -4.59952
vt -9.71568 -4.56663
vn -0.555476 0.681159 0.476936
vt -9.76217 -4.66475
f 227/2623/247 178/2624/560 225/2625/245

vt -7.74945 -6.46763
vt -7.71874 -6.36348
vt -7.79243 -6.34176
f 225/2626/245 178/2627/560 180/2628/192

vt -7.82314 -6.4459
f 180/2628/192 216/2629/236 225/2626/245

vt -4.72485 -8.01159
vt -4.64832 -8.01833
vt -4.63879 -7.91016
f 181/2630/194 216/2631/236 180/2632/192

vt -7.84456 -6.58461
vt -7.9181 -6.56238
vt -7.94903 -6.76624
f 225/2633/245 216/2634/236 217/2635/237

vt -10.1219 -2.41457
vt -10.4235 -2.85027
vt -10.3306 -2.90981
f 230/2636/250 232/2637/252 520/2638/556

vt -9.70084 -0.856315
vt -9.38923 -0.434932
vt -9.47615 -0.366945
f 234/2639/254 520/2640/556 232/2641/252

vt -7.84636 -0.812576
vt -8.20283 -1.19677
vt -7.88542 -1.02661
f 520/2642/556 234/2643/254 518/2644/554

vt -9.02692 -0.177054
v 0.0623469 0.5744 -0.230674
vt -8.94603 -0.260892
vn -0.707041 -0.405153 0.579606
vt -8.71962 0.0107345
f 234/2645/254 522/2646/561 518/2647/554

vt -7.22013 2.42744
vt -7.41565 2.09532
vt -7.15308 2.33217
f 234/2648/254 236/2649/256 522/2650/561

vt -6.6317 2.0813
vt -6.7151 2.15873
vt -6.98571 1.9311
f 515/2651/551 522/2652/561 236/2653/256

vt -8.1687 -0.490963
vt -8.01971 -0.164071
vt -8.26021 -0.423303
f 515/2654/551 518/2655/554 522/2656/561

vt -7.87275 2.61299
vt -7.4974 2.98287
vt -7.83907 2.80637
f 238/2657/258 515/2658/551 236/2659/256

vt -9.7783 -1.77206
vt -9.97104 -1.8458
vt -9.97897 -2.06322
f 519/2660/555 520/2661/556 518/2662/554

vt -0.475837 -2.80317
vt -1.2144 -2.80317
vt -1.2143 -2.84519
f 484/2663/520 485/2664/521 486/2665/522

vt -1.46496 3.1603
vt -1.46489 2.93899
vt -1.09567 2.93903
f 246/2666/266 482/2667/518 245/2668/265

vt 1.16957 2.79005
vt 1.20442 3.0086
v -0.0506129 0.572392 -0.242564
vt 0.651072 3.00837
vn 0.350328 -0.785574 0.510043
f 482/2669/518 246/2670/266 523/2671/562

vt 1.20418 3.46571
v -0.0503669 0.574303 -0.240491
vt 0.678902 3.57329
vn 0.407965 -0.657659 0.633284
vt 0.650831 3.46547
f 246/2672/266 524/2673/563 523/2674/562

vt 0.985327 4.62621
vt 0.956802 4.51685
vt 1.48006 4.39985
f 250/2675/270 524/2676/563 246/2677/266

vt 5.66918 1.84231
vt 5.73022 1.93743
v -0.0614697 0.572175 -0.232496
vt 5.29176 2.23565
vn 0.701594 -0.442663 0.558404
f 524/2678/563 250/2679/270 525/2680/564

vt 7.49212 3.16628
vt 7.87002 2.7943
v -0.0544093 0.577504 -0.235108
vt 7.81797 3.006
vn 0.517033 -0.490235 0.701674
f 525/2681/564 250/2682/270 526/2683/565

vt 3.50954 3.60146
vt 3.63037 3.42001
vt 3.8345 3.45159
f 526/2684/565 250/2685/270 251/2686/271

vt 5.98474 5.10822
vt 5.90914 5.30206
vt 5.68988 5.311
f 251/2687/271 252/2688/272 526/2689/565

vt 5.74678 2.02354
v -0.0614743 0.576932 -0.229171
vt 5.30614 2.31869
vn 0.702739 -0.397766 0.589865
vt 5.52743 2.02966
f 252/2690/272 527/2691/566 526/2692/565

v -0.0617495 0.579366 -0.227809
vt 7.5412 3.41691
vn 0.688417 -0.250863 0.680552
vt 7.4674 3.33487
vt 7.85197 2.96965
f 528/2693/567 527/2694/566 252/2695/272

vt 9.33567 -0.298641
vt 9.65466 -0.726107
vt 9.74487 -0.662535
f 469/2696/505 527/2697/566 528/2698/567

vt 8.18722 -1.03907
vt 7.82253 -0.649853
vt 7.84786 -0.847681
f 527/2699/566 469/2700/505 471/2701/507

vt 8.88187 -0.221083
vt 8.55182 -0.0140606
v -0.0616206 0.57433 -0.230575
vt 8.78486 -0.285637
vn 0.707173 -0.405074 0.579501
f 527/2702/566 471/2703/507 529/2704/568

vt 8.36979 -0.452148
vt 8.44404 -0.365866
vt 8.20389 -0.100544
f 525/2705/564 529/2706/568 471/2707/507

vt 6.44953 1.93882
vt 6.78851 1.8086
vt 6.51104 2.0346
f 525/2708/564 526/2709/565 529/2710/568

vt 7.47321 2.45315
vt 7.3847 2.37735
vt 7.64585 2.13268
f 527/2711/566 529/2712/568 526/2713/565

vt 9.20102 -0.44313
vt 9.51784 -0.872088
vt 9.38886 -0.505332
f 472/2714/508 525/2715/564 471/2716/507

vt 8.05089 -1.1775
vt 7.68688 -0.787796
v -0.069488 0.563526 -0.2251
vt 7.60224 -0.862687
vn 0.889867 -0.385304 0.244288
f 525/2717/564 472/2718/508 530/2719/569

vt 8.84153 -2.97289
vt 9.16993 -3.42658
vt 9.25904 -3.35705
f 473/2720/509 530/2721/569 472/2722/508

vt 8.45192 -3.22881
vt 8.696 -3.75159
vt 8.78227 -3.68109
f 473/2723/509 475/2724/511 530/2725/569

v -0.0617493 0.57001 -0.23436
vt 7.46304 -1.58635
vn 0.686359 -0.56478 0.458186
vt 7.08529 -1.20135
vt 7.00236 -1.27576
f 531/2726/570 530/2727/569 475/2728/511

vt 7.60223 -0.862692
vt 7.97041 -1.25685
vt 8.05089 -1.17751
f 530/2729/569 531/2730/570 525/2731/564

vt 5.29177 2.23565
vt 5.22573 2.14394
vt 5.66919 1.84232
f 525/2732/564 531/2733/570 524/2734/563

vt 5.05778 1.16393
vt 5.113 1.2607
vt 4.65941 1.54688
f 523/2735/562 524/2736/563 531/2737/570

vt 4.65924 1.54677
v -0.0622048 0.56802 -0.23632
vt 4.59568 1.45526
vn 0.655827 -0.674959 0.338114
vt 5.05761 1.16382
f 531/2738/570 532/2739/571 523/2740/562

vt 7.00236 -1.27577
vt 7.38706 -1.66785
vt 7.46303 -1.58635
f 475/2741/511 532/2742/571 531/2743/570

vt 5.25619 -3.26207
vt 5.54895 -3.37435
vt 5.14592 -3.00113
f 476/2744/512 532/2745/571 475/2746/511

vt 5.98091 -1.41395
v -0.0630509 0.566149 -0.23805
vt 6.19383 -1.60267
vn 0.644277 -0.70728 0.290968
vt 6.27172 -1.5312
f 476/2747/512 533/2748/572 532/2749/571

vt 5.13847 -2.73792
vt 4.92021 -2.55541
vt 5.09958 -2.81353
f 533/2750/572 476/2751/512 477/2752/513

vt 3.59943 -1.88936
v -0.0574673 0.56877 -0.241815
vt 3.87567 -1.96549
vn 0.505369 -0.786609 0.354752
vt 3.63578 -1.8125
f 477/2753/513 534/2754/573 533/2755/572

vt 3.94992 -0.636544
v -0.0557416 0.568608 -0.244763
vt 4.27638 -0.840296
vn 0.395213 -0.886744 0.239775
vt 4.2253 -0.715716
f 477/2756/513 535/2757/574 534/2758/573

vt 1.96224 -4.81239
vt 1.99621 -4.73581
vt 1.66148 -4.54597
f 478/2759/514 535/2760/574 477/2761/513

vt 0.762743 -4.13764
vt 0.396908 -4.01824
vt 0.363221 -4.09494
f 480/2762/516 535/2763/574 478/2764/514

vt 2.06973 0.883593
vt 2.42973 0.747621
v -0.0511044 0.570705 -0.244626
vt 2.27007 0.88975
vn 0.344031 -0.831841 0.435526
f 535/2765/574 480/2766/516 536/2767/575

vt 0.675546 -0.927598
vt 0.843765 -1.05948
v -0.0441912 0.571899 -0.246357
vt 0.950732 -0.99973
vn 0.173494 -0.88749 0.42692
f 536/2768/575 480/2769/516 537/2770/576

vt -0.62394 1.59372
vt -0.726787 1.52713
vt -0.340634 1.56815
f 537/2771/576 480/2772/516 482/2773/518

vt -0.631172 -1.89053
vt -1.16523 -1.71366
vt -0.914745 -1.86811
f 482/2774/518 523/2775/562 537/2776/576

vt 1.56988 2.10671
vt 1.84204 2.0239
vt 1.61039 2.20538
f 536/2777/575 537/2778/576 523/2779/562

vt 3.60371 0.941686
vt 3.65454 1.03547
vt 3.3498 1.0695
f 536/2780/575 523/2781/562 534/2782/573

vt 3.0875 -1.37813
vt 3.39257 -1.40895
vt 2.91067 -1.15186
f 534/2783/573 523/2784/562 532/2785/571

vt 4.9545 0.0110104
vt 5.18687 -0.153172
vt 5.02858 0.0864181
f 533/2786/572 534/2787/573 532/2788/571

vt 2.34247 -1.61387
vt 2.08258 -1.49872
vt 2.14211 -1.61948
f 536/2789/575 534/2790/573 535/2791/574

vt 9.74485 -0.662538
v -0.0694882 0.572882 -0.218548
vt 9.42226 -0.230266
vn 0.904628 -0.0688465 0.420604
vt 9.33565 -0.298645
f 528/2792/567 538/2793/577 469/2794/505

v -0.0700721 0.575237 -0.217205
vt 9.93005 -0.327349
vn 0.86359 0.0842622 0.497104
vt 9.84224 -0.392274
vt 10.1433 -0.839779
f 539/2795/578 538/2796/577 528/2797/567

vt 10.2866 -2.41409
vt 10.5958 -2.88108
vt 10.69 -2.82582
f 468/2798/504 538/2799/577 539/2800/578

vt 10.3233 -2.88822
vt 10.4163 -2.82879
vt 10.0977 -2.36816
f 469/2801/505 538/2802/577 468/2803/504

v -0.0738498 0.569228 -0.204091
vt 10.5276 -2.30263
vn 0.887488 0.322978 0.328709
vt 10.3477 -2.43152
vt 10.7471 -2.84712
f 540/2804/579 468/2805/504 539/2806/578

vt 10.6233 -2.84767
vt 10.4843 -3.03731
vt 10.6678 -2.91359
f 451/2807/479 468/2808/504 540/2809/579

vt 10.3028 -2.83442
vt 10.4533 -2.92435
vt 10.591 -2.73372
f 453/2810/502 468/2811/504 451/2812/479

vt 10.606 -2.82696
vt 10.5613 -2.7612
vt 10.3175 -2.92689
f 451/2813/479 452/2814/480 453/2815/502

vt 10.3569 -3.5913
vt 10.3967 -3.66009
vt 10.4959 -3.6026
f 451/2816/479 540/2817/579 450/2818/478

v -0.073523 0.576571 -0.211404
vt 10.7982 -3.79337
vn 0.767056 0.378828 0.517798
vt 10.6395 -3.41567
vt 10.5418 -3.47571
f 541/2819/580 450/2820/478 540/2821/579

vt 9.68287 -4.94855
vt 9.78814 -5.34448
vt 9.87211 -5.32452
f 450/2822/478 541/2823/580 449/2824/477

v -0.0710314 0.583489 -0.218827
vt 10.1933 -5.7471
vn 0.430491 0.562738 0.705694
vt 10.1262 -5.34163
vt 10.0429 -5.36424
f 542/2825/581 449/2826/477 541/2827/580

vt 7.22187 -7.97486
vt 7.13521 -7.97372
vt 7.07897 -8.38084
f 447/2828/475 449/2829/477 542/2830/581

vt 7.16245 -8.40333
vt 7.22163 -7.97496
vt 7.07873 -8.38094
f 446/2831/474 447/2832/475 542/2833/581

vt 6.70311 -9.29495
vt 6.8699 -8.90634
vt 6.78671 -8.88205
f 445/2834/473 446/2835/474 542/2836/581

vt 6.70303 -9.29499
vt 6.78664 -8.88208
v -0.0647239 0.588093 -0.225402
vt 6.62812 -9.25142
vn 0.322421 0.527043 0.786302
f 445/2837/473 542/2838/581 543/2839/582

v -0.0635481 0.58625 -0.225228
vt 10.1722 -6.12939
vn 0.546949 0.195448 0.814031
vt 10.2578 -6.14002
vt 10.2677 -5.73822
f 544/2840/583 543/2841/582 542/2842/581

v -0.0565739 0.591619 -0.230438
vt 9.95726 -6.81364
vn 0.276952 0.434522 0.857023
vt 10.0587 -6.42472
vt 9.97339 -6.4113
f 545/2843/584 543/2844/582 544/2845/583

v -0.0575958 0.593269 -0.231477
vt 5.77568 -10.2087
vn 0.0978086 0.704217 0.703215
vt 5.97541 -9.83773
vt 5.71661 -10.1452
f 546/2846/585 543/2847/582 545/2848/584

vt 6.04799 -9.88509
f 546/2846/585 445/2849/473 543/2847/582

vt 2.64816 -9.60188
vt 2.58588 -9.5382
vt 2.24796 -9.79248
f 444/2850/472 445/2851/473 546/2852/585

v -0.0587142 0.594392 -0.233091
vt 2.29192 -9.86998
vn -0.101203 0.903931 0.415532
vt 2.64819 -9.6019
vt 2.24799 -9.7925
f 547/2853/586 444/2854/472 546/2855/585

vt 0.172672 -7.32458
vt 0.118388 -7.25543
vt -0.262983 -7.4864
f 401/2856/426 444/2857/472 547/2858/586

v -0.0597477 0.594792 -0.23503
vt -0.226778 -7.5667
vn -0.280896 0.953748 0.107065
vt 0.172744 -7.32473
vt -0.26291 -7.48656
f 548/2859/587 401/2860/426 547/2861/586

vt -1.81844 -4.16885
vt -1.86791 -4.09868
vt -2.2742 -4.3291
f 399/2862/424 401/2863/426 548/2864/587

v -0.0605666 0.594457 -0.237023
vt -2.23937 -4.40755
vn -0.349315 0.91892 -0.183206
vt -1.81845 -4.16884
vt -2.2742 -4.32908
f 549/2865/588 399/2866/424 548/2867/587

vt -3.75679 -0.811823
vt -4.17158 -1.06104
vt -4.13214 -1.13731
f 399/2868/424 549/2869/588 396/2870/421

vt -1.82763 0.177358
vt -1.86168 0.256175
v -0.049347 0.596729 -0.241839
vt -2.30577 0.0516034
vn -0.249776 0.886258 -0.390076
f 396/2871/421 549/2872/588 550/2873/589

vt -1.43262 -0.676003
v -0.0491881 0.597123 -0.24083
vt -1.89026 -0.833221
vn -0.213138 0.956508 -0.199161
vt -1.87929 -0.874888
f 549/2874/588 551/2875/590 550/2876/589

vt -0.935934 -3.76613
vt -0.475927 -3.61597
v -0.0487646 0.597365 -0.238704
vt -0.954457 -3.68229
vn -0.13307 0.986199 0.0985136
f 551/2877/590 549/2878/588 552/2879/591

vt -0.47593 -3.61594
vt -0.510437 -3.53732
vt -0.95446 -3.68227
f 549/2880/588 548/2881/587 552/2882/591

vt 0.324814 -7.33231
vt 0.767093 -7.18213
vt 0.728987 -7.1029
f 552/2883/591 548/2884/587 547/2885/586

vt 0.324588 -7.33198
vt 0.728762 -7.10258
v -0.0482301 0.596848 -0.236599
vt 0.306575 -7.24594
vn -0.0459204 0.905438 0.421986
f 552/2886/591 547/2887/586 553/2888/592

vt 1.88768 -10.0349
vt 2.30056 -9.86665
v -0.0476517 0.595599 -0.234804
vt 1.86497 -9.9488
vn 0.0309088 0.744488 0.66692
f 553/2889/592 547/2890/586 554/2891/593

vt 2.30052 -9.86654
vt 2.25655 -9.78908
vt 1.86493 -9.9487
f 547/2892/586 546/2893/585 554/2894/593

vt 4.30387 -11.0535
vt 4.66592 -10.8349
v -0.0471232 0.593833 -0.2336
vt 4.2684 -10.9744
vn 0.136619 0.434103 0.890444
f 554/2895/593 546/2896/585 555/2897/594

vt 4.66584 -10.8349
vt 4.6124 -10.7667
vt 4.26832 -10.9744
f 546/2898/585 545/2899/584 555/2900/594

vt 8.76506 -8.32552
vt 8.98934 -7.99201
v -0.0557438 0.589627 -0.230051
vt 8.91331 -7.95115
vn 0.370455 0.115611 0.921627
f 555/2901/594 545/2902/584 556/2903/595

vt 9.97328 -6.41147
vt 9.87618 -6.7839
vt 9.95715 -6.81381
f 544/2904/583 556/2905/595 545/2906/584

v -0.0574673 0.586794 -0.229195
vt 10.5056 0.991785
vn 0.505555 -0.0650785 0.860336
vt 10.626 0.93116
vt 10.4486 1.27269
f 557/2907/596 556/2908/595 544/2909/583

v -0.0511044 0.588774 -0.231974
vt 11.1975 -0.846083
vn 0.34404 -0.124773 0.930628
vt 11.2502 -0.652563
vt 11.1465 -0.56644
f 558/2910/597 556/2911/595 557/2912/596

vt 8.95445 4.6198
v -0.0466939 0.591747 -0.233078
vt 9.13715 4.50863
vn 0.191018 0.0244491 0.981282
vt 8.90214 4.81342
f 558/2913/597 559/2914/598 556/2915/595

vt 11.1976 0.572444
vt 11.084 0.753653
v -0.0441912 0.589992 -0.233688
vt 11.1266 0.472374
vn 0.173536 -0.0991223 0.979827
f 559/2916/598 558/2917/597 560/2918/599

vt 6.49907 6.85307
v -0.0506072 0.586208 -0.232873
vt 6.44042 6.7614
vn 0.350504 -0.212482 0.912139
vt 6.72346 6.6782
f 558/2919/597 561/2920/600 560/2921/599

vt 9.05133 3.71484
vt 8.87165 3.93511
vt 8.96905 3.64363
f 558/2922/597 557/2923/596 561/2924/600

v -0.0621943 0.581838 -0.226632
vt 10.7969 0.21346
vn 0.656381 -0.0888731 0.749176
vt 10.9644 -0.306154
vt 10.9902 8.7364e-05
f 562/2925/601 561/2926/600 557/2927/596

vt 8.74675 2.95085
vt 8.3816 3.35673
vt 8.30372 3.28017
f 561/2928/600 562/2929/601 528/2930/567

vt 10.1434 -0.839796
vt 10.2366 -0.782915
vt 9.93007 -0.327366
f 528/2931/567 562/2932/601 539/2933/578

vt 10.8492 -2.09905
vt 11.0442 -2.61233
v -0.0676389 0.58096 -0.220862
vt 11.0517 -2.2982
vn 0.739693 0.0661656 0.669684
f 539/2934/578 562/2935/601 563/2936/602

vt 10.3973 -0.148643
vt 10.4543 -0.457655
v -0.0630509 0.584153 -0.225443
vt 10.5414 -0.394006
vn 0.644333 -0.0316834 0.764088
f 563/2937/602 562/2938/601 564/2939/603

vt 9.74469 1.76339
vt 9.66655 1.68908
vt 9.90573 1.52882
f 564/2940/603 562/2941/601 557/2942/596

vt 11.0258 -0.74607
vt 11.1123 -1.01713
vt 11.1096 -0.730512
f 564/2943/603 557/2944/596 544/2945/583

vt 10.9869 -1.54686
vt 11.0892 -1.81238
vt 11.1736 -1.7999
f 563/2946/602 564/2947/603 544/2948/583

vt 10.8445 -1.08151
vt 11.0456 -1.32323
v -0.0695882 0.581841 -0.218932
vt 10.8825 -0.974611
vn 0.697326 0.253472 0.670439
f 563/2949/602 544/2950/583 565/2951/604

vt 10.2676 -5.73826
vt 10.1816 -5.74468
vt 10.1721 -6.12944
f 542/2952/581 565/2953/604 544/2954/583

vt 10.043 -5.36408
vt 10.1072 -5.75235
vt 10.1934 -5.74694
f 541/2955/580 565/2956/604 542/2957/581

v -0.0710514 0.577333 -0.215634
vt 10.8518 -2.1972
vn 0.833245 0.152747 0.531386
vt 11.0212 -2.34868
vt 10.8334 -2.00286
f 566/2958/605 565/2959/604 541/2960/580

vt 11.0466 -3.24908
vt 11.1024 -3.15035
vt 10.95 -2.98172
f 563/2961/602 565/2962/604 566/2963/605

vt 10.5546 -1.33739
vt 10.4726 -1.41089
vt 10.6993 -1.58206
f 566/2964/605 539/2965/578 563/2966/602

vt 10.8607 -2.56742
v -0.0731542 0.57338 -0.209963
vt 10.7165 -2.32221
vn 0.856636 0.298965 0.420469
vt 10.7741 -2.63532
f 566/2967/605 567/2968/606 539/2969/578

vt 10.7504 -3.47507
vt 10.8626 -3.73647
vt 10.872 -3.54149
f 567/2970/606 566/2971/605 541/2972/580

vt 10.953 -3.1206
vt 10.6755 -2.82119
vt 10.8275 -3.06159
f 541/2973/580 540/2974/579 567/2975/606

vt 10.1313 -4.22056
vt 10.2431 -4.7969
vt 10.251 -4.47863
f 540/2976/579 539/2977/578 567/2978/606

vt 8.30363 3.28018
v -0.050367 0.583659 -0.23394
vt 8.66234 2.88147
vn 0.371607 -0.370418 0.851293
vt 8.74667 2.95086
f 528/2979/567 568/2980/607 561/2981/600

vt 7.85198 2.96964
vt 7.93011 3.04758
vt 7.54122 3.41691
f 252/2982/272 568/2983/607 528/2984/567

vt 2.94911 7.19434
vt 2.44364 7.37318
vt 2.41054 7.26791
f 253/2985/273 568/2986/607 252/2987/272

vt 3.2512 7.99855
vt 3.21354 7.89605
vt 3.70639 7.6849
f 561/2988/600 568/2989/607 253/2990/273

vt 3.91804 8.06173
vt 4.35421 7.72212
v -0.0369997 0.590364 -0.234277
vt 4.46163 7.91562
vn 0.0663542 -0.140809 0.987811
f 561/2991/600 253/2992/273 569/2993/608

vt -1.46019 9.08624
f 253/1154/273 254/1156/274 569/2994/608

vt -1.46019 10.2839
vt -1.09101 10.2839
v -0.0307565 0.591419 -0.234105
vt -1.2144 10.326
vn -0.00878976 -0.0648394 0.997857
f 569/2995/608 254/2996/274 570/2997/609

v -0.0245034 0.591419 -0.234105
vt -0.968211 10.326
vn 0.00192444 -0.0830206 0.996546
f 571/2998/610 570/2997/609 254/2996/274

v -0.0307565 0.592489 -0.234112
vt 1.2144 -11.2212
vn -0.00341799 0.0708282 0.997483
vt 1.2144 -11.1791
vt 0.968211 -11.1791
f 572/2999/611 570/3000/609 571/3001/610

vt -10.0555 -5.05246
vt -10.095 -5.06692
v -0.0369997 0.593276 -0.234235
vt -10.0398 -5.30846
vn 0.0252686 0.206315 0.978159
f 570/3002/609 572/3003/611 573/3004/612

vt 1.57292 -11.754
vt 1.32682 -11.725
v -0.0307435 0.593574 -0.234295
vt 1.32674 -11.7684
vn -7.37179e-05 0.261363 0.96524
f 573/3005/612 572/3006/611 574/3007/613

vt 1.21388 -11.781
vt 1.2144 -11.7377
v -0.0119971 0.592489 -0.234112
vt 0.475837 -11.7377
vn 0.00221178 0.0629694 0.998013
f 574/3008/613 572/3009/611 575/3010/614

vt 0.475837 -11.2212
f 572/2999/611 571/3001/610 575/3011/614

vt 0.04652 10.6834
vt 0.288123 10.6193
vt 0.540683 10.6807
f 571/3012/610 255/3013/275 575/3014/614

vt -0.721827 10.2839
f 571/2998/610 254/2996/274 255/3015/275

vt -0.721827 10.7489
vt -0.352645 10.7489
vt -0.475837 10.8328
f 255/3016/275 256/3017/276 575/3018/614

v 0.000509252 0.592489 -0.234112
vt 0.0165376 10.8328
vn 2.4723e-16 0.0933519 0.995633
f 256/3017/276 576/3019/615 575/3018/614

v 0.00988648 0.590364 -0.234277
vt 0.38572 10.7489
vn 3.56755e-16 -0.205884 0.978576
f 256/3017/276 577/3020/616 576/3019/615

vt 0.38572 9.08624
f 256/1158/276 257/1159/277 577/3021/616

f 257/1159/277 258/1163/278 577/3021/616

f 258/1163/278 260/1165/280 577/3021/616

vt 0.508912 10.8328
vt 0.754902 10.7489
f 262/3022/282 577/3020/616 260/3023/280

f 262/3022/282 576/3019/615 577/3020/616

v 0.0130156 0.594603 -0.234685
vt -0.508912 -11.9915
vn -0.00145119 0.424184 0.905575
vt -0.0165376 -11.9052
vt -0.508912 -11.9052
f 578/3024/617 576/3025/615 262/3026/282

v -0.0119971 0.594603 -0.234685
vt 0.475837 -11.9915
vn 0.00165629 0.401436 0.915886
f 579/3027/618 576/3025/615 578/3024/617

vt 0.475837 -11.9052
f 579/3027/618 575/3028/614 576/3025/615

vt 0.720108 -11.8927
vt 0.721926 -11.9789
vt 1.45891 -11.9203
f 575/3029/614 579/3030/618 574/3031/613

vt 0.475837 -12.0458
v -0.0307565 0.594603 -0.234685
vt 1.2144 -12.0458
vn -0.00916703 0.425891 0.904728
vt 1.21388 -12.0025
f 579/3032/618 580/3033/619 574/3034/613

v -0.0307431 0.595564 -0.235228
vt 1.21387 -11.9459
vn -0.00054089 0.574339 0.818618
vt 1.2144 -11.9024
vt 0.475837 -11.9024
f 581/3035/620 580/3036/619 579/3037/618

vt 0.96344 -11.923
vt 0.962069 -11.9665
v -0.0369997 0.595901 -0.235497
vt 1.20804 -11.988
vn 0.0073159 0.626482 0.779401
f 580/3038/619 581/3039/620 582/3040/621

vt 1.50336 -11.3703
vt 1.25699 -11.354
v -0.0307565 0.596403 -0.235948
vt 1.25765 -11.3975
vn -0.00300572 0.709105 0.705096
f 582/3041/621 581/3042/620 583/3043/622

v -0.0119971 0.596403 -0.235948
vt 0.475837 -11.4013
vn 0.00169847 0.690984 0.722868
vt 1.2144 -11.4013
vt 1.21387 -11.3578
f 584/3044/623 583/3045/622 581/3046/620

v -0.0307443 0.597147 -0.236824
vt 1.21392 -10.6577
vn -0.00595492 0.817211 0.576307
vt 1.2144 -10.6124
vt 0.475837 -10.6124
f 585/3047/624 583/3048/622 584/3049/623

vt 1.24496 -10.6013
vt 0.998839 -10.6246
vt 0.997803 -10.6698
f 582/3050/621 583/3051/622 585/3052/624

vt 0.821268 -10.4078
v -0.0369997 0.597687 -0.237798
vt 1.06666 -10.4563
vn -0.0149354 0.914524 0.404257
vt 1.06908 -10.3416
f 585/3053/624 586/3054/625 582/3055/621

vt 1.46145 -9.33526
vt 1.21518 -9.29144
v -0.0307565 0.59769 -0.237805
vt 1.21566 -9.33559
vn -3.53882e-05 0.929336 0.369235
f 586/3056/625 585/3057/624 587/3058/626

vt 1.2144 -9.33567
vt 1.21392 -9.29151
v -0.0119971 0.59769 -0.237805
vt 0.475837 -9.33567
vn 0.000868548 0.904935 0.425549
f 587/3059/626 585/3060/624 588/3061/627

vt 0.558596 -9.98506
vt 0.558965 -10.074
vt 1.29687 -10.027
f 584/3062/623 588/3063/627 585/3064/624

vt 0.475837 -10.0763
vt 0.475837 -9.98729
v 0.0130156 0.596403 -0.235948
vt -0.508912 -9.98729
vn -0.00169971 0.726769 0.686879
f 588/3065/627 584/3066/623 589/3067/628

vt -0.508912 -11.6645
vt -0.508912 -11.751
vt 0.475837 -11.751
f 578/3068/617 589/3069/628 584/3070/623

vt -0.622634 -11.7463
vt -0.621924 -11.6598
v 0.0317492 0.595564 -0.235228
vt -1.35981 -11.697
vn 0.000533879 0.574354 0.818607
f 589/3071/628 578/3072/617 590/3073/629

vt -0.508912 -11.9024
v 0.031775 0.594603 -0.234685
vt -1.24747 -11.9024
vn 0.00915615 0.425898 0.904725
vt -1.24646 -11.9459
f 578/3074/617 591/3075/630 590/3076/629

v 0.0317466 0.593574 -0.234295
vt -1.24635 -12.0025
vn 6.83241e-05 0.261349 0.965244
vt -1.24747 -12.0458
vt -0.508912 -12.0458
f 592/3077/631 591/3078/630 578/3079/617

v 0.0380182 0.593276 -0.234235
vt -1.24798 -12.0186
vn -0.026907 0.206302 0.978118
vt -1.0011 -12.0687
vt -1.00087 -12.0254
f 593/3080/632 591/3081/630 592/3082/631

vt -0.542291 -12.048
vt -0.790861 -12.0071
v 0.0380182 0.595901 -0.235497
vt -0.78442 -12.1216
vn -0.00801273 0.626516 0.779368
f 591/3083/630 593/3084/632 594/3085/633

v 0.0485612 0.593759 -0.233494
vt -3.99231 -11.4365
vn -0.120258 0.431999 0.89382
vt -3.60055 -11.6157
vt -3.58108 -11.5027
f 595/3086/634 594/3087/633 593/3088/632

vt -2.28002 -11.6257
vt -2.6882 -11.4878
v 0.0491174 0.59552 -0.234692
vt -2.71488 -11.5703
vn -0.0474253 0.724183 0.687975
f 594/3089/633 595/3090/634 596/3091/635

vt -4.44074 -11.0015
vt -4.40371 -10.9231
v 0.0580572 0.591427 -0.230164
vt -4.74708 -10.7052
vn -0.233591 0.479497 0.845883
f 596/3092/635 595/3093/634 597/3094/636

vt -9.13371 -7.82671
vt -8.91621 -8.17036
vt -8.8483 -8.11707
f 597/3095/636 595/3096/634 282/3097/302

vt -5.14986 -10.9256
vt -4.74775 -11.0342
vt -5.10861 -10.8497
f 595/3098/634 593/3099/632 282/3100/302

vt -10.8695 2.60656
vt -10.9777 2.21598
vt -10.8638 2.2027
f 282/3101/302 593/3102/632 265/3103/285

vt 10.2568 4.42396
vt 10.3449 4.19068
vt 10.4439 4.24855
f 264/3104/284 265/3105/285 593/3106/632

vt 10.0284 -5.33952
vt 10.0837 -5.09797
vt 10.0441 -5.08352
f 593/3107/632 263/3108/283 264/3109/284

vt -1.35988 -11.7247
vt -1.60598 -11.7536
vt -1.35919 -11.768
f 263/3110/283 593/3111/632 592/3112/631

vt -0.508912 -11.7377
vt -1.24747 -11.7377
vt -1.24635 -11.781
f 262/3113/282 263/3114/283 592/3115/631

vt -0.755175 -11.9782
vt -0.753356 -11.892
vt -1.49156 -11.9196
f 578/3116/617 262/3117/282 592/3118/631

vt -2.44638 9.42821
vt -2.17874 9.51469
vt -2.09158 9.62119
f 265/3119/285 281/3120/301 282/3121/302

vt -7.17303 -9.12189
vt -7.55111 -8.68122
vt -7.40241 -8.95912
f 265/3122/285 266/3123/286 281/3124/301

vt -8.84832 -8.11704
vt -9.0565 -7.78812
vt -9.13373 -7.82668
f 282/3125/302 283/3126/303 597/3127/636

vt -10.1095 -6.3409
vt -10.017 -6.72771
vt -9.93541 -6.69943
f 284/3128/304 597/3129/636 283/3130/303

vt -6.15081 -9.80879
vt -5.82831 -10.0734
vt -6.07714 -9.76316
f 285/3131/305 597/3132/636 284/3133/304

vt -6.15071 -9.80882
v 0.0591144 0.593065 -0.231185
vt -5.88875 -10.1355
vn -0.0881872 0.721524 0.68675
vt -5.8282 -10.0734
f 285/3134/305 598/3135/637 597/3136/636

vt -2.34544 -9.85536
vt -2.29998 -9.77876
vt -2.62952 -9.52046
f 287/3137/307 598/3138/637 285/3139/305

vt -2.3541 -9.85176
vt -1.9149 -9.9434
vt -2.30861 -9.77518
f 287/3140/307 596/3141/635 598/3142/637

vt -2.35413 -9.85182
vt -1.93882 -10.0293
vt -1.91492 -9.94346
f 287/3143/307 288/3144/308 596/3145/635

vt -1.48863 -10.0899
vt -1.92564 -9.94094
vt -1.94959 -10.0267
f 292/3146/312 596/3147/635 288/3148/308

vt -1.74287 -10.4089
vt -1.74133 -10.2943
vt -2.17787 -10.2542
f 292/3149/312 594/3150/633 596/3151/635

vt -1.1028 -10.3423
vt -1.10039 -10.457
v 0.0317522 0.597147 -0.236825
vt -0.854572 -10.4085
vn 0.0059493 0.817256 0.576244
f 594/3152/633 292/3153/312 599/3154/638

vt -1.49453 -9.33423
v 0.031775 0.59769 -0.237805
vt -1.24873 -9.33457
vn 3.5431e-05 0.92936 0.369175
vt -1.24783 -9.29045
f 292/3155/312 600/3156/639 599/3157/638

vt -1.24468 -7.13931
vt -1.24468 -7.05152
vt -1.49047 -7.05122
f 293/3158/313 600/3159/639 292/3160/312

vt -1.24747 -7.05144
f 296/1357/316 600/3161/639 293/1355/313

vt -0.508912 -9.33465
vt -1.24658 -9.29053
vt -1.24747 -9.33465
f 296/3162/316 599/3163/638 600/3164/639

vt -0.592124 -10.0739
vt -0.591754 -9.98492
vt -1.32961 -10.0269
f 296/3165/316 589/3166/628 599/3167/638

vt -0.508912 -10.0763
f 589/3067/628 296/3168/316 588/3065/627

vt 0.475837 -7.05144
f 297/1358/317 588/3169/627 296/1357/316

v -0.0307565 0.598243 -0.239965
vt 1.2144 -7.13924
vn -0.00290852 0.987555 0.15725
f 588/3169/627 297/1358/317 601/3170/640

v -0.0307441 0.598242 -0.24106
vt 1.21391 -4.47337
vn -0.000441665 0.995186 -0.0980064
vt 1.2144 -4.43029
vt 0.475837 -4.43029
f 602/3171/641 601/3172/640 297/3173/317

vt 1.24111 -4.43059
vt 1.24062 -4.47368
v -0.0369997 0.598257 -0.240654
vt 1.48691 -4.4577
vn -0.0280687 0.998501 -0.0469975
f 601/3174/640 602/3175/641 603/3176/642

vt 1.34157 -2.17298
vt 1.0953 -2.18926
v -0.0307565 0.59803 -0.242133
vt 1.09588 -2.23233
vn -0.00921217 0.963848 -0.266292
f 603/3177/642 602/3178/641 604/3179/643

v -0.0119971 0.59803 -0.242133
vt 0.475837 -2.23313
vn 0.00190215 0.963631 -0.267229
vt 1.2144 -2.23313
vt 1.21391 -2.19006
f 605/3180/644 604/3181/643 602/3182/641

v -0.0307445 0.597659 -0.243162
vt 1.21393 -0.435884
vn -0.000215034 0.903526 -0.428533
vt 1.2144 -0.392811
vt 0.475837 -0.392811
f 606/3183/645 604/3184/643 605/3185/644

v -0.0369997 0.597492 -0.243464
vt 1.35501 -0.443895
vn -0.0276696 0.869365 -0.493395
vt 1.10903 -0.388173
vt 1.10869 -0.431247
f 607/3186/646 604/3187/643 606/3188/645

vt 0.893603 -1.36847
vt 1.13989 -1.42279
vt 1.13905 -1.30812
f 604/3189/643 607/3190/646 603/3191/642

vt 1.19773 -1.42394
v -0.0431451 0.597803 -0.241802
vt 1.43933 -1.35611
vn -0.100193 0.965132 -0.24183
vt 1.19704 -1.30928
f 607/3192/646 608/3193/647 603/3194/642

vt 0.76548 0.119882
v -0.0432562 0.597148 -0.243375
vt 1.01217 0.1237
vn -0.13671 0.840775 -0.52384
vt 1.00624 0.190659
f 607/3195/646 609/3196/648 608/3197/647

v -0.0433204 0.596157 -0.2446
vt 0.952943 3.54832
vn -0.113796 0.703024 -0.702003
vt 0.947832 3.6102
vt 0.701157 3.60567
f 610/3198/649 609/3199/648 607/3200/646

vt -1.00262 3.39244
vt -0.991038 3.33144
vt -0.746688 3.38121
f 609/3201/648 610/3202/649 395/3203/420

vt -1.31772 4.49782
vt -1.18187 4.48345
vt -1.07434 4.55215
f 610/3204/649 308/3205/328 395/3206/420

vt -0.450751 7.70641
vt -0.585691 7.72771
vt -0.824796 7.64411
f 308/3207/328 610/3208/649 306/3209/326

vt 0.879664 4.19512
vt 0.883542 4.08052
vt 1.13086 4.13524
f 607/3210/646 306/3211/326 610/3212/649

v -0.0307565 0.596391 -0.244936
vt 0.828659 4.11065
vn -0.00856945 0.713877 -0.700219
vt 1.07543 4.07363
vt 1.07284 4.18827
f 611/3213/650 306/3214/326 607/3215/646

vt 1.46019 5.67707
vt 1.2144 5.7201
vt 1.09101 5.67707
f 306/3216/326 611/3217/650 305/3218/325

v -0.0245034 0.596391 -0.244936
vt 0.968211 5.7201
vn 0.0020103 0.701464 -0.712702
f 612/3219/651 305/3218/325 611/3217/650

vt 0.721827 5.67707
f 305/3218/325 612/3219/651 304/3220/324

vt 0.887267 5.03644
vt 1.13411 5.07677
vt 0.642192 5.12477
f 304/3221/324 612/3222/651 300/3223/320

vt 0.968211 3.77628
v -0.0307565 0.597096 -0.244101
vt 1.2144 3.81932
vn -0.00309204 0.804014 -0.594602
vt 0.475837 3.81932
f 612/3224/651 613/3225/652 300/3226/320

vt 1.2144 3.77628
f 611/3227/650 613/3225/652 612/3224/651

vt 1.20075 3.86655
vt 0.955373 3.83376
vt 0.956005 3.79073
f 607/3228/646 613/3229/652 611/3230/650

vt 1.24047 1.89057
vt 1.4863 1.91978
vt 1.24005 1.93365
f 613/3231/652 607/3232/646 606/3233/645

vt 0.475837 1.89177
vt 1.2144 1.89177
vt 1.21393 1.93485
f 300/3234/320 613/3235/652 606/3236/645

vt 0.547114 0.794527
vt 0.546885 0.708778
vt 1.2851 0.74968
f 605/3237/644 300/3238/320 606/3239/645

vt 0.475837 0.795989
f 300/1380/320 605/3240/644 298/1378/318

vt 0.475837 -3.39042
f 298/1361/318 605/3241/644 297/1359/317

vt 0.540598 -3.30497
vt 0.540551 -3.39072
vt 1.27866 -3.34826
f 297/3242/317 605/3243/644 602/3244/641

vt 0.721827 4.72297
f 301/1383/321 304/3245/324 300/1381/320

vt -0.73052 3.67683
v -0.049464 0.596169 -0.242771
vt -0.739776 3.71891
vn -0.270149 0.794101 -0.544447
vt -0.986444 3.68828
f 395/3246/420 614/3247/653 609/3248/648

vt -3.38496 2.77684
vt -3.36978 2.73651
vt -2.92781 2.96629
f 614/3249/653 395/3250/420 396/3251/421

vt -2.58372 1.04105
vt -2.57096 0.999888
vt -2.10688 1.17168
f 550/3252/589 614/3253/653 396/3254/421

vt -0.707204 1.62927
vt -0.460138 1.6565
vt -0.469253 1.69862
f 609/3255/648 614/3256/653 550/3257/589

vt -0.232294 0.0040739
vt 0.00685756 0.0691678
vt -0.240942 0.0707365
f 609/3258/648 550/3259/589 608/3260/647

vt 0.00408273 -0.37419
vt -0.00469277 -0.332004
vt -0.243717 -0.372642
f 550/3261/589 551/3262/590 608/3263/647

vt 0.252883 -3.48665
vt 0.492275 -3.44823
vt 0.474529 -3.36423
f 608/3264/647 551/3265/590 552/3266/591

vt 0.846121 -4.58022
vt 1.06803 -4.45828
vt 0.603514 -4.53503
f 608/3267/647 552/3268/591 603/3269/642

vt 1.43611 -6.55213
vt 0.972807 -6.51573
vt 0.971849 -6.6304
f 552/3270/591 586/3271/625 603/3272/642

vt 1.38496 -7.1146
vt 1.3649 -7.02901
vt 0.921692 -7.07774
f 552/3273/591 553/3274/592 586/3275/625

vt 1.45597 -10.0901
vt 1.89813 -10.0326
vt 1.87538 -9.94645
f 586/3276/625 553/3277/592 554/3278/593

vt 1.70968 -10.2946
vt 1.71123 -10.4092
vt 2.12868 -10.2601
f 582/3279/621 586/3280/625 554/3281/593

vt 2.19345 -11.6368
vt 2.61116 -11.5891
vt 2.58588 -11.5062
f 582/3282/621 554/3283/593 555/3284/594

vt 3.48146 -11.5285
vt 3.5003 -11.6416
vt 3.87734 -11.4716
f 573/3285/612 582/3286/621 555/3287/594

vt 0.751409 -12.1198
vt 0.75785 -12.0053
vt 0.50928 -12.0461
f 582/3288/621 573/3289/612 580/3290/619

vt 1.21425 -12.018
vt 0.967746 -12.0248
vt 0.967373 -12.0681
f 573/3291/612 574/3292/613 580/3293/619

vt 4.92402 -11.0263
vt 4.88487 -10.9494
vt 4.53519 -11.12
f 555/3294/594 559/3295/598 573/3296/612

vt 8.91326 -7.9512
vt 8.69849 -8.27057
vt 8.76501 -8.32558
f 556/3297/595 559/3298/598 555/3299/594

vt 10.8623 2.6354
vt 10.854 2.24709
vt 10.9678 2.26093
f 559/3300/598 569/3301/608 573/3302/612

vt 3.0713 9.52896
vt 2.74264 9.73595
vt 2.80564 9.63064
f 569/3303/608 559/3304/598 560/3305/599

vt 8.88849 -7.12179
vt 8.60566 -7.60845
vt 8.80384 -7.4044
f 561/3306/600 569/3307/608 560/3308/599

vt -10.4273 4.27709
vt -10.3283 4.21922
vt -10.2401 4.45251
f 573/3309/612 569/3310/608 570/3311/609

vt 0.987795 -6.59925
vt 1.23353 -6.62689
vt 1.23397 -6.51222
f 601/3312/640 603/3313/642 586/3314/625

vt 1.4574 -7.05122
vt 1.21161 -7.05152
vt 1.2116 -7.13931
f 586/3315/625 587/3316/626 601/3317/640

vt 1.2144 -7.05144
f 601/3170/640 587/3318/626 588/3169/627

vt -1.24658 -10.6575
vt -0.508912 -10.6122
v 0.031775 0.596403 -0.235948
vt -1.24747 -10.6122
vn 0.00301009 0.709134 0.705067
f 599/3319/638 589/3320/628 615/3321/654

vt -0.508912 -11.4014
vt -1.24646 -11.3579
vt -1.24747 -11.4014
f 589/3322/628 590/3323/629 615/3324/654

vt -1.29074 -11.3975
vt -1.2896 -11.354
vt -1.53645 -11.3702
f 615/3325/654 590/3326/629 594/3327/633

vt -1.24189 -11.9883
vt -0.995435 -11.9668
vt -0.997289 -11.9234
f 594/3328/633 590/3329/629 591/3330/630

vt -1.03021 -10.6693
vt -1.03167 -10.624
vt -1.27779 -10.6007
f 599/3331/638 615/3332/654 594/3333/633

vt -4.80231 -10.772
vt -4.44082 -11.0015
vt -4.74717 -10.7052
f 598/3334/637 596/3335/635 597/3336/636

vt 0.475837 -11.6645
f 584/3070/623 579/3337/618 578/3068/617

vt 0.588801 -11.66
vt 0.589511 -11.7466
vt 1.32717 -11.6973
f 579/3338/618 584/3339/623 581/3340/620

vt -1.99033 -8.13416
vt -2.10071 -8.1031
vt -2.13841 -8.34245
f 408/3341/433 437/3342/465 439/3343/467

vt -2.10513 -8.1121
vt -1.99476 -8.14318
vt -1.95166 -7.99012
vn -0.536955 0.691048 0.483872
f 437/3344/465 408/3345/433 432/3346/655

v -0.0854639 0.567377 -0.200456
vt -6.53308 -5.81895
vn -0.894806 0.365714 0.256076
vt -6.63406 -5.76461
vt -6.70941 -5.90463
f 616/3347/656 432/3348/655 408/3349/433

vt -3.29447 6.78916
vt -3.36783 6.70103
vn 2.24104e-05 -0.573584 0.819147
vt -3.39414 6.58942
f 432/3350/457 616/3351/657 431/3352/458

v -0.0861319 0.566213 -0.203737
vt -9.33077 -3.68457
vn -0.993314 0.0945643 0.066215
vt -9.286 -3.61887
vt -9.38075 -3.55429
f 617/3353/658 431/3354/455 616/3355/656

vt -10.1582 -3.01913
f 617/3356/658 429/2009/452 431/2011/455

v -0.0861319 0.563211 -0.207072
vt -10.04 -3.15043
f 617/3356/658 618/3357/452 429/2009/452

vt -10.2038 -3.08425
f 413/3358/438 618/3357/452 617/3356/658

v -0.0861319 0.560208 -0.210407
vt -9.92175 -3.28173
vn -0.998795 0.0281442 -0.040194
f 413/3358/438 619/3359/659 618/3357/452

vt -10.2143 -3.06609
vt -9.7145 -2.95408
vt -9.99607 -2.75597
f 414/3360/439 619/3361/659 413/3362/438

vt -9.65112 -3.46232
vt -9.71449 -2.95408
vt -10.2143 -3.0661
f 421/3363/446 619/3364/659 414/3365/439

vt -9.43292 -3.1522
f 619/3364/659 421/3363/446 425/3366/450

vt -9.25073 -3.57578
vt -9.13536 -3.3352
vt -9.35476 -3.64447
f 422/3367/447 425/3368/450 421/3369/446

f 425/2007/450 427/2006/452 619/3359/659

f 619/3359/659 427/2006/452 618/3357/452

f 429/2009/452 618/3357/452 427/2006/452

vt -9.35871 -2.79743
vt -9.13479 -2.49141
vt -9.69048 -2.0848
f 419/3370/444 421/3371/446 414/3372/439

vt -9.91441 -2.39082
f 414/3372/439 417/3373/442 419/3370/444

vt -10.3688 -2.29939
vt -10.1533 -1.98736
vt -10.2723 -2.08365
f 417/3374/442 414/3375/439 415/3376/440

vt -8.67041 -1.43068
vt -9.20968 -1.00253
vt -9.44547 -1.2995
f 419/3377/444 417/3378/442 418/3379/443

vt -9.47033 -3.68567
vt -9.37557 -3.75026
vt -9.3308 -3.68456
f 409/3380/434 413/3381/438 617/3382/658

vt -9.3308 -3.68457
vt -9.38077 -3.55429
vt -9.47033 -3.68569
f 617/3383/658 616/3384/656 409/3385/434

vt -6.70931 -5.90482
vt -6.60833 -5.95916
vt -6.53298 -5.81914
f 408/3386/433 409/3387/434 616/3388/656

vt -1.95142 -7.99033
vt -2.0618 -7.95925
vn -0.181392 0.805559 0.564067
vt -2.10489 -8.11231
f 432/3389/655 434/3390/660 437/3391/465

vt 3.80578 -8.25361
vt 3.80034 -8.09469
vt 3.68573 -8.09862
f 437/3392/465 434/3393/660 435/3394/463

vt -1.24684 1.93517
vt -1.24747 1.89209
vt -0.508912 1.89209
f 65/3395/65 66/3396/66 69/3397/69

vt 0.719449 -7.8707
vt 0.773111 -7.80107
vt 0.458377 -7.49121
f 53/3398/53 286/3399/306 209/3400/226

vt -2.95265 -9.23525
vt -2.68612 -9.58743
vt -2.87529 -9.1911
f 209/3401/226 286/3402/306 219/3403/239

vt -3.00929 -9.17471
vt -2.93179 -9.13079
vt -3.13266 -8.75426
f 209/3404/226 219/3405/239 210/3406/227

vt 0.389709 -7.54589
vt 0.719567 -7.87064
vt 0.458493 -7.49115
f 205/3407/222 53/3408/53 209/3409/226

vt 3.42009 -5.26951
vt 3.46999 -5.19964
vt 3.12146 -4.89502
f 51/3410/51 53/3411/53 205/3412/222

v 0.0791058 0.584321 -0.222548
vt 3.05896 -4.95378
vn 0.685201 0.72446 0.0752096
vt 3.42014 -5.26946
vt 3.12152 -4.89498
f 620/3413/661 51/3414/51 205/3415/222

vt 5.78718 -2.57305
vt 5.42729 -2.25588
vt 5.36654 -2.31654
f 51/3416/51 620/3417/661 50/3418/50

vt 6.81373 -3.88186
vt 6.87515 -3.82186
vt 6.52796 -3.48355
f 50/3419/50 620/3420/661 192/3421/209

vt 6.32476 -4.39081
v 0.0837129 0.577851 -0.213308
vt 6.01305 -4.02618
vn 0.738798 0.648348 0.183908
vt 5.97834 -4.05171
f 620/3422/661 621/3423/662 192/3424/209

vt 4.75717 -5.11253
vt 4.72161 -5.13687
vt 5.02728 -5.50658
f 203/3425/220 621/3426/662 620/3427/661

vt 5.39564 -5.83521
vt 5.5262 -6.037
vt 5.56128 -6.01198
f 196/3428/213 621/3429/662 203/3430/220

vt 6.84929 -5.06081
vt 6.88368 -5.03484
vt 6.74597 -4.83785
f 192/3431/209 621/3432/662 196/3433/213

vt 4.2647 -6.03225
vt 4.32612 -5.97226
vt 4.00053 -5.6342
f 620/3434/661 205/3435/222 203/3436/220

vt 1.02919 -8.10228
vt 1.09674 -8.04602
vt 0.81751 -7.69404
f 205/3437/222 209/3438/226 206/3439/223

vt -7.22165 -8.29392
vt -7.13748 -8.27328
vt -7.22808 -7.87843
f 219/3440/239 222/3441/242 220/3442/240

vt -10.1143 -4.77995
vt -10.172 -4.75576
vt -10.219 -4.94741
f 275/3443/295 224/3444/244 223/3445/243

vt -10.0092 -4.77754
vt -9.95104 -4.80061
vt -9.86884 -4.62867
f 224/3446/244 275/3447/295 226/3448/246

vt -10.3986 -4.5538
vt -10.2844 -4.00891
vt -10.4075 -4.26181
f 231/3449/251 229/3450/249 273/3451/293

vt -10.8355 -2.50856
vt -10.7375 -2.5557
vt -10.6909 -2.26731
f 270/3452/290 231/3453/251 273/3454/293

vt -1.56059 -7.88089
vt -1.60639 -8.08188
vt -1.50001 -7.90441
f 143/3455/147 152/3456/157 149/3457/154

vt -1.75638 -8.10616
vt -1.84225 -8.28833
vt -1.782 -8.31268
f 144/3458/148 143/3459/147 149/3460/154

vt 10.18 -3.09822
vt 10.2185 -3.07469
vt 10.086 -2.866
f 39/3461/39 40/3462/40 42/3463/42

vt 2.28218 -9.75094
vt 1.88885 -9.91832
vt 2.32744 -9.82741
f 111/3464/111 107/3465/107 108/3466/108

vt -0.508912 9.62612
vt -1.24747 9.62612
vt -1.24653 9.5826
f 79/3467/79 80/3468/80 81/3469/81

vt -0.452457 8.11543
vt -0.696873 8.17575
vt -0.704725 8.06135
f 78/3470/78 76/3471/76 20/3472/20

vt -0.285298 8.06828
vt -0.273304 8.18233
vt -0.53708 8.16106
f 20/3473/20 76/3474/76 19/3475/19

vt -0.221155 5.0742
vt -0.11242 5.0151
vt 0.151927 5.02739
f 11/3476/11 19/3477/19 76/3478/76

vt 2.95587 7.09209
vt 3.19772 6.99536
vt 3.10792 7.08052
f 15/3479/15 19/3480/19 11/3481/11

vt 2.76517 4.09063
vt 2.41193 4.21947
vt 2.61286 4.09809
f 11/3482/11 12/3483/12 15/3484/15

vt 0.347473 5.90969
vt 0.395202 6.25065
vt -0.024904 5.96182
f 76/3485/76 10/3486/10 11/3487/11

vt 1.40359 4.38103
v 0.0511 0.595364 -0.243466
vt 1.14988 4.44023
vn 0.288865 0.696998 -0.656316
vt 1.28165 4.36462
f 60/3488/60 622/3489/663 9/3490/9

vt 0.919354 3.67927
vt 0.90941 3.63735
vt 1.16392 3.58165
f 59/3491/59 622/3492/663 60/3493/60

v 0.0627395 0.593198 -0.238529
vt 3.07789 2.88339
vn 0.441639 0.759743 -0.477227
vt 3.52267 2.64421
vt 3.53842 2.68432
f 623/3494/664 622/3495/663 59/3496/59

vt 2.50891 1.42695
vt 2.74003 1.38796
vt 2.28649 1.61009
f 8/3497/8 622/3498/663 623/3499/664

vt 4.41483 6.51621
vt 4.18932 6.58011
vt 4.52597 6.41264
f 622/3500/663 8/3501/8 9/3502/9

vt 5.04496 3.57748
vt 5.36627 3.38217
vt 5.17511 3.59774
f 7/3503/7 8/3504/8 623/3505/664

vt 5.62932 0.655408
vt 5.22568 0.93437
vt 5.4987 0.638491
f 623/3506/664 6/3507/6 7/3508/7

vt 3.82556 -0.98003
vt 4.24255 -1.23861
vt 4.28305 -1.16291
f 6/3509/6 623/3510/664 52/3511/52

vt 1.97298 0.202961
vt 1.93773 0.124674
vt 2.42048 -0.0100495
f 52/3512/52 623/3513/664 57/3514/57

vt 2.23134 1.11026
vt 2.69933 0.929413
vt 2.71262 0.9704
f 623/3515/664 59/3516/59 57/3517/57

