# Alias OBJ Model File
# Exported from SketchUp, (c) 2000-2012 Trimble Navigation Limited
# File units = meters

mtllib sub_grill.mtl

g Mesh1 M_e5164d7c_51ee_42b5_a4e2_ced627ca0ce7_1_I12 M_e5164d7c_51ee_42b5_a4e2_ced627ca0ce7_1_I12_TR M_e5164d7c_51ee_42b5_a4e2_ced627ca0ce7_1_I12_TR_rotX M_e5164d7c_51ee_42b5_a4e2_ced627ca0ce7_1_I12_TR_rotY Model

usemtl Meyer_Sound_USW2d112P_Compact_Subwoofer_meyersound2dusw2d112p_Speaker_Mesh_Black
v -0.16511 0.503818 -0.024384
vt 7.70167 4.042
vn 1 -1.64672e-14 1.79851e-12
v -0.16511 0.532214 -0.0132043
vt 8.8196 4.48215
vn 1 -1.0007e-07 5.26594e-07
v -0.16511 0.511802 -0.0132043
vt 8.016 4.48215
vn 1 -5.63423e-08 3.20927e-07
f 1/1/1 2/2/2 3/3/3

v -0.16511 0.559129 -0.024384
vt 9.87924 4.042
vn 1 -7.03614e-11 -7.55424e-11
f 1/1/1 4/4/4 2/2/2

vt 7.70167 -6.50391
vn -1.70251e-08 2.35513e-10 -1
v -0.17146 0.536288 -0.024384
vt 8.98 -6.75391
vn -9.42233e-09 9.46957e-10 -1
vt 9.87924 -6.50391
vn -9.34942e-10 1.21175e-09 -1
f 1/5/5 5/6/6 4/7/7

v -0.17146 0.507713 -0.024384
vt 7.855 -6.75391
vn -2.25127e-08 1.38778e-16 -1
f 1/5/5 6/8/8 5/6/6

v -0.17146 0.479138 -0.024384
vt 6.73 -6.75391
f 7/9/8 6/8/8 1/5/5

vt -7.855 4.042
vn -1 -3.79184e-16 2.83962e-16
vt -6.73 4.042
v -0.17146 0.495467 -0.00952459
vt -7.37286 4.62702
vn -0.994871 -3.91327e-16 0.101148
f 6/10/9 7/11/9 8/12/10

v -0.17146 0.479138 -0.00952459
vt -6.73 4.62702
vn -0.99261 -3.92245e-16 0.121352
f 7/11/9 9/13/11 8/12/10

v -0.17146 0.462809 -0.00952459
vt -6.08714 4.62702
vn -0.996722 -3.89168e-16 0.0809014
f 10/14/12 9/13/11 7/11/9

vt -6.73 3.17306
vt -6.08714 3.17306
v -0.170688 0.461559 -0.00576926
vt -6.0379 3.324
vn -0.944608 -4.02696e-16 0.328202
f 9/15/11 10/16/12 11/17/13

v -0.17146 0.446481 -0.00952459
vt -5.44429 3.17306
vn -0.99261 -3.93089e-16 0.121352
f 10/16/12 12/18/14 11/17/13

v -0.17146 0.450563 -0.024384
vt -5.605 4.042
vt -5.44429 4.62702
f 13/19/9 12/20/14 10/14/12

v -0.17146 0.430152 -0.00952459
vt -4.80143 4.62702
vn -0.994871 1.36837e-10 0.101148
f 13/19/9 14/21/15 12/20/14

v -0.17146 0.421988 -0.024384
vt -4.48 4.042
vn -1 1.48239e-10 -2.44344e-10
f 14/21/15 13/19/9 15/22/16

vt 5.605 -6.75391
vt 4.48 -6.75391
vn -8.44538e-09 -4.7593e-10 -1
f 13/23/8 1/5/5 15/24/17

f 13/23/8 7/9/8 1/5/5

f 7/11/9 13/19/9 10/14/12

v -0.16511 0.397958 -0.024384
vt 3.53395 -6.50391
vn -1.13222e-10 -3.46927e-10 -1
f 15/24/17 1/5/5 16/25/18

v -0.16511 0.409745 -0.0132043
vt 3.998 4.48215
vn 1 -6.06167e-13 -1.6422e-12
vt 3.53395 4.042
vn 1 -7.55567e-13 -9.43864e-12
f 17/26/19 16/27/20 1/1/1

v -0.16511 0.401106 -0.00948437
vt 3.65788 4.6286
vn 0.996554 8.68108e-08 -0.0829511
f 16/27/20 17/26/19 18/28/21

v -0.16511 0.406601 -0.00948437
vt 3.87423 4.6286
vn 0.993235 3.93149e-16 -0.116121
f 17/26/19 19/29/22 18/28/21

v -0.16511 0.412097 -0.00948437
vt 4.09058 4.6286
vn 0.993235 3.93041e-16 -0.116121
f 20/30/23 19/29/22 17/26/19

vt 3.87423 3.28882
vt 4.09058 3.28882
v -0.164877 0.410269 -0.0082992
vt 4.0186 3.33638
vn 0.939883 4.56869e-16 -0.341497
f 19/31/22 20/32/23 21/33/24

v -0.164877 0.417596 -0.0082992
vt 4.30707 3.33638
vn 0.948477 4.48486e-16 -0.316846
f 21/33/24 20/32/23 22/34/25

v -0.16511 0.417592 -0.00948437
vt 4.30692 3.28882
vn 0.996999 3.90019e-16 -0.0774139
f 20/32/23 23/35/26 22/34/25

vt 4.30692 4.6286
f 20/30/23 17/26/19 23/36/26

v -0.16511 0.430157 -0.0132043
vt 4.8016 4.48215
vn 1 3.79184e-16 8.46233e-13
f 17/26/19 24/37/27 23/36/26

f 24/37/27 17/26/19 1/1/1

v -0.16511 0.450568 -0.0132043
vt 5.6052 4.48215
f 1/1/1 25/38/27 24/37/27

v -0.16511 0.470979 -0.0132043
vt 6.4088 4.48215
f 1/1/1 26/39/27 25/38/27

v -0.16511 0.491391 -0.0132043
vt 7.2124 4.48215
vn 1 -1.64092e-13 9.45577e-13
f 1/1/1 27/40/28 26/39/27

v -0.16511 0.50002 -0.00948437
vt 7.55212 4.6286
vn 0.996554 9.87371e-08 -0.0829512
f 27/40/28 1/1/1 28/41/29

f 1/1/1 3/3/3 28/41/29

v -0.16511 0.51101 -0.00948437
vt 7.98481 4.62861
vn 0.993235 -1.3822e-07 -0.116122
vt 7.55212 4.62861
f 29/42/30 28/43/29 3/3/3

vt 7.55212 3.28881
vt 7.98481 3.28881
v -0.164877 0.505522 -0.0082992
vt 7.76874 3.33636
vn 0.939883 7.12668e-08 -0.341498
f 28/44/29 29/45/30 30/46/31

vt 7.76873 3.33635
vt 7.98481 3.2888
v -0.164877 0.512849 -0.0082992
vt 8.05721 3.33635
vn 0.939883 -1.42534e-07 -0.341498
f 30/47/31 29/48/30 31/49/32

vt 8.0572 3.33636
vt 7.9848 3.28881
v -0.16511 0.516505 -0.00948437
vt 8.20115 3.28881
vn 0.993235 -2.76439e-07 -0.116121
f 31/50/32 29/51/30 32/52/33

vt 8.01599 4.48215
vt 8.20115 4.62861
vt 7.9848 4.62861
f 3/53/3 32/54/33 29/55/30

v -0.16511 0.522 -0.00948437
vt 8.4175 4.6286
vn 0.995305 2.33285e-07 -0.0967859
vt 8.20115 4.6286
f 3/3/3 33/56/34 32/57/33

f 33/56/34 3/3/3 2/2/2

vt 8.4175 4.62861
vt 8.8196 4.48216
v -0.16511 0.532991 -0.00948437
vt 8.8502 4.62861
vn 0.993235 -2.79892e-07 -0.116123
f 33/58/34 2/59/2 34/60/35

vt 8.85018 4.62862
vt 8.81959 4.48216
v -0.16511 0.538486 -0.00948437
vt 9.06653 4.62862
vn 0.993235 -6.07154e-07 -0.116121
f 34/61/35 2/62/2 35/63/36

vt 8.81959 4.48215
v -0.16511 0.543981 -0.00948437
vt 9.28288 4.6286
vn 0.995305 -1.97433e-08 -0.0967855
vt 9.06654 4.6286
f 2/64/2 36/65/37 35/66/36

v -0.16511 0.552625 -0.0132043
vt 9.6232 4.48215
vn 1 1.15908e-08 -4.15537e-08
f 2/2/2 37/67/38 36/65/37

f 4/4/4 37/67/38 2/2/2

v -0.16511 0.560467 -0.00948437
vt 9.93192 4.6286
vn 0.996554 -5.02552e-11 -0.0829511
f 37/67/38 4/4/4 38/68/39

v -0.16511 0.573036 -0.0132042
vt 10.4268 4.48215
vn 1 -9.56155e-08 6.66257e-07
f 4/4/4 39/69/40 38/68/39

v -0.16511 0.593438 -0.024384
vt 11.23 4.042
vn 1 1.11834e-10 -2.03939e-10
f 40/70/41 39/69/40 4/4/4

v -0.16511 0.593438 -0.00948437
vt 11.23 4.6286
vn 0.991118 -0.0120149 -0.13244
f 39/69/40 40/70/41 41/71/42

v -0.17146 0.593438 -0.00952459
vt 6.75391 4.62702
vn 1.27463e-06 1 -0.000201357
vt 6.50391 4.6286
vn -0.00404344 0.999969 -0.00671508
vt 6.50391 4.042
vn -1.21728e-09 1 5.1739e-10
f 42/72/43 41/73/44 40/74/45

vt 6.50395 4.63538
vt 6.75395 4.6338
v -0.170734 0.59344 -0.00587946
vt 6.72538 4.77731
vn -0.00726559 0.999908 0.0114316
f 41/75/44 42/76/43 43/77/46

vt -11.1135 3.18227
vn -0.99506 0.00557755 0.0991163
v -0.171265 0.582457 -0.0076077
vt -10.6814 3.25922
vn -0.984848 0.00418351 0.17337
vt -11.1141 3.32859
vn -0.944851 0.00423909 0.327474
f 42/78/47 44/79/48 43/80/49

vt -10.7977 3.99601
vt -11.23 3.92015
v -0.17146 0.577109 -0.00952459
vt -10.5871 3.92015
vn -0.998717 -3.85462e-16 0.0506381
f 44/81/48 42/82/47 45/83/50

vt -10.5871 4.62702
vt -11.23 4.62702
v -0.17146 0.593438 -0.024384
vt -11.23 4.042
f 45/84/50 42/85/47 46/86/9

vt 6.75391 4.042
vn -2.428e-09 1 1.38778e-16
f 40/74/45 46/87/51 42/72/43

vt 11.23 -6.50391
vn 4.73679e-09 3.97185e-10 -1
v -0.17146 0.564863 -0.024384
vt 10.105 -6.75391
vn 3.9019e-09 2.6479e-10 -1
vt 11.23 -6.75391
vn 6.52412e-09 1.38778e-16 -1
f 40/88/52 47/89/53 46/90/54

f 4/7/7 47/89/53 40/88/52

f 5/6/6 47/89/53 4/7/7

v -0.17146 0.544452 -0.00952459
vt -9.30143 4.62702
vn -0.994871 -3.91315e-16 0.101148
vt -10.105 4.042
vt -8.98 4.042
f 48/91/55 47/92/9 5/93/9

v -0.17146 0.560781 -0.00952459
vt -9.94429 4.62702
vn -0.995555 -0.00239311 0.0941516
f 48/91/55 49/94/56 47/92/9

vt -9.94429 3.17306
vt -9.30143 3.17306
v -0.170688 0.549485 -0.00576926
vt -9.49956 3.324
vn -0.931141 -0.00226139 0.364652
f 49/95/56 48/96/55 50/97/57

v -0.170688 0.527503 -0.00576926
vt -8.63415 3.324
vn -0.944608 -4.02129e-16 0.328202
f 48/96/55 51/98/58 50/97/57

v -0.17146 0.528124 -0.00952459
vt -8.65857 3.17306
vn -0.996722 -3.88282e-16 0.0809014
f 48/96/55 52/99/59 51/98/58

vt -8.65857 4.62702
f 48/91/55 5/93/9 52/100/59

f 52/100/59 5/93/9 6/10/9

v -0.17146 0.511795 -0.00952459
vt -8.01571 4.62702
vn -0.99261 -3.92978e-16 0.121352
f 52/100/59 6/10/9 53/101/60

f 53/101/60 6/10/9 8/12/10

v -0.170688 0.505522 -0.00576926
vt -7.76873 3.324
vn -0.935479 -4.03574e-16 0.353383
vt -8.01571 3.17306
vt -7.37286 3.17306
f 54/102/61 53/103/60 8/104/10

f 53/103/60 54/102/61 51/98/58

vt -7.76873 0.142208
v -0.168604 0.549485 -0.0027235
vt -9.49958 0.287524
vn -0.705038 -0.000571083 0.709169
vt -8.63415 0.142208
f 54/105/61 55/106/62 51/107/58

v -0.170688 0.48354 -0.00576926
vt -6.90332 0.142208
vn -0.935479 -4.02831e-16 0.353383
f 56/108/63 55/106/62 54/105/61

vt -6.0379 0.142208
f 11/109/13 55/106/62 56/108/63

v -0.170688 0.439577 -0.00576926
vt -5.17249 0.142208
vn -0.935479 -4.03625e-16 0.353383
f 57/110/64 55/106/62 11/109/13

v -0.170688 0.417596 -0.00576926
vt -4.30707 0.142208
vn -0.935479 7.58529e-11 0.353383
f 58/111/65 55/106/62 57/110/64

v -0.170688 0.395614 -0.00576926
vt -3.44166 0.142208
vn -0.920492 3.91789e-10 0.390761
f 59/112/66 55/106/62 58/111/65

vt -3.44166 0.142209
v -0.168604 0.0658913 -0.0027235
vt 9.53956 0.287525
vn -0.694948 0.000285215 0.71906
vt -9.49958 0.287525
f 59/113/66 60/114/67 55/115/62

v -0.170688 0.373633 -0.00576926
vt -2.57624 0.142211
vn -0.935479 -3.63552e-16 0.353382
vt 9.53956 0.287527
vt -3.44166 0.142211
f 61/116/68 60/117/67 59/118/66

v -0.170688 0.351651 -0.00576926
vt -1.71083 0.142211
vn -0.935479 -2.41061e-12 0.353382
f 62/119/69 60/117/67 61/116/68

v -0.170688 0.32967 -0.00576926
vt -0.845415 0.142211
vn -0.935479 1.20472e-12 0.353382
f 63/120/70 60/117/67 62/119/69

v -0.170688 0.307688 -0.00576926
vt 0.0199999 0.142211
vn -0.935479 -4.03021e-16 0.353382
f 64/121/71 60/117/67 63/120/70

v -0.170688 0.285706 -0.00576926
vt 0.885415 0.142211
vn -0.935479 1.9342e-12 0.353382
f 65/122/72 60/117/67 64/121/71

v -0.170688 0.263725 -0.00576926
vt 1.75083 0.142211
vn -0.935479 -3.86948e-12 0.353382
f 66/123/73 60/117/67 65/122/72

v -0.170688 0.241743 -0.00576926
vt 2.61624 0.142211
vn -0.935479 -3.8372e-16 0.353382
f 67/124/74 60/117/67 66/123/73

v -0.170688 0.219762 -0.00576926
vt 3.48166 0.142211
vn -0.935479 -2.45118e-13 0.353382
f 68/125/75 60/117/67 67/124/74

v -0.170688 0.19778 -0.00576926
vt 4.34707 0.142211
vn -0.935479 4.89103e-13 0.353382
f 69/126/76 60/117/67 68/125/75

v -0.170688 0.175799 -0.00576926
vt 5.21249 0.142211
vn -0.935479 -3.6478e-16 0.353382
f 70/127/77 60/117/67 69/126/76

v -0.170688 0.153817 -0.00576926
vt 6.0779 0.142211
vn -0.944608 -3.78567e-16 0.328202
f 71/128/78 60/117/67 70/127/77

v -0.170688 0.131836 -0.00576926
vt 6.94332 0.142211
vn -0.935479 -3.93289e-16 0.353382
f 60/117/67 71/128/78 72/129/79

v -0.17146 0.136238 -0.00952459
vt 6.77 3.17306
vn -0.99261 -3.92734e-16 0.121352
vt 6.94332 3.324
vt 6.0779 3.324
f 73/130/80 72/131/79 71/132/78

v -0.17146 0.119909 -0.00952459
vt 7.41286 3.17306
vn -0.994871 -3.91429e-16 0.101148
f 72/131/79 73/130/80 74/133/81

vt 6.77 4.62702
v -0.17146 0.136238 -0.024384
vt 6.77 4.042
vt 7.41286 4.62702
f 73/134/80 75/135/9 74/136/81

v -0.17146 0.152567 -0.00952459
vt 6.12714 4.62702
f 75/135/9 73/134/80 76/137/12

vt 6.12714 3.17306
f 76/138/12 73/130/80 71/132/78

v -0.17146 0.168895 -0.00952459
vt 5.48429 3.17306
vn -0.99261 -3.94621e-16 0.121352
f 77/139/82 76/138/12 71/132/78

vt 5.48429 4.62702
v -0.17146 0.164813 -0.024384
vt 5.645 4.042
f 76/137/12 77/140/82 78/141/9

v -0.17146 0.185224 -0.00952459
vt 4.84143 4.62702
vn -0.994871 7.9e-13 0.101148
f 79/142/83 78/141/9 77/140/82

v -0.17146 0.193388 -0.024384
vt 4.52 4.042
vn -1 7.71941e-13 1.27331e-12
f 78/141/9 79/142/83 80/143/84

v -0.17146 0.201552 -0.00952459
vt 4.19857 4.62702
vn -0.994871 3.94804e-13 0.101148
f 80/143/84 79/142/83 81/144/85

vt 4.19857 3.17306
vt 4.84143 3.17306
vt 4.34707 3.324
f 81/145/85 79/146/83 69/147/76

vt 5.21249 3.324
f 70/148/77 69/147/76 79/146/83

f 70/148/77 79/146/83 77/139/82

f 77/139/82 71/132/78 70/148/77

vt 3.48166 3.324
f 81/145/85 69/147/76 68/149/75

v -0.17146 0.234209 -0.00952459
vt 2.91286 3.17306
vn -0.994871 -3.95588e-13 0.101148
f 82/150/86 81/145/85 68/149/75

vt 2.91286 4.62702
v -0.17146 0.221963 -0.024384
vt 3.395 4.042
vn -1 -3.8654e-13 1.16722e-12
f 82/151/86 83/152/87 81/144/85

v -0.17146 0.250538 -0.024384
vt 2.27 4.042
vn -1 -4.57766e-12 -5.02956e-12
f 84/153/88 83/152/87 82/151/86

v -0.16511 0.021938 -0.024384
vt -11.27 -6.50391
vn 9.1143e-09 -1.78313e-11 -1
vt -3.395 -6.75391
vn 9.83647e-09 1.38778e-16 -1
vt -2.27 -6.75391
f 85/154/89 83/155/90 84/156/90

vt -4.52 -6.75391
f 85/154/89 80/157/90 83/155/90

vt -5.645 -6.75391
f 85/154/89 78/158/90 80/157/90

vt -6.77 -6.75391
f 85/154/89 75/159/90 78/158/90

v -0.17146 0.107663 -0.024384
vt -7.895 -6.75391
f 85/154/89 86/160/90 75/159/90

v -0.17146 0.079088 -0.024384
vt -9.02 -6.75391
f 85/154/89 87/161/90 86/160/90

v -0.17146 0.050513 -0.024384
vt -10.145 -6.75391
f 88/162/90 87/161/90 85/154/89

v -0.17146 0.0709237 -0.00952459
vt 9.34143 4.62702
vn -0.994871 -3.90907e-16 0.101148
vt 9.02 4.042
vt 10.145 4.042
f 89/163/91 87/164/9 88/165/9

v -0.17146 0.0872523 -0.00952459
vt 8.69857 4.62702
f 87/164/9 89/163/91 90/166/59

vt 8.69857 3.17306
vt 9.34143 3.17306
v -0.170688 0.0878726 -0.00576926
vt 8.67415 3.324
vn -0.944608 -3.9705e-16 0.328202
f 90/167/59 89/168/91 91/169/92

v -0.170688 0.0658911 -0.00576926
vt 9.53956 3.324
vn -0.931138 0.00225933 0.364659
f 89/168/91 92/170/93 91/169/92

v -0.17146 0.0545951 -0.00952459
vt 9.98429 3.17306
vn -0.995555 0.00239312 0.0941516
f 92/170/93 89/168/91 93/171/94

vt 9.98429 4.62702
f 88/165/9 93/172/94 89/163/91

v -0.17146 0.0382666 -0.00952459
vt 10.6271 4.62702
vn -0.998717 -3.85388e-16 0.0506381
f 88/165/9 94/173/95 93/172/94

v -0.17146 0.021938 -0.024384
vt 11.27 4.042
f 94/173/95 88/165/9 95/174/9

vt -11.27 -6.75391
f 85/154/89 95/175/90 88/162/90

v -0.17146 0.021938 -0.00952459
vt -6.75391 4.62702
vn 2.1371e-06 -1 -0.000338418
vt -6.75391 4.042
vn -1.94936e-08 -1 -1.38778e-16
vt -6.50391 4.042
vn -9.7731e-09 -1 4.15395e-09
f 96/176/96 95/177/97 85/178/98

vt 11.27 4.62702
vn -0.995059 -0.00557938 0.0991269
f 94/173/95 95/174/9 96/179/99

v -0.171265 0.0329188 -0.0076077
vt 10.8377 3.99601
vn -0.984844 -0.00418489 0.173393
vt 10.6271 3.92015
vt 11.27 3.92015
f 97/180/100 94/181/95 96/182/99

v -0.171265 0.0439095 -0.0076077
vt 10.405 3.99601
vn -0.981268 0.00244438 0.192635
f 94/181/95 97/180/100 98/183/101

v -0.170734 0.0219343 -0.00587924
vt 11.2701 2.5849
vn -0.944838 -0.00424146 0.327511
vt 10.405 2.51371
vt 10.8377 2.51371
f 99/184/102 98/185/101 97/186/100

vt 10.4067 2.49081
vt 11.2719 2.56206
vt 9.54132 2.5666
f 98/187/101 99/188/102 92/189/93

vt 9.53646 0.637183
vt 11.267 0.632135
v -0.169114 0.0219566 -0.00317526
vt 11.2662 0.756244
vn -0.735197 -0.00333594 0.677845
f 92/190/93 99/191/102 100/192/103

v -0.163165 0.0219068 -0.00663917
vt -6.3974 4.62949
vn 0.00279279 -0.999916 0.0126635
vt -6.63161 4.76587
vn 0.00138191 -0.999894 0.0144642
vt -6.69541 4.65941
vn -0.00177109 -0.999998 -0.00127013
f 101/193/104 100/194/105 99/195/106

v -0.161976 0.021938 -0.00634998
vt -6.56072 4.27965
vn 0.00448601 -0.999892 0.0139847
vt -6.84169 4.40475
vt -6.60754 4.26825
f 102/196/107 100/197/105 101/198/104

vt -6.63227 4.8768
vt -6.35125 4.75182
v -0.161935 0.021938 7.70382e-09
vt -6.34966 5.00182
vn -0.00196757 -0.999997 0.00152381
f 100/199/105 102/200/107 103/201/108

vt -6.37892 5.002
vt -6.38051 4.752
v -0.121485 0.021938 -0.00634998
vt -4.78637 4.752
vn 7.76188e-12 -1 -1.22312e-10
f 103/202/108 102/203/107 104/204/109

vt -11.27 -6.38051
vn 0.0879701 0.00247457 -0.99612
v -0.141739 0.039788 -0.00634998
vt -10.5672 -5.58378
vn 5.95333e-12 -4.72891e-12 -1
vt -11.27 -4.78637
vn 7.02296e-12 -2.54709e-11 -1
f 102/205/110 105/206/111 104/207/112

v -0.151862 0.039788 -0.00634998
vt -10.5672 -5.98234
vn 1.10134e-09 -9.00586e-10 -1
f 105/206/111 102/205/110 106/208/113

v -0.161976 0.0274332 -0.00634998
vt -11.0537 -6.38051
vn 0.12135 -1.22188e-12 -0.99261
f 106/208/113 102/205/110 107/209/114

v -0.163211 0.0255916 -0.00660389
vt -11.1262 -5.34327
vn 0.360082 0.00557387 -0.932904
vt -11.0537 -5.2936
vt -11.27 -5.2936
f 108/210/115 107/211/114 102/212/110

v -0.163211 0.0292552 -0.00660389
vt -10.9819 -5.34327
vn 0.41708 -2.8112e-12 -0.90887
f 107/211/114 108/210/115 109/213/116

vt -10.9819 -2.62661
vt -11.1262 -2.62661
v -0.164214 0.0255916 -0.00729002
vt -11.1262 -2.67443
vn 0.687042 0.0143657 -0.726475
f 109/214/116 108/215/115 110/216/117

vt -10.9507 -2.86833
vt -11.0958 -2.87079
vn 0.510521 0.0334812 -0.859213
vt -10.9497 -2.91614
f 108/217/115 101/218/118 110/219/117

vt -10.9226 -5.63833
vt -10.9214 -5.6865
vt -10.7765 -5.68063
f 102/220/110 101/221/118 108/222/115

vt -10.4133 -2.14114
vt -10.5618 -2.10436
v -0.164871 0.021938 -0.00828489
vt -10.5538 -2.19736
vn 0.86381 0.0243068 -0.503232
f 110/223/117 101/224/118 111/225/119

vt -6.66865 4.92577
vt -6.43784 4.83105
vn -0.00221916 -0.999973 -0.00694464
vt -6.37064 4.89585
f 99/226/106 111/227/120 101/228/104

v -0.16511 0.021938 -0.00948437
vt -6.51047 4.62991
vn 0.000196447 -1 -0.000377066
vt -6.50108 4.67713
vt -6.73189 4.77184
f 112/229/121 111/230/120 99/231/106

vt -11.2646 3.26901
vn 0.996961 0.000164123 -0.0779054
v -0.164877 0.0255916 -0.0082992
vt -11.1207 3.31658
vn 0.925603 1.9746e-06 -0.378496
vt -11.2646 3.31716
f 112/232/122 113/233/123 111/234/119

vt -11.1262 3.33638
vt -11.27 3.28882
v -0.16511 0.0274332 -0.00948437
vt -11.0537 3.28882
vn 0.993235 3.93834e-16 -0.116121
f 113/235/123 112/236/122 114/237/124

v -0.16511 0.0423394 -0.0132043
vt -10.4668 4.48215
vn 1 -2.22533e-09 -1.54919e-08
vt -11.0537 4.6286
vt -11.27 4.6286
f 115/238/125 114/239/124 112/240/122

v -0.16511 0.0329284 -0.00948437
vt -10.8373 4.6286
vn 0.993235 -1.45754e-08 -0.116121
f 116/241/126 114/239/124 115/238/125

v -0.164877 0.0292552 -0.0082992
vt -10.9819 3.33638
vn 0.939883 4.05928e-16 -0.341497
vt -10.8373 3.28882
f 117/242/127 114/237/124 116/243/126

f 117/242/127 113/235/123 114/237/124

vt -11.1262 0.338269
vt -10.9819 0.338269
v -0.164214 0.0292552 -0.00729002
vt -10.9819 0.38582
vn 0.758014 -5.40085e-12 -0.652239
f 113/244/123 117/245/127 118/246/128

v -0.164877 0.0365824 -0.0082992
vt -10.6935 0.338269
vn 0.925759 -6.27691e-09 -0.378115
f 118/246/128 117/245/127 119/247/129

vt -10.6935 3.33638
f 116/243/126 119/248/129 117/242/127

vt -10.8373 3.28883
v -0.16511 0.0384236 -0.00948437
vt -10.621 3.28883
vn 0.993235 -7.2877e-09 -0.116121
f 119/248/129 116/249/126 120/250/130

vt -10.621 4.6286
f 115/238/125 120/251/130 116/241/126

v -0.16511 0.049414 -0.00948437
vt -10.1883 4.6286
vn 0.993235 7.2877e-09 -0.116121
f 120/251/130 115/238/125 121/252/131

v -0.16511 0.0549091 -0.00948437
vt -9.97192 4.6286
vn 0.995305 -2.38673e-08 -0.0967856
f 122/253/132 121/252/131 115/238/125

v -0.164877 0.0512367 -0.0082992
vt -10.1165 3.33638
vn 0.939883 3.95731e-16 -0.341497
vt -10.1883 3.28882
vt -9.97192 3.28882
f 123/254/133 121/255/131 122/256/132

v -0.164877 0.0439095 -0.0082992
vt -10.405 3.33638
vn 0.939883 3.76197e-09 -0.341497
f 124/257/134 121/255/131 123/254/133

vt -10.1883 3.28883
f 124/257/134 120/250/130 121/258/131

f 119/248/129 120/250/130 124/257/134

v -0.164214 0.0365824 -0.00729002
vt -10.6935 0.38582
vn 0.70889 -1.08077e-12 -0.705319
vt -10.405 0.338269
f 125/259/135 119/247/129 124/260/134

f 119/247/129 125/259/135 118/246/128

vt -10.9819 -2.67443
vt -10.6935 -2.67443
f 109/214/116 118/261/128 125/262/135

f 110/216/117 118/261/128 109/214/116

vt -11.1262 0.38582
f 118/246/128 110/263/117 113/244/123

vt -11.1324 0.391715
vt -11.2763 0.344838
vt -11.1324 0.344164
f 110/264/117 111/265/119 113/266/123

v -0.163211 0.0365824 -0.00660389
vt -10.6935 -2.62661
vn 0.35338 2.6374e-16 -0.93548
f 125/262/135 126/267/136 109/214/116

v -0.163211 0.0439095 -0.00660389
vt -10.405 -2.62661
vn 0.35338 -1.31878e-09 -0.93548
f 125/262/135 127/268/137 126/267/136

v -0.163211 0.0512367 -0.00660389
vt -10.1165 -2.62661
vn 0.35338 2.63755e-09 -0.93548
f 125/262/135 128/269/138 127/268/137

v -0.163211 0.0585639 -0.00660389
vt -9.82804 -2.62661
vn 0.35338 2.64536e-16 -0.93548
f 129/270/139 128/269/138 125/262/135

vt -9.82804 -5.34327
v -0.161976 0.0549091 -0.00634998
vt -9.97192 -5.2936
vn 0.12135 5.13143e-09 -0.99261
vt -10.1165 -5.34327
f 129/271/139 130/272/140 128/273/138

v -0.161976 0.0604043 -0.00634998
vt -9.75558 -5.2936
vn 0.12135 1.84366e-16 -0.99261
f 129/271/139 131/274/141 130/272/140

v -0.163211 0.0658911 -0.00660389
vt -9.53956 -5.34327
vn 0.328199 2.43874e-16 -0.944609
f 131/274/141 129/271/139 132/275/142

vt -9.53956 -2.62661
f 132/276/142 129/270/139 125/262/135

v -0.163211 0.0732182 -0.00660389
vt -9.25109 -2.62661
vn 0.35338 2.36749e-16 -0.93548
f 133/277/143 132/276/142 125/262/135

vt -9.25109 -5.34327
v -0.161976 0.0713947 -0.00634998
vt -9.32288 -5.2936
vn 0.12135 1.82073e-16 -0.99261
f 132/275/142 133/278/143 134/279/144

v -0.161976 0.0768899 -0.00634998
vt -9.10654 -5.2936
vn 0.12135 1.83376e-16 -0.99261
f 133/278/143 135/280/145 134/279/144

v -0.163211 0.0805454 -0.00660389
vt -8.96262 -5.34327
vn 0.35338 2.24735e-16 -0.93548
f 136/281/146 135/280/145 133/278/143

v -0.161976 0.0823851 -0.00634998
vt -8.89019 -5.2936
vn 0.101146 1.81683e-10 -0.994872
f 135/280/145 136/281/146 137/282/147

v -0.163211 0.0878726 -0.00660389
vt -8.67415 -5.34327
vn 0.35338 1.1201e-10 -0.93548
f 137/282/147 136/281/146 138/283/148

vt -8.67415 -2.62661
vt -8.96262 -2.62661
f 138/284/148 136/285/146 125/262/135

f 136/285/146 133/277/143 125/262/135

v -0.163211 0.0951998 -0.00660389
vt -8.38568 -2.62661
vn 0.35338 -2.24019e-10 -0.93548
f 139/286/149 138/284/148 125/262/135

vt -8.38568 -5.34327
v -0.161976 0.0933755 -0.00634998
vt -8.4575 -5.2936
vn 0.12135 -2.17974e-10 -0.99261
f 138/283/148 139/287/149 140/288/150

v -0.161976 0.0988707 -0.00634998
vt -8.24115 -5.2936
vn 0.12135 -2.138e-08 -0.99261
f 140/288/150 139/287/149 141/289/151

v -0.163211 0.102527 -0.00660389
vt -8.09721 -5.34327
vn 0.35338 -1.07656e-08 -0.93548
f 142/290/152 141/289/151 139/287/149

v -0.161976 0.104366 -0.00634998
vt -8.02481 -5.2936
vn 0.101145 -8.7285e-09 -0.994872
vt -8.24116 -5.2936
f 142/290/152 143/291/153 141/292/151

v -0.163211 0.109854 -0.00660389
vt -7.80873 -5.34327
vn 0.35338 5.38281e-09 -0.93548
f 143/291/153 142/290/152 144/293/154

vt -7.80873 -2.62661
vt -8.09721 -2.62661
f 144/294/154 142/295/152 125/262/135

f 142/295/152 139/286/149 125/262/135

v -0.163211 0.117181 -0.00660389
vt -7.52026 -2.62661
vn 0.35338 3.1589e-16 -0.93548
f 125/262/135 145/296/155 144/294/154

v -0.163211 0.124509 -0.00660389
vt -7.23179 -2.62661
vn 0.390759 -4.07118e-10 -0.920493
f 125/262/135 146/297/156 145/296/155

v -0.164214 0.248097 -0.00729002
vt -2.36609 -2.67443
vn 0.711869 4.63604e-14 -0.702312
f 146/297/156 125/262/135 147/298/157

v -0.164877 0.124509 -0.0082992
vt -7.23179 0.338269
vn 0.925759 7.42428e-14 -0.378115
vt -2.36609 0.38582
f 148/299/158 147/300/157 125/259/135

v -0.164877 0.131836 -0.0082992
vt -6.94332 0.338269
vn 0.948477 3.15667e-16 -0.316846
f 148/299/158 149/301/159 147/300/157

vt -7.23179 3.33638
v -0.16511 0.126347 -0.00948437
vt -7.15942 3.28882
vn 0.993235 3.92734e-16 -0.116121
vt -6.94332 3.33638
f 148/302/158 150/303/160 149/304/159

v -0.16511 0.120851 -0.00948437
vt -7.37577 3.28882
vn 0.993235 3.92849e-16 -0.116121
f 148/302/158 151/305/161 150/303/160

v -0.164877 0.117181 -0.0082992
vt -7.52026 3.33638
vn 0.939883 3.24195e-16 -0.341497
f 152/306/162 151/305/161 148/302/158

v -0.16511 0.115356 -0.00948437
vt -7.59212 3.28882
vn 0.995305 2.60609e-08 -0.0967856
f 152/306/162 153/307/163 151/305/161

v -0.164877 0.109854 -0.0082992
vt -7.80873 3.33638
vn 0.939883 1.61422e-08 -0.341497
f 154/308/164 153/307/163 152/306/162

v -0.16511 0.104366 -0.00948437
vt -8.02481 3.28883
vn 0.993235 -3.12671e-08 -0.116121
vt -7.59211 3.28883
f 154/308/164 155/309/165 153/310/163

v -0.164877 0.102527 -0.0082992
vt -8.09721 3.33638
vn 0.939883 -3.22843e-08 -0.341497
f 156/311/166 155/309/165 154/308/164

v -0.16511 0.0988707 -0.00948437
vt -8.24115 3.28883
vn 0.993235 -6.25343e-08 -0.116121
f 156/311/166 157/312/167 155/309/165

v -0.164877 0.0951998 -0.0082992
vt -8.38568 3.33638
vn 0.939883 3.77548e-16 -0.341497
vt -8.24115 3.28882
f 158/313/168 157/314/167 156/311/166

v -0.16511 0.0933755 -0.00948437
vt -8.4575 3.28882
vn 0.995305 -9.06903e-10 -0.0967857
f 158/313/168 159/315/169 157/314/167

v -0.164877 0.0878726 -0.0082992
vt -8.67415 3.33638
vn 0.939883 -5.61714e-10 -0.341497
f 160/316/170 159/315/169 158/313/168

v -0.16511 0.0823851 -0.00948437
vt -8.89019 3.28882
vn 0.993235 1.08808e-09 -0.116121
f 160/316/170 161/317/171 159/315/169

v -0.164877 0.0805454 -0.0082992
vt -8.96262 3.33638
vn 0.939883 1.12343e-09 -0.341497
f 162/318/172 161/317/171 160/316/170

v -0.16511 0.0768899 -0.00948437
vt -9.10654 3.28882
vn 0.993235 2.17616e-09 -0.116121
f 162/318/172 163/319/173 161/317/171

v -0.164877 0.0732182 -0.0082992
vt -9.25109 3.33638
vn 0.939883 3.50989e-16 -0.341497
f 164/320/174 163/319/173 162/318/172

v -0.16511 0.0713947 -0.00948437
vt -9.32288 3.28882
vn 0.995305 1.19336e-08 -0.0967856
f 164/320/174 165/321/175 163/319/173

v -0.164877 0.0658911 -0.0082992
vt -9.53956 3.33638
vn 0.939883 7.39115e-09 -0.341497
f 166/322/176 165/321/175 164/320/174

v -0.16511 0.0604043 -0.00948437
vt -9.75558 3.28883
vn 0.993235 -1.43177e-08 -0.116121
vt -9.32288 3.28883
f 166/322/176 167/323/177 165/324/175

v -0.164877 0.0585639 -0.0082992
vt -9.82804 3.33638
vn 0.939883 -1.47823e-08 -0.341497
f 168/325/178 167/323/177 166/322/176

vt -9.97192 3.28883
f 168/325/178 122/326/132 167/323/177

f 123/254/133 122/256/132 168/325/178

vt -10.1165 0.338269
vt -9.82804 0.338269
f 123/327/133 168/328/178 125/259/135

vt -9.53956 0.338269
f 125/259/135 168/328/178 166/329/176

vt -9.25109 0.338269
f 125/259/135 166/329/176 164/330/174

vt -8.96262 0.338269
f 125/259/135 164/330/174 162/331/172

vt -8.67415 0.338269
f 125/259/135 162/331/172 160/332/170

vt -8.38568 0.338269
f 125/259/135 160/332/170 158/333/168

vt -8.09721 0.338269
f 125/259/135 158/333/168 156/334/166

vt -7.80873 0.338269
f 125/259/135 156/334/166 154/335/164

vt -7.52026 0.338269
f 125/259/135 154/335/164 152/336/162

f 152/336/162 148/299/158 125/259/135

f 124/260/134 123/327/133 125/259/135

v -0.16511 0.0627509 -0.0132043
vt -9.6632 4.48215
vn 1 -5.82907e-09 -3.81207e-08
vt -9.75558 4.6286
f 122/253/132 169/337/179 167/338/177

vt -9.66319 4.48215
f 169/339/179 122/253/132 115/238/125

v -0.16511 0.0423394 -0.0169342
vt -10.4668 4.3353
vn 1 1.64208e-11 4.95872e-10
f 170/340/180 169/339/179 115/238/125

v -0.16511 0.0831623 -0.0132043
vt -8.8596 4.48215
vn 1 3.1163e-10 2.37055e-09
f 170/340/180 171/341/181 169/339/179

vt -11.27 4.042
vn 1 1.16144e-11 8.44171e-10
f 85/342/182 171/341/181 170/340/180

v -0.16511 0.103574 -0.0132043
vt -8.056 4.48215
vn 1 -1.09102e-08 -6.18871e-08
f 85/342/182 172/343/183 171/341/181

v -0.16511 0.123985 -0.0132043
vt -7.2524 4.48215
vn 1 3.79184e-16 2.57427e-10
f 85/342/182 173/344/184 172/343/183

v -0.16511 0.144397 -0.0132043
vt -6.4488 4.48215
vn 1 3.79184e-16 2.25249e-10
f 85/342/182 174/345/185 173/344/184

v -0.16511 0.164808 -0.0132043
vt -5.6452 4.48215
f 85/342/182 175/346/185 174/345/185

v -0.16511 0.185219 -0.0132043
vt -4.8416 4.48215
f 85/342/182 176/347/185 175/346/185

v -0.16511 0.205631 -0.0132043
vt -4.038 4.48215
vn 1 1.08333e-11 2.64632e-10
f 85/342/182 177/348/186 176/347/185

v -0.16511 0.226042 -0.0132043
vt -3.2344 4.48215
vn 1 -5.43394e-12 2.72659e-10
f 85/342/182 178/349/187 177/348/186

v -0.16511 0.246454 -0.0132043
vt -2.4308 4.48215
vn 1 -4.64404e-11 4.24994e-10
f 179/350/188 178/349/187 85/342/182

v -0.16511 0.23625 -0.00948437
vt -2.8325 4.6286
vn 0.995305 6.38904e-11 -0.0967857
f 178/349/187 179/350/188 180/351/189

v -0.16511 0.247241 -0.00948437
vt -2.39981 4.6286
vn 0.993235 -7.6628e-11 -0.116121
f 181/352/190 180/351/189 179/350/188

vt -2.8325 3.28882
vt -2.39981 3.28882
v -0.164877 0.241743 -0.0082992
vt -2.61624 3.33638
vn 0.939883 3.955e-11 -0.341497
f 180/353/189 181/354/190 182/355/191

v -0.164877 0.249071 -0.0082992
vt -2.32777 3.33638
vn 0.939883 -7.90988e-11 -0.341497
f 182/355/191 181/354/190 183/356/192

v -0.16511 0.252736 -0.00948437
vt -2.18346 3.28882
vn 0.993235 -2.0979e-10 -0.116121
f 183/356/192 181/354/190 184/357/193

vt -2.18346 4.6286
f 179/350/188 184/358/193 181/352/190

v -0.16511 0.258231 -0.00948437
vt -1.96712 4.6286
vn 0.995305 -2.35597e-11 -0.0967857
f 184/358/193 179/350/188 185/359/194

v -0.16511 0.266865 -0.0132043
vt -1.6272 4.48215
vn 1 1.75811e-11 1.2596e-10
f 185/359/194 179/350/188 186/360/195

f 85/342/182 186/360/195 179/350/188

v -0.16511 0.282094 -0.0186247
vt -1.02766 4.26875
vn 1 1.01445e-11 5.26731e-11
f 85/342/182 187/361/196 186/360/195

v -0.16511 0.339448 -0.024384
vt 1.23039 4.042
vn 1 5.04404e-12 3.34943e-11
f 85/342/182 188/362/197 187/361/196

v -0.17146 0.279113 -0.024384
vt -1.145 -6.75391
vn 4.45723e-09 -5.9438e-11 -1
vt 1.23039 -6.50391
vn 1.29138e-09 -2.76464e-11 -1
f 85/154/89 189/363/198 188/364/199

f 84/156/90 189/363/198 85/154/89

v -0.17146 0.266867 -0.00952459
vt 1.62714 4.62702
vn -0.994871 -3.12384e-12 0.101148
vt 1.145 4.042
vn -1 3.05114e-12 -1.08977e-11
f 190/365/200 189/366/201 84/153/88

v -0.17146 0.299524 -0.00952459
vt 0.341428 4.62702
vn -0.994871 3.12305e-12 0.101148
f 190/365/200 191/367/202 189/366/201

vt 0.885415 3.324
vt 0.341428 3.17306
vt 1.62714 3.17306
f 65/368/72 191/369/202 190/370/200

vt 0.0199999 3.324
f 64/371/71 191/369/202 65/368/72

v -0.17146 0.315852 -0.00952459
vt -0.301428 3.17306
vn -0.994871 1.94507e-12 0.101148
f 64/371/71 192/372/203 191/369/202

vt -0.845415 3.324
f 192/372/203 64/371/71 63/373/70

v -0.17146 0.348509 -0.00952459
vt -1.58714 3.17306
vn -0.994871 -1.94586e-12 0.101148
f 193/374/204 192/372/203 63/373/70

v -0.17146 0.336263 -0.024384
vt -1.105 4.042
vn -1 1.90003e-12 6.78727e-12
vt -0.301428 4.62702
vt -1.58714 4.62702
f 194/375/205 192/376/203 193/377/204

v -0.17146 0.307688 -0.024384
vt 0.0199999 4.042
f 192/376/203 194/375/205 195/378/9

vt 1.105 -6.75391
vn 9.20479e-10 1.38778e-16 -1
vt -0.0199999 -6.75391
f 194/379/206 188/364/199 195/380/206

v -0.17146 0.364838 -0.024384
vt 2.23 -6.75391
vn 1.09701e-09 1.33607e-11 -1
f 196/381/207 188/364/199 194/379/206

f 188/364/199 196/381/207 16/25/18

v -0.17146 0.393413 -0.024384
vt 3.355 -6.75391
vn 1.2898e-09 1.38778e-16 -1
f 196/381/207 197/382/208 16/25/18

vt -3.355 4.042
vn -1 -7.41201e-11 -2.23982e-10
vt -2.23 4.042
vn -1 -2.85099e-12 3.13274e-12
v -0.17146 0.381167 -0.00952459
vt -2.87286 4.62702
vn -0.994871 -6.84193e-11 0.101148
f 197/383/209 196/384/210 198/385/211

v -0.17146 0.364838 -0.00952459
vt -2.23 4.62702
vn -0.99261 -4.66855e-12 0.121352
f 196/384/210 199/386/212 198/385/211

f 193/377/204 199/386/212 196/384/210

vt -1.71083 3.324
vt -2.23 3.17306
f 62/387/69 199/388/212 193/374/204

vt -2.57624 3.324
f 62/387/69 61/389/68 199/388/212

vt -2.87286 3.17306
f 198/390/211 199/388/212 61/389/68

vt -3.44166 3.324
f 198/390/211 61/389/68 59/391/66

v -0.17146 0.413824 -0.00952459
vt -4.15857 3.17306
vn -0.994871 6.84184e-11 0.101148
f 200/392/213 198/390/211 59/391/66

vt -4.15857 4.62702
f 198/385/211 200/393/213 197/383/209

f 200/393/213 15/22/16 197/383/209

f 200/393/213 14/21/15 15/22/16

vt -4.30707 3.324
vt -4.80143 3.17306
f 58/394/65 14/395/15 200/392/213

vt -5.17249 3.324
f 58/394/65 57/396/64 14/395/15

f 57/396/64 12/18/14 14/395/15

f 12/18/14 57/396/64 11/17/13

f 200/392/213 59/391/66 58/394/65

f 197/382/208 15/24/17 16/25/18

f 193/374/204 63/373/70 62/387/69

f 194/375/205 193/377/204 196/384/210

v -0.16511 0.368922 -0.0132043
vt 2.3908 4.48215
vn 1 3.28091e-09 1.03828e-08
f 188/362/197 16/27/20 201/397/214

v -0.16511 0.389334 -0.0132043
vt 3.1944 4.48215
vn 1 -5.822e-08 -2.80083e-07
f 16/27/20 202/398/215 201/397/214

f 202/398/215 16/27/20 18/28/21

vt 3.1944 4.48214
vt 3.65789 4.62859
v -0.16511 0.390116 -0.00948437
vt 3.22519 4.62859
vn 0.993235 -1.21523e-07 -0.11612
f 202/399/215 18/400/21 203/401/216

v -0.164877 0.395614 -0.0082992
vt 3.44166 3.33639
vn 0.939883 6.27393e-08 -0.341496
vt 3.22519 3.28883
vt 3.65789 3.28883
f 204/402/217 203/403/216 18/404/21

v -0.164877 0.388287 -0.0082992
vt 3.15319 3.3364
vn 0.925759 -1.04645e-07 -0.378114
vt 3.22519 3.28884
vt 3.44166 3.3364
f 205/405/218 203/406/216 204/407/217

v -0.16511 0.384621 -0.00948437
vt 3.00884 3.28884
vn 0.993235 -2.64538e-07 -0.116121
vt 3.15318 3.33639
f 206/408/219 203/406/216 205/409/218

vt 3.22519 4.6286
vt 3.00884 4.6286
vt 3.19439 4.48214
f 203/410/216 206/411/219 202/412/215

vt 3.00885 4.6286
v -0.16511 0.379125 -0.00948437
vt 2.7925 4.6286
vn 0.995305 -8.95628e-09 -0.0967857
f 202/398/215 206/413/219 207/414/220

v -0.164877 0.38096 -0.0082992
vt 2.86472 3.33637
vn 0.939883 -1.10938e-08 -0.341497
vt 2.7925 3.28882
vt 3.00885 3.28882
f 208/415/221 207/416/220 206/417/219

v -0.164877 0.373633 -0.0082992
vt 2.57624 3.33637
vn 0.939883 5.5469e-09 -0.341497
f 209/418/222 207/416/220 208/415/221

v -0.16511 0.368135 -0.00948437
vt 2.35981 3.28882
vn 0.993235 1.07454e-08 -0.116121
f 210/419/223 207/416/220 209/418/222

vt 2.35981 4.6286
f 201/397/214 207/414/220 210/420/223

f 202/398/215 207/414/220 201/397/214

v -0.16511 0.36264 -0.00948437
vt 2.14346 4.6286
vn 0.993235 3.92823e-16 -0.116121
f 211/421/224 201/397/214 210/420/223

v -0.16511 0.357145 -0.00948437
vt 1.92712 4.6286
vn 0.995305 -1.03033e-07 -0.0967858
f 212/422/225 201/397/214 211/421/224

v -0.16511 0.348511 -0.0132043
vt 1.5872 4.48215
vn 1 6.03969e-08 3.95143e-07
f 213/423/226 201/397/214 212/422/225

f 188/362/197 201/397/214 213/423/226

v -0.16511 0.340659 -0.00948437
vt 1.27808 4.6286
vn 0.996554 1.76611e-07 -0.0829512
f 188/362/197 213/423/226 214/424/227

vt 1.5872 4.48216
v -0.16511 0.346154 -0.00948437
vt 1.49443 4.62861
vn 0.993235 1.23617e-07 -0.116122
vt 1.27808 4.62861
f 213/425/226 215/426/228 214/427/227

vt 1.92711 4.6286
vt 1.49442 4.6286
f 213/423/226 212/428/225 215/429/228

v -0.164877 0.351651 -0.0082992
vt 1.71083 3.33636
vn 0.939883 -6.38086e-08 -0.341498
vt 1.49442 3.28881
vt 1.92711 3.28881
f 216/430/229 215/431/228 212/432/225

v -0.164877 0.344324 -0.0082992
vt 1.42236 3.33635
vn 0.939883 1.27618e-07 -0.341498
vt 1.49442 3.2888
vt 1.71083 3.33635
f 217/433/230 215/434/228 216/435/229

vt 1.27808 3.28881
vt 1.49443 3.28881
vt 1.42236 3.33636
f 214/436/227 215/437/228 217/438/230

v -0.164877 0.336997 -0.0082992
vt 1.13389 3.33638
vn 0.939883 4.03253e-16 -0.341497
vt 1.27808 3.28882
vt 1.42236 3.33638
f 218/439/231 214/440/227 217/441/230

v -0.16511 0.335164 -0.00948437
vt 1.06173 3.28882
vn 0.993235 -1.24582e-07 -0.116121
f 218/439/231 219/442/232 214/440/227

v -0.164877 0.32967 -0.0082992
vt 0.845415 3.33638
vn 0.939883 -6.43031e-08 -0.341498
f 220/443/233 219/442/232 218/439/231

vt 0.845413 3.33636
v -0.16511 0.324174 -0.00948437
vt 0.629036 3.28881
vn 0.993235 1.24583e-07 -0.116122
vt 1.06173 3.28881
f 220/444/233 221/445/234 219/446/232

v -0.164877 0.322342 -0.0082992
vt 0.556943 3.33635
vn 0.939883 1.28607e-07 -0.341498
vt 0.629038 3.2888
vt 0.845415 3.33635
f 222/447/235 221/448/234 220/449/233

v -0.16511 0.318678 -0.00948437
vt 0.412697 3.28881
vn 0.995305 2.45474e-09 -0.0967857
vt 0.629042 3.28881
vt 0.556947 3.33636
f 223/450/236 221/451/234 222/452/235

vt 0.412696 4.62861
v -0.16511 0.328099 -0.0132043
vt 0.783604 4.48216
vn 1 4.34826e-08 3.02814e-07
vt 0.629042 4.62861
f 223/453/236 224/454/237 221/455/234

vt 0.7836 4.48215
vt 0.412692 4.6286
v -0.16511 0.307688 -0.0132043
vt -0.0199999 4.48215
vn 1 -4.29625e-08 3.17331e-07
f 224/456/237 223/457/236 225/458/238

vt 0.412689 4.62861
v -0.16511 0.313183 -0.00948437
vt 0.196342 4.62861
vn 0.993235 -1.2311e-07 -0.116122
vt -0.0200039 4.48216
f 223/459/236 226/460/239 225/461/238

v -0.164877 0.315015 -0.0082992
vt 0.268468 3.33636
vn 0.939883 -1.271e-07 -0.341498
vt 0.196341 3.28881
vt 0.412688 3.28881
f 227/462/240 226/463/239 223/464/236

v -0.164877 0.307688 -0.0082992
vt -0.0199999 3.33635
vn 0.939883 6.35504e-08 -0.341498
vt 0.196346 3.2888
vt 0.268472 3.33635
f 228/465/241 226/466/239 227/467/240

v -0.16511 0.302193 -0.00948437
vt -0.236345 3.28881
vn 0.993235 1.2311e-07 -0.116121
vt 0.196348 3.28881
vt -0.0199979 3.33637
f 229/468/242 226/469/239 228/470/241

vt -0.019998 4.48215
vt 0.196348 4.6286
vt -0.236345 4.6286
f 225/471/238 226/472/239 229/473/242

vt -0.236347 4.6286
v -0.16511 0.296698 -0.00948437
vt -0.452692 4.6286
vn 0.995305 3.91327e-16 -0.0967857
f 229/474/242 230/475/243 225/458/238

vt -0.452692 3.28882
vt -0.236347 3.28882
v -0.164877 0.300361 -0.0082992
vt -0.308472 3.33638
vn 0.939883 4.04379e-16 -0.341497
f 230/476/243 229/477/242 231/478/244

vt -0.0199999 3.33638
f 231/478/244 229/477/242 228/479/241

vt -0.308472 0.338269
vt -0.0199999 0.338269
f 147/300/157 231/480/244 228/481/241

v -0.164877 0.293034 -0.0082992
vt -0.596943 0.338269
vn 0.939883 4.30012e-16 -0.341497
f 232/482/245 231/480/244 147/300/157

vt -0.596943 3.33638
f 232/483/245 230/476/243 231/478/244

v -0.16511 0.291202 -0.00948437
vt -0.669038 3.28882
vn 0.993235 1.25847e-07 -0.116121
f 232/483/245 233/484/246 230/476/243

v -0.164877 0.285706 -0.0082992
vt -0.885415 3.33638
vn 0.939883 6.49494e-08 -0.341496
f 234/485/247 233/484/246 232/483/245

vt -0.885413 3.33639
v -0.16511 0.280212 -0.00948437
vt -1.10173 3.28883
vn 0.993235 -1.25847e-07 -0.11612
vt -0.669036 3.28883
f 234/486/247 235/487/248 233/488/246

v -0.164877 0.278379 -0.0082992
vt -1.17389 3.3364
vn 0.939883 -1.29898e-07 -0.341496
vt -1.10173 3.28885
vt -0.885415 3.3364
f 236/489/249 235/490/248 234/491/247

vt -1.17389 3.33639
v -0.16511 0.274717 -0.00948437
vt -1.31808 3.28884
vn 0.996554 -1.79798e-07 -0.0829512
vt -1.10173 3.28884
f 236/492/249 237/493/250 235/494/248

v -0.164877 0.271052 -0.0082992
vt -1.46236 3.33638
vn 0.939883 3.82958e-16 -0.341497
vt -1.31808 3.28882
vt -1.17389 3.33638
f 238/495/251 237/496/250 236/497/249

v -0.16511 0.269222 -0.00948437
vt -1.53442 3.28882
vn 0.993235 2.82671e-11 -0.116121
f 238/495/251 239/498/252 237/496/250

v -0.164877 0.263725 -0.0082992
vt -1.75083 3.33638
vn 0.939883 1.45908e-11 -0.341497
f 240/499/253 239/498/252 238/495/251

vt -1.96712 3.28882
f 240/499/253 185/500/194 239/498/252

v -0.164877 0.256398 -0.0082992
vt -2.0393 3.33638
vn 0.939883 -2.91805e-11 -0.341497
f 241/501/254 185/500/194 240/499/253

f 241/501/254 184/357/193 185/500/194

f 183/356/192 184/357/193 241/501/254

vt -2.32777 0.338269
vt -2.0393 0.338269
f 147/300/157 183/502/192 241/503/254

vt -2.61624 0.338269
f 147/300/157 182/504/191 183/502/192

v -0.164877 0.234416 -0.0082992
vt -2.90472 0.338269
vn 0.939883 4.0727e-16 -0.341497
f 242/505/255 182/504/191 147/300/157

vt -2.90472 3.33638
f 242/506/255 180/353/189 182/355/191

v -0.16511 0.230755 -0.00948437
vt -3.04885 3.28882
vn 0.993235 3.93275e-16 -0.116121
f 242/506/255 243/507/256 180/353/189

v -0.164877 0.227089 -0.0082992
vt -3.19319 3.33638
vn 0.939883 4.16834e-16 -0.341497
f 244/508/257 243/507/256 242/506/255

v -0.16511 0.22526 -0.00948437
vt -3.26519 3.28882
vn 0.993235 -1.5569e-11 -0.116121
f 244/508/257 245/509/258 243/507/256

v -0.164877 0.219762 -0.0082992
vt -3.48166 3.33638
vn 0.939883 -8.03525e-12 -0.341497
f 246/510/259 245/509/258 244/508/257

v -0.16511 0.21427 -0.00948437
vt -3.69788 3.28882
vn 0.995305 1.29564e-11 -0.0967857
f 246/510/259 247/511/260 245/509/258

v -0.164877 0.212435 -0.0082992
vt -3.77013 3.33638
vn 0.939883 1.60718e-11 -0.341497
f 248/512/261 247/511/260 246/510/259

v -0.16511 0.208775 -0.00948437
vt -3.91423 3.28882
vn 0.993235 3.11392e-11 -0.116121
f 248/512/261 249/513/262 247/511/260

v -0.164877 0.205107 -0.0082992
vt -4.0586 3.33638
vn 0.939883 4.42789e-16 -0.341497
f 250/514/263 249/513/262 248/512/261

v -0.16511 0.203279 -0.00948437
vt -4.13058 3.28882
vn 0.993235 3.92388e-16 -0.116121
f 250/514/263 251/515/264 249/513/262

v -0.164877 0.19778 -0.0082992
vt -4.34707 3.33638
vn 0.948477 4.47157e-16 -0.316846
f 252/516/265 251/515/264 250/514/263

v -0.16511 0.197784 -0.00948437
vt -4.34692 3.28882
vn 0.996999 3.8879e-16 -0.0774139
f 252/516/265 253/517/266 251/515/264

v -0.16511 0.192289 -0.00948437
vt -4.56327 3.28882
f 254/518/23 253/517/266 252/516/265

vt -4.56327 4.6286
vt -4.34692 4.6286
f 254/519/23 176/347/185 253/520/266

v -0.16511 0.186794 -0.00948437
vt -4.77962 4.6286
vn 0.993235 3.9349e-16 -0.116121
f 255/521/267 176/347/185 254/519/23

v -0.16511 0.181299 -0.00948437
vt -4.99596 4.6286
vn 0.993235 3.94961e-16 -0.116121
f 176/347/185 255/521/267 256/522/268

v -0.164877 0.183126 -0.0082992
vt -4.92402 3.33638
vn 0.939883 4.3127e-16 -0.341497
vt -4.99596 3.28882
vt -4.77962 3.28882
f 257/523/269 256/524/268 255/525/267

v -0.164877 0.175799 -0.0082992
vt -5.21249 3.33638
vn 0.948477 4.05239e-16 -0.316846
f 258/526/270 256/524/268 257/523/269

v -0.16511 0.175803 -0.00948437
vt -5.21231 3.28882
f 258/526/270 259/527/26 256/524/268

v -0.16511 0.170308 -0.00948437
vt -5.42865 3.28882
vn 0.993235 3.92119e-16 -0.116121
f 260/528/271 259/527/26 258/526/270

vt -5.42865 4.6286
vt -5.21231 4.6286
f 260/529/271 175/346/185 259/530/26

v -0.16511 0.164813 -0.00948437
vt -5.645 4.6286
vn 0.993235 3.93051e-16 -0.116121
f 260/529/271 261/531/272 175/346/185

v -0.164877 0.168472 -0.0082992
vt -5.50096 3.33638
vn 0.939883 4.29813e-16 -0.341497
vt -5.645 3.28882
f 262/532/273 261/533/272 260/528/271

v -0.164877 0.161144 -0.0082992
vt -5.78943 3.33638
vn 0.939883 4.31059e-16 -0.341497
f 263/534/274 261/533/272 262/532/273

v -0.16511 0.159318 -0.00948437
vt -5.86135 3.28882
vn 0.993235 3.93348e-16 -0.116121
f 263/534/274 264/535/275 261/533/272

v -0.164877 0.153817 -0.0082992
vt -6.0779 3.33638
vn 0.948477 4.03619e-16 -0.316846
f 265/536/276 264/535/275 263/534/274

v -0.16511 0.153823 -0.00948437
vt -6.07769 3.28882
f 265/536/276 266/537/266 264/535/275

v -0.16511 0.148327 -0.00948437
vt -6.29404 3.28882
f 267/538/275 266/537/266 265/536/276

vt -6.29404 4.6286
vt -6.07769 4.6286
f 267/539/275 174/345/185 266/540/266

v -0.16511 0.142832 -0.00948437
vt -6.51038 4.6286
vn 0.993235 3.92452e-16 -0.116121
f 174/345/185 267/539/275 268/541/277

v -0.164877 0.14649 -0.0082992
vt -6.36638 3.33638
vn 0.939883 4.0443e-16 -0.341497
vt -6.51038 3.28882
f 269/542/278 268/543/277 267/538/275

v -0.164877 0.139163 -0.0082992
vt -6.65485 3.33638
vn 0.939883 3.49854e-16 -0.341497
f 270/544/279 268/543/277 269/542/278

v -0.16511 0.137337 -0.00948437
vt -6.72673 3.28882
vn 0.993235 3.91467e-16 -0.116121
f 270/544/279 271/545/280 268/543/277

f 149/304/159 271/545/280 270/544/279

v -0.16511 0.131842 -0.00948437
vt -6.94308 3.28882
f 149/304/159 272/546/266 271/545/280

f 150/303/160 272/546/266 149/304/159

vt -7.15942 4.6286
vt -6.94308 4.6286
f 150/547/160 173/344/184 272/548/266

vt -7.37577 4.6286
f 151/549/161 173/344/184 150/547/160

vt -7.59212 4.6286
f 151/549/161 153/550/163 173/344/184

f 172/343/183 173/344/184 153/550/163

vt -8.02481 4.6286
vt -7.59211 4.6286
f 155/551/165 172/343/183 153/552/163

vt -8.24115 4.6286
f 157/553/167 172/343/183 155/551/165

vt -8.4575 4.6286
f 159/554/169 172/343/183 157/553/167

f 172/343/183 159/554/169 171/341/181

vt -8.89019 4.6286
f 171/341/181 159/554/169 161/555/171

vt -9.10654 4.6286
f 171/341/181 161/555/171 163/556/173

vt -9.32288 4.6286
f 163/556/173 165/557/175 171/341/181

f 169/339/179 171/341/181 165/557/175

f 167/338/177 169/339/179 165/557/175

f 173/344/184 174/345/185 272/548/266

vt -6.72673 4.6286
f 271/558/280 272/548/266 174/345/185

f 271/558/280 174/345/185 268/541/277

vt -6.65485 0.338269
f 149/301/159 270/559/279 147/300/157

vt -6.36638 0.338269
f 270/559/279 269/560/278 147/300/157

vt -6.0779 0.338269
f 269/560/278 265/561/276 147/300/157

f 269/542/278 267/538/275 265/536/276

vt -5.78943 0.338269
f 265/561/276 263/562/274 147/300/157

vt -5.50096 0.338269
f 263/562/274 262/563/273 147/300/157

vt -5.21249 0.338269
f 262/563/273 258/564/270 147/300/157

f 262/532/273 260/528/271 258/526/270

vt -4.92402 0.338269
f 258/564/270 257/565/269 147/300/157

v -0.164877 0.190453 -0.0082992
vt -4.63555 0.338269
vn 0.939883 4.56904e-16 -0.341497
f 257/565/269 273/566/281 147/300/157

vt -4.63555 3.33638
f 257/523/269 255/525/267 273/567/281

f 273/567/281 255/525/267 254/518/23

f 273/567/281 254/518/23 252/516/265

vt -4.34707 0.338269
f 273/566/281 252/568/265 147/300/157

vt -4.0586 0.338269
f 147/300/157 252/568/265 250/569/263

vt -3.77013 0.338269
f 147/300/157 250/569/263 248/570/261

vt -3.48166 0.338269
f 147/300/157 248/570/261 246/571/259

vt -3.19319 0.338269
f 147/300/157 246/571/259 244/572/257

f 244/572/257 242/505/255 147/300/157

f 175/346/185 266/540/266 174/345/185

vt -5.86135 4.6286
f 266/540/266 175/346/185 264/573/275

f 175/346/185 261/531/272 264/573/275

f 176/347/185 259/530/26 175/346/185

f 176/347/185 256/522/268 259/530/26

f 176/347/185 177/348/186 253/520/266

vt -4.13058 4.6286
f 253/520/266 177/348/186 251/574/264

vt -3.91423 4.6286
f 177/348/186 249/575/262 251/574/264

vt -3.69788 4.6286
f 249/575/262 177/348/186 247/576/260

f 247/576/260 177/348/186 178/349/187

vt -3.26519 4.6286
f 178/349/187 245/577/258 247/576/260

vt -3.04885 4.6286
f 178/349/187 243/578/256 245/577/258

f 243/578/256 178/349/187 180/351/189

vt -1.75083 0.338269
f 147/300/157 241/503/254 240/579/253

vt -1.46236 0.338269
f 240/579/253 238/580/251 147/300/157

vt -1.17389 0.338269
f 238/580/251 236/581/249 147/300/157

vt -0.885415 0.338269
f 236/581/249 234/582/247 147/300/157

f 234/582/247 232/482/245 147/300/157

vt -1.53442 4.6286
f 186/360/195 239/583/252 185/359/194

vt -1.31808 4.6286
f 186/360/195 237/584/250 239/583/252

f 186/360/195 187/361/196 237/584/250

v -0.16511 0.287277 -0.0132043
vt -0.8236 4.48215
vn 1 -5.12485e-08 -4.00153e-07
f 237/584/250 187/361/196 274/585/282

f 187/361/196 225/458/238 274/585/282

f 187/361/196 224/456/237 225/458/238

f 187/361/196 188/362/197 224/456/237

f 224/456/237 188/362/197 214/424/227

vt 1.06173 4.6286
f 214/424/227 219/586/232 224/456/237

vt 0.629036 4.6286
vt 0.783598 4.48215
f 221/587/234 224/588/237 219/586/232

f 274/585/282 225/458/238 230/475/243

vt -0.669038 4.6286
f 274/585/282 230/475/243 233/589/246

vt -0.823598 4.48214
vt -0.669036 4.6286
vt -1.10173 4.6286
f 274/590/282 233/591/246 235/592/248

vt -0.823604 4.48213
vt -1.10173 4.62859
vt -1.31808 4.62859
f 274/593/282 235/594/248 237/595/250

vt 0.268472 0.338269
f 147/300/157 228/481/241 227/596/240

vt 0.556943 0.338269
f 147/300/157 227/596/240 222/597/235

vt 0.268472 3.33638
vt 0.412692 3.28882
vt 0.556943 3.33638
f 227/598/240 223/599/236 222/600/235

vt 0.845415 0.338269
f 222/597/235 220/601/233 147/300/157

vt 1.13389 0.338269
f 220/601/233 218/602/231 147/300/157

vt 1.42236 0.338269
f 218/602/231 217/603/230 147/300/157

vt 1.71083 0.338269
f 217/603/230 216/604/229 147/300/157

v -0.164877 0.358978 -0.0082992
vt 1.9993 0.338269
vn 0.939883 4.03521e-16 -0.341497
f 216/604/229 275/605/283 147/300/157

vt 1.71083 3.33638
vt 1.92712 3.28882
vt 1.9993 3.33638
f 216/606/229 212/607/225 275/608/283

vt 2.14346 3.28882
f 275/608/283 212/607/225 211/609/224

v -0.164877 0.366305 -0.0082992
vt 2.28777 3.33638
vn 0.939883 4.03209e-16 -0.341497
f 275/608/283 211/609/224 276/610/284

f 211/609/224 210/419/223 276/610/284

vt 2.57624 3.33638
f 276/610/284 210/419/223 209/611/222

vt 2.28777 0.338269
vt 2.57624 0.338269
f 276/612/284 209/613/222 147/300/157

vt 2.86472 0.338269
f 209/613/222 208/614/221 147/300/157

vt 3.15319 0.338269
f 208/614/221 205/615/218 147/300/157

vt 2.86472 3.33638
vt 3.15319 3.33638
f 208/616/221 206/417/219 205/617/218

v -0.164214 0.538489 -0.00729002
vt 9.06667 0.38582
vn 0.713663 4.3371e-13 -0.700489
f 205/615/218 277/618/285 147/300/157

vt 3.44166 0.338269
f 205/615/218 204/619/217 277/618/285

v -0.164877 0.402941 -0.0082992
vt 3.73013 0.338269
vn 0.939883 4.55507e-16 -0.341497
f 204/619/217 278/620/286 277/618/285

vt 3.44166 3.33638
vt 3.65788 3.28882
vt 3.73013 3.33638
f 204/621/217 18/622/21 278/623/286

f 278/623/286 18/622/21 19/31/22

f 278/623/286 19/31/22 21/33/24

vt 4.0186 0.338269
f 278/620/286 21/624/24 277/618/285

vt 4.30707 0.338269
f 277/618/285 21/624/24 22/625/25

v -0.164877 0.424923 -0.0082992
vt 4.59555 0.338269
vn 0.939883 3.50919e-16 -0.341497
f 277/618/285 22/625/25 279/626/287

v -0.16511 0.423087 -0.00948437
vt 4.52327 3.28882
vn 0.993235 3.93656e-16 -0.116121
vt 4.59555 3.33638
f 22/34/25 280/627/288 279/628/287

f 22/34/25 23/35/26 280/627/288

vt 4.52327 4.6286
f 24/37/27 280/629/288 23/36/26

v -0.16511 0.428582 -0.00948437
vt 4.73962 4.6286
vn 0.993235 3.92543e-16 -0.116121
f 280/629/288 24/37/27 281/630/289

v -0.16511 0.434077 -0.00948437
vt 4.95596 4.6286
f 281/630/289 24/37/27 282/631/160

v -0.16511 0.439573 -0.00948437
vt 5.17231 4.6286
f 283/632/266 282/631/160 24/37/27

vt 4.95596 3.28882
vt 5.17231 3.28882
v -0.164877 0.439577 -0.0082992
vt 5.17249 3.33638
vn 0.948477 4.04493e-16 -0.316846
f 282/633/160 283/634/266 284/635/290

v -0.16511 0.445068 -0.00948437
vt 5.38865 3.28882
vn 0.993235 3.93464e-16 -0.116121
f 284/635/290 283/634/266 285/636/291

vt 5.38865 4.6286
f 283/632/266 25/38/27 285/637/291

f 25/38/27 283/632/266 24/37/27

v -0.16511 0.450563 -0.00948437
vt 5.605 4.6286
vn 0.993235 3.92687e-16 -0.116121
f 25/38/27 286/638/292 285/637/291

v -0.16511 0.456058 -0.00948437
vt 5.82135 4.6286
f 286/638/292 25/38/27 287/639/160

v -0.16511 0.461553 -0.00948437
vt 6.03769 4.6286
f 287/639/160 25/38/27 288/640/266

f 26/39/27 288/640/266 25/38/27

v -0.16511 0.467049 -0.00948437
vt 6.25404 4.6286
vn 0.993235 3.92772e-16 -0.116121
f 288/640/266 26/39/27 289/641/293

v -0.16511 0.472544 -0.00948437
vt 6.47038 4.6286
vn 0.993235 3.92133e-16 -0.116121
f 26/39/27 290/642/294 289/641/293

v -0.16511 0.478039 -0.00948437
vt 6.68673 4.6286
vn 0.993235 3.92964e-16 -0.116121
f 291/643/295 290/642/294 26/39/27

vt 6.47038 3.28882
vt 6.68673 3.28882
v -0.164877 0.476213 -0.0082992
vt 6.61485 3.33638
vn 0.939883 4.02782e-16 -0.341497
f 290/644/294 291/645/295 292/646/296

v -0.164877 0.48354 -0.0082992
vt 6.90332 3.33638
vn 0.948477 4.04364e-16 -0.316846
f 292/646/296 291/645/295 293/647/297

v -0.16511 0.483534 -0.00948437
vt 6.90308 3.28882
f 291/645/295 294/648/26 293/647/297

vt 6.90308 4.6286
f 26/39/27 294/649/26 291/643/295

f 26/39/27 27/40/28 294/649/26

v -0.16511 0.489029 -0.00948437
vt 7.11942 4.6286
vn 0.993235 3.9308e-16 -0.116121
f 294/649/26 27/40/28 295/650/298

v -0.16511 0.494525 -0.00948437
vt 7.33577 4.6286
vn 0.993235 3.93097e-16 -0.116121
f 27/40/28 296/651/299 295/650/298

f 27/40/28 28/41/29 296/651/299

vt 7.33577 3.28882
vt 7.55212 3.28882
v -0.164877 0.498195 -0.0082992
vt 7.48026 3.33638
vn 0.939883 4.03448e-16 -0.341497
f 296/652/299 28/653/29 297/654/300

vt 7.76873 3.33638
f 297/654/300 28/653/29 30/655/31

vt 7.48026 0.338269
vt 7.76873 0.338269
f 277/618/285 297/656/300 30/657/31

v -0.164877 0.490867 -0.0082992
vt 7.19179 0.338269
vn 0.939883 4.04187e-16 -0.341497
f 298/658/301 297/656/300 277/618/285

vt 7.19179 3.33638
f 298/659/301 296/652/299 297/654/300

vt 7.11942 3.28882
f 298/659/301 295/660/298 296/652/299

f 293/647/297 295/660/298 298/659/301

f 293/647/297 294/648/26 295/660/298

vt 6.90332 0.338269
f 293/661/297 298/658/301 277/618/285

vt 6.61485 0.338269
f 292/662/296 293/661/297 277/618/285

v -0.164877 0.468886 -0.0082992
vt 6.32638 0.338269
vn 0.939883 4.30168e-16 -0.341497
f 299/663/302 292/662/296 277/618/285

vt 6.32638 3.33638
f 299/664/302 290/644/294 292/646/296

vt 6.25404 3.28882
f 299/664/302 289/665/293 290/644/294

v -0.164877 0.461559 -0.0082992
vt 6.0379 3.33638
vn 0.948477 4.4774e-16 -0.316846
f 300/666/303 289/665/293 299/664/302

vt 6.03769 3.28882
f 300/666/303 288/667/266 289/665/293

vt 5.82135 3.28882
f 287/668/160 288/667/266 300/666/303

v -0.164877 0.454232 -0.0082992
vt 5.74943 3.33638
vn 0.939883 4.83047e-16 -0.341497
f 301/669/304 287/668/160 300/666/303

vt 5.605 3.28882
f 286/670/292 287/668/160 301/669/304

v -0.164877 0.446904 -0.0082992
vt 5.46096 3.33638
vn 0.939883 4.57453e-16 -0.341497
f 302/671/305 286/670/292 301/669/304

f 302/671/305 285/636/291 286/670/292

f 284/635/290 285/636/291 302/671/305

vt 5.17249 0.338269
vt 5.46096 0.338269
f 284/672/290 302/673/305 277/618/285

vt 5.74943 0.338269
f 302/673/305 301/674/304 277/618/285

vt 6.0379 0.338269
f 277/618/285 301/674/304 300/675/303

f 300/675/303 299/663/302 277/618/285

v -0.164877 0.43225 -0.0082992
vt 4.88402 0.338269
vn 0.939883 3.5123e-16 -0.341497
f 277/618/285 303/676/306 284/672/290

f 277/618/285 279/626/287 303/676/306

vt 4.73962 3.28882
vt 4.88402 3.33638
f 279/628/287 281/677/289 303/678/306

f 279/628/287 280/627/288 281/677/289

f 281/677/289 282/633/160 303/678/306

f 303/678/306 282/633/160 284/635/290

vt 8.05721 0.338269
f 30/657/31 31/679/32 277/618/285

v -0.164877 0.520176 -0.0082992
vt 8.34568 0.338269
vn 0.939883 3.97876e-16 -0.341497
f 31/679/32 304/680/307 277/618/285

vt 8.05721 3.33638
vt 8.20115 3.28882
vt 8.34568 3.33638
f 31/681/32 32/682/33 304/683/307

vt 8.4175 3.28882
f 32/682/33 33/684/34 304/683/307

v -0.164877 0.527503 -0.0082992
vt 8.63415 3.33638
vn 0.939882 1.44294e-07 -0.341499
f 304/683/307 33/684/34 305/685/308

vt 8.4175 3.2888
vt 8.8502 3.2888
vt 8.63415 3.33635
f 33/686/34 34/687/35 305/688/308

vt 8.63415 3.33633
vt 8.85019 3.28878
v -0.164877 0.534831 -0.0082992
vt 8.92262 3.33633
vn 0.939882 -2.8859e-07 -0.341499
f 305/689/308 34/690/35 306/691/309

vt 8.92261 3.33634
vt 8.85018 3.28879
vt 9.06653 3.28879
f 306/692/309 34/693/35 35/694/36

vt 8.92262 3.33638
vt 9.06654 3.28882
v -0.164877 0.542158 -0.0082992
vt 9.21109 3.33638
vn 0.939883 -2.44173e-08 -0.341497
f 306/695/309 35/696/36 307/697/310

vt 9.06654 3.28883
vt 9.28288 3.28883
f 35/698/36 36/699/37 307/697/310

v -0.164877 0.549485 -0.0082992
vt 9.49956 3.33638
vn 0.939883 1.22086e-08 -0.341497
f 307/697/310 36/699/37 308/700/311

v -0.16511 0.554972 -0.00948437
vt 9.71558 3.28883
vn 0.993235 2.36867e-08 -0.116121
f 308/700/311 36/699/37 309/701/312

vt 9.71558 4.6286
f 37/67/38 309/702/312 36/65/37

f 309/702/312 37/67/38 38/68/39

v -0.164877 0.556812 -0.0082992
vt 9.78804 3.33638
vn 0.925759 7.88572e-12 -0.378115
vt 9.71558 3.28882
vt 9.93192 3.28882
f 310/703/313 309/704/312 38/705/39

f 308/700/311 309/704/312 310/703/313

vt 9.49956 0.338269
vt 9.78804 0.338269
f 277/618/285 308/706/311 310/707/313

vt 9.21109 0.338269
f 277/618/285 307/708/310 308/706/311

vt 8.92262 0.338269
f 277/618/285 306/709/309 307/708/310

vt 8.63415 0.338269
f 277/618/285 305/710/308 306/709/309

f 277/618/285 304/680/307 305/710/308

v -0.164214 0.578794 -0.00729002
vt 10.6534 0.38582
vn 0.711425 0.000961542 -0.702761
f 311/711/314 277/618/285 310/707/313

v -0.163211 0.564139 -0.00660389
vt 10.0765 -2.62661
vn 0.390759 1.37686e-09 -0.920493
vt 9.06667 -2.67443
vt 10.6534 -2.67443
f 312/712/315 277/713/285 311/714/314

v -0.163211 0.556812 -0.00660389
vt 9.78804 -2.62661
vn 0.35338 2.89024e-16 -0.93548
f 312/712/315 313/715/316 277/713/285

vt 10.0765 -5.34327
v -0.161976 0.560467 -0.00634998
vt 9.93192 -5.2936
vn 0.12135 3.10331e-09 -0.99261
vt 9.78804 -5.34327
f 312/716/315 314/717/317 313/718/316

v -0.161976 0.565962 -0.00634998
vt 10.1483 -5.2936
vn 0.101146 1.29332e-09 -0.994872
f 314/717/317 312/716/315 315/719/318

v -0.163211 0.571466 -0.00660389
vt 10.365 -5.34327
vn 0.35338 -8.28249e-10 -0.93548
f 315/719/318 312/716/315 316/720/319

vt 10.365 -2.62661
f 316/721/319 312/712/315 311/714/314

v -0.163211 0.578794 -0.00660389
vt 10.6534 -2.62661
vn 0.35338 2.66164e-16 -0.93548
f 317/722/320 316/721/319 311/714/314

vt 10.6534 -5.34327
v -0.161976 0.576952 -0.00634998
vt 10.581 -5.2936
vn 0.12135 -1.55165e-09 -0.99261
f 316/720/319 317/723/320 318/724/321

v -0.161976 0.582448 -0.00634998
vt 10.7973 -5.2936
vn 0.12135 1.8339e-16 -0.99261
f 318/724/321 317/723/320 319/725/322

v -0.163211 0.586121 -0.00660389
vt 10.9419 -5.34327
vn 0.379244 0.000899077 -0.925296
f 319/725/322 317/723/320 320/726/323

vt 10.9419 -2.62661
f 320/727/323 317/722/320 311/714/314

vt 11.0047 -2.77526
vt 10.7166 -2.82545
v -0.164227 0.58856 -0.00723724
vt 11.1011 -2.82159
vn 0.735152 -0.00554396 -0.677879
f 320/728/323 311/729/314 321/730/324

vt 11.0698 0.417305
vt 10.6853 0.414819
v -0.164877 0.578794 -0.0082992
vt 10.6854 0.367268
vn 0.927789 0.000700046 -0.373105
f 321/731/324 311/732/314 322/733/325

v -0.164877 0.571466 -0.0082992
vt 10.365 0.338269
vn 0.939882 1.60808e-07 -0.341499
vt 10.6534 0.338269
f 311/711/314 323/734/326 322/735/325

v -0.164877 0.564139 -0.0082992
vt 10.0765 0.338269
vn 0.939883 4.02723e-16 -0.341497
f 311/711/314 324/736/327 323/734/326

f 311/711/314 310/707/313 324/736/327

vt 10.0765 3.33638
f 310/703/313 38/705/39 324/737/327

v -0.16511 0.565962 -0.00948437
vt 10.1483 3.28882
vn 0.993235 3.12282e-07 -0.116121
f 38/705/39 325/738/328 324/737/327

vt 10.1483 4.6286
f 39/69/40 325/739/328 38/68/39

v -0.16511 0.576952 -0.00948437
vt 10.581 4.62861
vn 0.993235 -3.12285e-07 -0.116123
vt 10.1483 4.62861
vt 10.4268 4.48216
f 326/740/329 325/741/328 39/742/40

vt 10.1483 3.2888
vt 10.581 3.2888
vt 10.365 3.33635
f 325/743/328 326/744/329 323/745/326

vt 10.365 3.33632
vt 10.581 3.28877
vt 10.6534 3.33632
f 323/746/326 326/747/329 322/748/325

vt 10.581 3.28879
v -0.16511 0.582448 -0.00948437
vt 10.7973 3.28879
vn 0.993235 -6.24567e-07 -0.116121
vt 10.6534 3.33634
f 326/749/329 327/750/330 322/751/325

vt 10.4268 4.48217
vt 10.7973 4.62863
vt 10.581 4.62863
f 39/752/40 327/753/330 326/754/329

vt 10.7973 4.6286
v -0.16511 0.587943 -0.00948437
vt 11.0137 4.6286
vn 0.993235 3.92988e-16 -0.116121
f 327/755/330 39/69/40 328/756/331

f 39/69/40 41/71/42 328/756/331

v -0.164877 0.589784 -0.0082992
vt 11.0862 3.33638
vn 0.933848 -0.0104343 -0.357519
vt 11.0137 3.28882
vt 11.23 3.28882
f 329/757/332 328/758/331 41/759/42

v -0.164877 0.586121 -0.0082992
vt 10.9419 3.33638
vn 0.944191 4.06018e-16 -0.329399
f 328/758/331 329/757/332 330/760/333

vt 11.0379 0.64594
vt 10.9419 0.59692
vt 11.0862 0.59692
f 321/761/324 330/762/333 329/763/332

vt 10.6534 0.59692
f 322/764/325 330/762/333 321/761/324

vt 10.6534 3.33638
vt 10.7973 3.28882
f 322/765/325 327/766/330 330/760/333

f 330/760/333 327/766/330 328/758/331

vt 11.0079 0.588372
vt 11.056 0.539236
v -0.164466 0.593481 -0.00766052
vt 11.2017 0.568787
vn 0.774064 -0.0253104 -0.632601
f 321/767/324 329/768/332 331/769/334

vt 10.8878 2.02486
vt 10.8908 2.10097
vt 10.7446 2.07432
f 41/770/42 331/771/334 329/772/332

vt 6.58855 4.99063
vt 6.34177 4.9205
vn -0.00423014 0.999957 0.0082803
vt 6.36714 4.84868
f 43/773/46 331/774/335 41/775/44

v -0.163175 0.593438 -0.00658858
vt 6.469 4.33504
vn 0.00193753 0.999844 0.017553
vt 6.51983 4.29281
vt 6.7666 4.36298
f 332/776/336 331/777/335 43/778/46

v -0.163211 0.589784 -0.00660389
vt 11.0545 -1.9588
vn 0.397496 -0.00756306 -0.917573
vt 11.1998 -2.02392
vt 11.1984 -1.95786
vn 0.430146 -0.000495778 -0.902759
f 333/779/337 331/780/334 332/781/338

vt 10.562 -3.28636
vt 10.5108 -3.33031
vt 10.7033 -3.35968
f 333/782/337 321/783/324 331/784/334

vt 11.0862 -2.94687
vt 10.9419 -2.94687
vt 11.0379 -2.994
f 333/785/337 320/786/323 321/787/324

vt 11.0862 -5.34327
v -0.161976 0.587943 -0.00634998
vt 11.0137 -5.2936
vn 0.12135 8.2731e-13 -0.99261
f 333/788/337 334/789/339 320/726/323

v -0.161976 0.593438 -0.00634998
vt 11.23 -5.2936
vn 0.0796506 0.000435754 -0.996823
f 333/788/337 335/790/340 334/789/339

vt 11.3002 -5.20792
vt 11.1569 -5.25916
vt 11.3007 -5.25607
f 335/791/340 333/792/337 332/793/338

vt 6.42995 4.75376
vt 6.72755 4.78168
vt 6.38273 4.76316
vn 0.000149564 1 -0.000331806
f 332/794/336 43/795/46 335/796/341

v -0.161935 0.593438 7.70383e-09
vt 6.38174 5.00202
vn -0.00659386 0.999969 0.00428027
vt 6.38332 4.75202
vt 6.72815 4.77054
f 336/797/342 335/798/341 43/799/46

v -0.121485 0.593438 -0.00634998
vt 4.78637 4.752
vn 6.06414e-10 1 2.45402e-09
vt 6.38051 4.752
vt 6.37892 5.002
f 337/800/343 335/801/341 336/802/342

v -0.141739 0.575588 -0.00634998
vt 10.5272 -5.58378
vn 4.46211e-14 1.35293e-13 -1
vt 11.23 -6.38051
vt 11.23 -4.78637
vn 1.78613e-13 2.37357e-14 -1
f 338/803/344 335/804/340 337/805/345

v -0.151862 0.575588 -0.00634998
vt 10.5272 -5.98234
vn -6.37871e-10 -5.2206e-10 -1
f 335/804/340 338/803/344 339/806/346

v -0.151862 0.557728 -0.00634998
vt 9.82409 -5.98234
vn -2.84772e-10 1.04489e-09 -1
f 340/807/347 339/806/346 338/803/344

vt 10.1483 -6.38051
f 339/806/346 340/807/347 315/808/318

vt 9.93192 -6.38051
f 340/807/347 314/809/317 315/808/318

v -0.161976 0.554972 -0.00634998
vt 9.71558 -6.38051
vn 0.12135 1.82884e-16 -0.99261
f 340/807/347 341/810/348 314/809/317

v -0.161976 0.549476 -0.00634998
vt 9.49923 -6.38051
vn 0.0808997 1.70128e-16 -0.996722
f 342/811/349 341/810/348 340/807/347

vt 9.49923 -5.2936
v -0.163211 0.549485 -0.00660389
vt 9.49956 -5.34327
vn 0.328199 2.67471e-16 -0.944609
vt 9.71558 -5.2936
f 342/812/349 343/813/350 341/814/348

v -0.161976 0.543981 -0.00634998
vt 9.28288 -5.2936
vn 0.12135 1.85495e-16 -0.99261
f 344/815/351 343/813/350 342/812/349

v -0.163211 0.542158 -0.00660389
vt 9.21109 -5.34327
vn 0.35338 2.64344e-16 -0.93548
f 344/815/351 345/816/352 343/813/350

v -0.161976 0.538486 -0.00634998
vt 9.06654 -5.2936
vn 0.12135 1.83847e-16 -0.99261
f 345/816/352 344/815/351 346/817/353

v -0.151862 0.539868 -0.00634998
vt 9.12095 -5.98234
vn 6.71981e-15 1.38778e-16 -1
vt 9.06654 -6.38051
vt 9.28288 -6.38051
f 347/818/354 346/819/353 344/820/351

v -0.161976 0.532991 -0.00634998
vt 8.85019 -6.38051
vn 0.101146 -1.5858e-07 -0.994872
f 347/818/354 348/821/355 346/819/353

v -0.151862 0.522008 -0.00634998
vt 8.41779 -5.98234
vn -1.45174e-07 7.49023e-08 -1
f 348/821/355 347/818/354 349/822/356

f 349/822/356 347/818/354 338/803/344

f 347/818/354 340/807/347 338/803/344

f 340/807/347 347/818/354 342/811/349

f 347/818/354 344/820/351 342/811/349

v -0.151862 0.504148 -0.00634998
vt 7.71465 -5.98234
vn 7.09171e-09 -4.74388e-09 -1
f 350/823/357 349/822/356 338/803/344

v -0.161976 0.51101 -0.00634998
vt 7.98481 -6.38051
vn 0.101145 9.6277e-09 -0.994872
f 350/823/357 351/824/358 349/822/356

v -0.161976 0.50002 -0.00634998
vt 7.55212 -6.38051
vn 0.12135 -1.15508e-08 -0.99261
f 350/823/357 352/825/359 351/824/358

v -0.161976 0.494525 -0.00634998
vt 7.33577 -6.38051
vn 0.101146 -9.48501e-08 -0.994872
f 352/825/359 350/823/357 353/826/360

v -0.151862 0.486288 -0.00634998
vt 7.0115 -5.98234
vn -4.88344e-08 -1.99772e-08 -1
f 354/827/361 353/826/360 350/823/357

v -0.161976 0.489029 -0.00634998
vt 7.11942 -6.38051
vn 0.12135 -5.68981e-08 -0.99261
f 355/828/362 353/826/360 354/827/361

v -0.163211 0.490867 -0.00660389
vt 7.19178 -5.34327
vn 0.35338 -5.8404e-08 -0.93548
vt 7.33576 -5.2936
vt 7.11941 -5.2936
f 356/829/363 353/830/360 355/831/362

v -0.163211 0.498195 -0.00660389
vt 7.48026 -5.34327
vn 0.35338 2.25186e-16 -0.93548
vt 7.33577 -5.2936
vt 7.19179 -5.34327
f 357/832/364 353/833/360 356/834/363

vt 7.55212 -5.2936
f 353/833/360 357/832/364 352/835/359

v -0.163211 0.505522 -0.00660389
vt 7.76873 -5.34327
vn 0.35338 -5.91305e-09 -0.93548
f 352/835/359 357/832/364 358/836/365

vt 7.76873 -2.62661
vt 7.48026 -2.62661
f 277/713/285 358/837/365 357/838/364

v -0.163211 0.512849 -0.00660389
vt 8.05721 -2.62661
vn 0.35338 1.18261e-08 -0.93548
f 277/713/285 359/839/366 358/837/365

v -0.163211 0.520176 -0.00660389
vt 8.34568 -2.62661
vn 0.353381 1.95382e-07 -0.935479
f 360/840/367 359/839/366 277/713/285

vt 8.34568 -5.34327
v -0.161976 0.516505 -0.00634998
vt 8.20115 -5.2936
vn 0.12135 4.03618e-07 -0.99261
vt 8.05721 -5.34327
f 360/841/367 361/842/368 359/843/366

vt 8.34571 -5.34321
v -0.161976 0.522 -0.00634998
vt 8.41753 -5.29354
vn 0.121351 1.90259e-07 -0.99261
vt 8.20118 -5.29354
f 360/844/367 362/845/369 361/846/368

vt 8.4175 -5.29357
vt 8.34568 -5.34324
v -0.163211 0.527503 -0.00660389
vt 8.63415 -5.34324
vn 0.353381 -9.76903e-08 -0.935479
f 362/847/369 360/848/367 363/849/370

vt 8.63415 -2.62661
f 363/850/370 360/840/367 277/713/285

v -0.163211 0.534831 -0.00660389
vt 8.92262 -2.62661
vn 0.35338 2.56888e-16 -0.93548
f 364/851/371 363/850/370 277/713/285

vt 8.63415 -5.34327
vt 8.92262 -5.34327
vt 8.85019 -5.2936
f 363/852/370 364/853/371 348/854/355

f 364/853/371 346/817/353 348/854/355

f 345/816/352 346/817/353 364/853/371

vt 9.21109 -2.62661
f 345/855/352 364/851/371 277/713/285

vt 9.49956 -2.62661
f 343/856/350 345/855/352 277/713/285

f 313/715/316 343/856/350 277/713/285

f 343/813/350 313/718/316 341/814/348

f 313/718/316 314/717/317 341/814/348

vt 8.41748 -5.2936
vt 8.63413 -5.34328
vt 8.85018 -5.29361
f 362/857/369 363/858/370 348/859/355

vt 8.4175 -6.38051
f 348/821/355 349/822/356 362/860/369

vt 8.4178 -5.98234
vt 8.20116 -6.38051
f 349/861/356 361/862/368 362/860/369

vt 8.20115 -6.38051
f 361/863/368 349/822/356 351/824/358

vt 7.98481 -5.2936
vt 8.20116 -5.2936
f 351/864/358 359/843/366 361/865/368

f 358/836/365 359/843/366 351/864/358

vt 7.55211 -5.2936
f 352/866/359 358/836/365 351/864/358

vt 7.19179 -2.62661
f 357/838/364 356/867/363 277/713/285

v -0.163211 0.48354 -0.00660389
vt 6.90332 -2.62661
vn 0.35338 2.92021e-08 -0.93548
f 277/713/285 356/867/363 365/868/372

vt 6.90332 -5.34326
vt 7.19179 -5.34326
vt 7.11942 -5.29359
f 365/869/372 356/870/363 355/871/362

v -0.161976 0.478039 -0.00634998
vt 6.68673 -5.29359
vn 0.101146 4.74252e-08 -0.994872
vt 7.11943 -5.29359
f 366/872/373 365/869/372 355/873/362

vt 6.68673 -5.2936
v -0.163211 0.476213 -0.00660389
vt 6.61485 -5.34327
vn 0.35338 2.64169e-16 -0.93548
vt 6.90332 -5.34327
f 366/874/373 367/875/374 365/876/372

v -0.161976 0.472544 -0.00634998
vt 6.47038 -5.2936
vn 0.12135 1.83828e-16 -0.99261
f 367/875/374 366/874/373 368/877/375

v -0.151862 0.468428 -0.00634998
vt 6.30835 -5.98234
vn 5.93396e-14 1.38778e-16 -1
vt 6.47038 -6.38051
vt 6.68673 -6.38051
f 369/878/376 368/879/375 366/880/373

v -0.161976 0.467049 -0.00634998
vt 6.25404 -6.38051
vn 0.12135 1.80909e-16 -0.99261
f 368/879/375 369/878/376 370/881/377

v -0.161976 0.461553 -0.00634998
vt 6.03769 -6.38051
vn 0.0808997 1.6787e-16 -0.996722
f 370/881/377 369/878/376 371/882/378

v -0.151862 0.450568 -0.00634998
vt 5.6052 -5.98234
vn 5.18866e-14 1.38778e-16 -1
f 369/878/376 372/883/379 371/882/378

f 372/883/379 369/878/376 337/805/345

f 369/878/376 354/827/361 337/805/345

f 354/827/361 369/878/376 366/880/373

f 354/827/361 366/880/373 355/828/362

f 338/803/344 337/805/345 354/827/361

f 350/823/357 338/803/344 354/827/361

v -0.151862 0.432708 -0.00634998
vt 4.90205 -5.98234
f 373/884/376 372/883/379 337/805/345

v -0.161976 0.439573 -0.00634998
vt 5.17231 -6.38051
f 372/883/379 373/884/376 374/885/349

v -0.161976 0.434077 -0.00634998
vt 4.95596 -6.38051
vn 0.12135 1.86906e-16 -0.99261
f 374/885/349 373/884/376 375/886/380

v -0.161976 0.428582 -0.00634998
vt 4.73962 -6.38051
vn 0.12135 1.8474e-16 -0.99261
f 375/886/380 373/884/376 376/887/381

v -0.161976 0.423087 -0.00634998
vt 4.52327 -6.38051
vn 0.101146 -1.14637e-08 -0.994872
f 373/884/376 377/888/382 376/887/381

v -0.151862 0.414848 -0.00634998
vt 4.1989 -5.98234
vn -1.36996e-08 5.602e-09 -1
f 373/884/376 378/889/383 377/888/382

f 378/889/383 373/884/376 337/805/345

v -0.151862 0.396988 -0.00634998
vt 3.49575 -5.98234
vn 4.77055e-09 3.19325e-09 -1
f 379/890/384 378/889/383 337/805/345

v -0.161976 0.406601 -0.00634998
vt 3.87423 -6.38051
vn 0.101146 2.29273e-08 -0.994872
f 378/889/383 379/890/384 380/891/385

v -0.161976 0.401106 -0.00634998
vt 3.65788 -6.38051
vn 0.12135 7.85211e-09 -0.99261
f 379/890/384 381/892/386 380/891/385

v -0.161976 0.390116 -0.00634998
vt 3.22519 -6.38051
vn 0.101145 -6.54474e-09 -0.994872
f 382/893/387 381/892/386 379/890/384

vt 3.22519 -5.2936
v -0.163211 0.395614 -0.00660389
vt 3.44166 -5.34327
vn 0.390759 3.38439e-09 -0.920493
vt 3.65789 -5.2936
f 382/894/387 383/895/388 381/896/386

v -0.163211 0.388287 -0.00660389
vt 3.15319 -5.34327
vn 0.35338 -8.11653e-09 -0.93548
f 382/894/387 384/897/389 383/895/388

v -0.161976 0.384621 -0.00634998
vt 3.00884 -5.2936
vn 0.12135 -1.28299e-07 -0.99261
f 384/897/389 382/894/387 385/898/390

vt 3.00885 -6.38051
v -0.151862 0.379128 -0.00634998
vt 2.7926 -5.98234
vn -4.28628e-08 -2.51984e-08 -1
f 385/899/390 382/893/387 386/900/391

f 386/900/391 382/893/387 379/890/384

f 386/900/391 379/890/384 337/805/345

v -0.151862 0.361268 -0.00634998
vt 2.08945 -5.98234
f 387/901/376 386/900/391 337/805/345

v -0.161976 0.368135 -0.00634998
vt 2.35981 -6.38051
vn 0.101146 4.69243e-08 -0.994872
f 386/900/391 387/901/376 388/902/392

v -0.161976 0.36264 -0.00634998
vt 2.14346 -6.38051
vn 0.12135 1.84474e-16 -0.99261
f 387/901/376 389/903/393 388/902/392

v -0.161976 0.357145 -0.00634998
vt 1.92712 -6.38051
vn 0.12135 1.82602e-16 -0.99261
f 389/903/393 387/901/376 390/904/394

v -0.161976 0.35165 -0.00634998
vt 1.71077 -6.38051
f 391/905/378 390/904/394 387/901/376

vt 1.71077 -5.2936
v -0.163211 0.351651 -0.00660389
vt 1.71083 -5.34327
vn 0.328199 2.54586e-16 -0.944609
vt 1.92712 -5.2936
f 391/906/378 392/907/395 390/908/394

v -0.161976 0.346154 -0.00634998
vt 1.49442 -5.2936
vn 0.12135 1.84648e-16 -0.99261
f 393/909/396 392/907/395 391/906/378

v -0.163211 0.344324 -0.00660389
vt 1.42236 -5.34327
vn 0.35338 2.64704e-16 -0.93548
f 393/909/396 394/910/397 392/907/395

v -0.161976 0.340659 -0.00634998
vt 1.27808 -5.2936
vn 0.12135 -4.7904e-08 -0.99261
f 394/910/397 393/909/396 395/911/398

vt 1.27808 -6.38051
vt 1.49442 -6.38051
v -0.151862 0.343408 -0.00634998
vt 1.3863 -5.98234
vn -4.55456e-09 -1.67721e-08 -1
f 395/912/398 393/913/396 396/914/399

f 396/914/399 393/913/396 391/905/378

f 391/905/378 387/901/376 396/914/399

f 396/914/399 387/901/376 337/805/345

v -0.151862 0.325548 -0.00634998
vt 0.683149 -5.98234
vn -1.19618e-08 9.78377e-09 -1
f 396/914/399 337/805/345 397/915/400

v -0.151862 0.307688 -0.00634998
vt -0.0199999 -5.98234
vn 8.5564e-08 3.14943e-08 -1
f 398/916/401 397/915/400 337/805/345

v -0.161976 0.318678 -0.00634998
vt 0.412692 -6.38051
vn 0.101145 1.49789e-07 -0.994872
f 397/915/400 398/916/401 399/917/402

vt -0.0199979 -5.98234
v -0.161976 0.313183 -0.00634999
vt 0.196348 -6.3805
vn 0.121349 8.98543e-08 -0.99261
vt 0.412695 -6.3805
f 398/918/401 400/919/403 399/920/402

v -0.161976 0.302193 -0.00634998
vt -0.236348 -6.3805
vn 0.121349 -8.98548e-08 -0.99261
vt 0.196345 -6.3805
vt -0.020001 -5.98234
f 401/921/404 400/922/403 398/923/401

vt -0.236354 -5.2936
v -0.163211 0.307688 -0.00660389
vt -0.0200072 -5.34327
vn 0.353379 -4.61934e-08 -0.93548
vt 0.196338 -5.2936
f 401/924/404 402/925/405 400/926/403

vt -0.236347 -5.2936
v -0.163211 0.300361 -0.00660389
vt -0.308472 -5.34327
vn 0.35338 2.91738e-16 -0.93548
vt -0.0199999 -5.34327
f 401/927/404 403/928/406 402/929/405

v -0.161976 0.296698 -0.00634998
vt -0.452692 -5.2936
vn 0.101146 -1.87063e-07 -0.994872
f 403/928/406 401/927/404 404/930/407

vt -0.236347 -6.38051
vt -0.452692 -6.38051
f 401/931/404 398/916/401 404/932/407

v -0.151862 0.289828 -0.00634998
vt -0.72315 -5.98234
vn -1.05985e-07 -4.58944e-08 -1
f 404/932/407 398/916/401 405/933/408

f 405/933/408 398/916/401 337/805/345

v -0.151862 0.271968 -0.00634998
vt -1.4263 -5.98234
f 406/934/376 405/933/408 337/805/345

v -0.161976 0.280212 -0.00634998
vt -1.10173 -6.38051
vn 0.101146 9.35314e-08 -0.994872
f 405/933/408 406/934/376 407/935/409

v -0.161976 0.274717 -0.00634998
vt -1.31808 -6.38051
vn 0.12135 1.83172e-16 -0.99261
f 407/935/409 406/934/376 408/936/410

v -0.161976 0.269222 -0.00634998
vt -1.53442 -6.38051
vn 0.12135 1.81755e-16 -0.99261
f 409/937/411 408/936/410 406/934/376

v -0.163211 0.271052 -0.00660389
vt -1.46236 -5.34327
vn 0.35338 2.63181e-16 -0.93548
vt -1.31808 -5.2936
vt -1.53442 -5.2936
f 410/938/412 408/939/410 409/940/411

v -0.163211 0.278379 -0.00660389
vt -1.17389 -5.34327
vn 0.35338 2.64112e-16 -0.93548
f 411/941/413 408/939/410 410/938/412

vt -1.10173 -5.2936
f 408/939/410 411/941/413 407/942/409

v -0.163211 0.285706 -0.00660389
vt -0.885415 -5.34327
vn 0.35338 5.76794e-08 -0.93548
f 407/942/409 411/941/413 412/943/414

vt -0.885415 -2.62661
vt -1.17389 -2.62661
f 147/298/157 412/944/414 411/945/413

v -0.163211 0.293034 -0.00660389
vt -0.596943 -2.62661
vn 0.353381 -1.15359e-07 -0.93548
f 147/298/157 413/946/415 412/944/414

vt -0.308472 -2.62661
f 147/298/157 403/947/406 413/946/415

vt -0.0199999 -2.62661
f 402/948/405 403/947/406 147/298/157

v -0.163211 0.315015 -0.00660389
vt 0.268472 -2.62661
vn 0.353379 9.23865e-08 -0.93548
f 414/949/416 402/948/405 147/298/157

vt 0.268472 -5.34328
vt 0.196346 -5.29361
vt -0.0199999 -5.34328
f 414/950/416 400/951/403 402/952/405

vt 0.268486 -5.34327
vt 0.412707 -5.2936
vt 0.19636 -5.2936
f 414/953/416 399/954/402 400/955/403

vt 0.412692 -5.2936
vt 0.268472 -5.34327
v -0.163211 0.322342 -0.00660389
vt 0.556943 -5.34327
vn 0.35338 2.3884e-16 -0.93548
f 399/956/402 414/957/416 415/958/417

vt 0.556943 -2.62661
f 415/959/417 414/949/416 147/298/157

v -0.163211 0.32967 -0.00660389
vt 0.845415 -2.62661
vn 0.35338 1.23266e-08 -0.93548
f 147/298/157 416/960/418 415/959/417

v -0.163211 0.336997 -0.00660389
vt 1.13389 -2.62661
vn 0.35338 -2.46532e-08 -0.93548
f 147/298/157 417/961/419 416/960/418

vt 1.42236 -2.62661
f 147/298/157 394/962/397 417/961/419

vt 1.71083 -2.62661
f 147/298/157 392/963/395 394/962/397

v -0.163211 0.358978 -0.00660389
vt 1.9993 -2.62661
vn 0.35338 3.16708e-16 -0.93548
f 147/298/157 418/964/420 392/963/395

v -0.163211 0.366305 -0.00660389
vt 2.28777 -2.62661
vn 0.35338 3.17352e-16 -0.93548
f 147/298/157 419/965/421 418/964/420

v -0.163211 0.373633 -0.00660389
vt 2.57624 -2.62661
vn 0.35338 2.89539e-08 -0.93548
f 147/298/157 420/966/422 419/965/421

v -0.163211 0.38096 -0.00660389
vt 2.86472 -2.62661
vn 0.35338 -5.79079e-08 -0.93548
f 147/298/157 421/967/423 420/966/422

vt 3.15319 -2.62661
f 147/298/157 384/968/389 421/967/423

vt 3.44166 -2.62661
f 147/298/157 383/969/388 384/968/389

f 147/298/157 277/713/285 383/969/388

v -0.163211 0.402941 -0.00660389
vt 3.73013 -2.62661
vn 0.35338 1.58011e-16 -0.93548
f 277/713/285 422/970/424 383/969/388

v -0.163211 0.410269 -0.00660389
vt 4.0186 -2.62661
vn 0.35338 1.41952e-08 -0.93548
f 423/971/425 422/970/424 277/713/285

vt 3.87423 -5.2936
vt 3.73013 -5.34327
vt 4.0186 -5.34327
f 380/972/385 422/973/424 423/974/425

vt 3.65788 -5.2936
f 422/973/424 380/972/385 381/975/386

f 383/895/388 422/973/424 381/975/386

v -0.161976 0.412097 -0.00634998
vt 4.09058 -5.29359
vn 0.12135 1.37535e-08 -0.99261
vt 3.87423 -5.29359
f 423/974/425 424/976/426 380/977/385

vt 4.09058 -5.2936
v -0.163211 0.417596 -0.00660389
vt 4.30707 -5.34327
vn 0.35338 -7.09761e-09 -0.93548
f 424/978/426 423/974/425 425/979/427

vt 4.30707 -2.62661
f 425/980/427 423/971/425 277/713/285

v -0.163211 0.424923 -0.00660389
vt 4.59555 -2.62661
vn 0.35338 2.63914e-16 -0.93548
f 426/981/428 425/980/427 277/713/285

vt 4.59555 -5.34327
vt 4.52327 -5.2936
f 425/979/427 426/982/428 377/983/382

vt 4.73962 -5.2936
f 426/982/428 376/984/381 377/983/382

v -0.163211 0.43225 -0.00660389
vt 4.88402 -5.34327
vn 0.35338 1.59287e-16 -0.93548
f 427/985/429 376/984/381 426/982/428

vt 4.95596 -5.2936
f 376/984/381 427/985/429 375/986/380

v -0.163211 0.439577 -0.00660389
vt 5.17249 -5.34327
vn 0.328199 1.68921e-16 -0.944609
f 375/986/380 427/985/429 428/987/430

vt 5.17249 -2.62661
vt 4.88402 -2.62661
f 277/713/285 428/988/430 427/989/429

v -0.163211 0.446904 -0.00660389
vt 5.46096 -2.62661
vn 0.35338 1.58688e-16 -0.93548
f 277/713/285 429/990/431 428/988/430

v -0.163211 0.454232 -0.00660389
vt 5.74943 -2.62661
vn 0.35338 1.3262e-16 -0.93548
f 430/991/432 429/990/431 277/713/285

vt 5.46096 -5.34327
vt 5.74943 -5.34327
v -0.161976 0.450563 -0.00634998
vt 5.605 -5.2936
vn 0.12135 1.84185e-16 -0.99261
f 429/992/431 430/993/432 431/994/433

v -0.161976 0.456058 -0.00634998
vt 5.82135 -5.2936
vn 0.12135 1.85212e-16 -0.99261
f 430/993/432 432/995/434 431/994/433

v -0.163211 0.461559 -0.00660389
vt 6.0379 -5.34327
vn 0.328199 2.32626e-16 -0.944609
f 432/995/434 430/993/432 433/996/435

vt 6.0379 -2.62661
f 277/713/285 433/997/435 430/991/432

v -0.163211 0.468886 -0.00660389
vt 6.32638 -2.62661
vn 0.35338 2.63275e-16 -0.93548
f 277/713/285 434/998/436 433/997/435

vt 6.61485 -2.62661
f 277/713/285 367/999/374 434/998/436

f 277/713/285 365/868/372 367/999/374

vt 6.32638 -5.34327
f 367/875/374 368/877/375 434/1000/436

vt 6.25404 -5.2936
f 434/1000/436 368/877/375 370/1001/377

f 433/996/435 434/1000/436 370/1001/377

vt 6.03769 -5.2936
f 371/1002/378 433/996/435 370/1001/377

f 432/995/434 433/996/435 371/1002/378

vt 5.82135 -6.38051
f 372/883/379 432/1003/434 371/882/378

vt 5.605 -6.38051
f 372/883/379 431/1004/433 432/1003/434

v -0.161976 0.445068 -0.00634998
vt 5.38865 -6.38051
vn 0.12135 1.82637e-16 -0.99261
f 435/1005/437 431/1004/433 372/883/379

vt 5.38865 -5.2936
f 435/1006/437 429/992/431 431/994/433

f 428/987/430 429/992/431 435/1006/437

vt 5.17231 -5.2936
f 374/1007/349 428/987/430 435/1006/437

f 375/986/380 428/987/430 374/1007/349

f 372/883/379 374/885/349 435/1005/437

f 427/989/429 426/981/428 277/713/285

f 424/978/426 425/979/427 377/983/382

vt 4.09058 -6.38051
f 378/889/383 424/1008/426 377/888/382

f 380/891/385 424/1008/426 378/889/383

vt 3.00885 -5.2936
vt 2.86472 -5.34327
f 384/897/389 385/1009/390 421/1010/423

v -0.161976 0.379125 -0.00634998
vt 2.79249 -5.2936
vn 0.12135 -5.62978e-08 -0.99261
vt 2.86471 -5.34327
f 436/1011/438 421/1012/423 385/898/390

vt 2.57624 -5.34326
vt 2.86472 -5.34326
vt 2.7925 -5.29359
f 420/1013/422 421/1014/423 436/1015/438

vt 2.35981 -5.29359
vt 2.57625 -5.34326
f 388/1016/392 420/1017/422 436/1015/438

vt 2.35981 -5.2936
vt 2.28777 -5.34327
vt 2.57624 -5.34327
f 388/1018/392 419/1019/421 420/1020/422

vt 2.14346 -5.2936
f 389/1021/393 419/1019/421 388/1018/392

vt 1.9993 -5.34327
f 419/1019/421 389/1021/393 418/1022/420

f 418/1022/420 389/1021/393 390/908/394

f 392/907/395 418/1022/420 390/908/394

vt 2.7925 -6.38051
f 386/900/391 388/902/392 436/1023/438

vt 3.00884 -6.38051
f 386/900/391 436/1023/438 385/1024/390

vt 1.13389 -5.34327
f 394/910/397 395/911/398 417/1025/419

vt 1.13388 -5.34327
vt 1.27807 -5.2936
v -0.161976 0.335164 -0.00634998
vt 1.06173 -5.2936
vn 0.101146 -1.99641e-08 -0.994872
f 417/1026/419 395/1027/398 437/1028/439

vt 1.06173 -6.38051
f 396/914/399 437/1029/439 395/912/398

f 396/914/399 397/915/400 437/1029/439

v -0.161976 0.324174 -0.00634998
vt 0.629038 -6.38051
vn 0.12135 2.39521e-08 -0.99261
f 438/1030/440 437/1029/439 397/915/400

vt 0.62904 -5.2936
vt 0.845417 -5.34327
f 438/1031/440 416/1032/418 437/1028/439

vt 0.629038 -5.2936
vt 0.845415 -5.34327
f 438/1033/440 415/958/417 416/1034/418

f 438/1033/440 399/956/402 415/958/417

f 397/915/400 399/917/402 438/1030/440

vt 1.13389 -5.34326
vt 1.06173 -5.29359
vt 0.845415 -5.34326
f 417/1035/419 437/1036/439 416/1037/418

vt -0.596943 -5.34327
f 403/928/406 404/930/407 413/1038/415

v -0.161976 0.291202 -0.00634998
vt -0.669056 -5.29359
vn 0.12135 -1.12215e-07 -0.99261
vt -0.596961 -5.34326
vt -0.45271 -5.29359
f 439/1039/441 413/1040/415 404/1041/407

vt -0.885415 -5.34325
vt -0.596943 -5.34325
vt -0.669038 -5.29358
f 412/1042/414 413/1043/415 439/1044/441

vt -1.10172 -5.29359
vt -0.885406 -5.34326
vt -0.669029 -5.29359
f 407/1045/409 412/1046/414 439/1047/441

vt -0.723149 -5.98234
vt -0.669037 -6.38051
f 405/1048/408 407/935/409 439/1049/441

vt -0.723153 -5.98234
vt -0.669041 -6.38051
vt -0.452695 -6.38051
f 405/1050/408 439/1051/441 404/1052/407

vt -1.46236 -2.62661
f 147/298/157 411/945/413 410/1053/412

v -0.163211 0.263725 -0.00660389
vt -1.75083 -2.62661
vn 0.328199 2.57027e-16 -0.944609
f 147/298/157 410/1053/412 440/1054/442

vt -1.75083 -5.34327
f 440/1055/442 410/938/412 409/940/411

v -0.161976 0.263726 -0.00634998
vt -1.75077 -5.2936
f 441/1056/349 440/1055/442 409/940/411

v -0.161976 0.258231 -0.00634998
vt -1.96712 -5.2936
vn 0.12135 1.87258e-16 -0.99261
f 442/1057/443 440/1055/442 441/1056/349

v -0.163211 0.256398 -0.00660389
vt -2.0393 -5.34327
vn 0.35338 2.63453e-16 -0.93548
f 442/1057/443 443/1058/444 440/1055/442

v -0.161976 0.252736 -0.00634998
vt -2.18346 -5.2936
vn 0.12135 1.83513e-16 -0.99261
f 443/1058/444 442/1057/443 444/1059/445

v -0.151862 0.254108 -0.00634998
vt -2.12945 -5.98234
vt -2.18346 -6.38051
vt -1.96712 -6.38051
f 445/1060/376 444/1061/445 442/1062/443

v -0.161976 0.247241 -0.00634998
vt -2.39981 -6.38051
vn 0.101146 8.65788e-11 -0.994872
f 446/1063/446 444/1061/445 445/1060/376

v -0.163211 0.249071 -0.00660389
vt -2.32777 -5.34327
vn 0.35338 2.63277e-16 -0.93548
vt -2.39981 -5.2936
f 447/1064/447 444/1059/445 446/1065/446

f 443/1058/444 444/1059/445 447/1064/447

vt -2.0393 -2.62661
vt -2.32777 -2.62661
f 443/1066/444 447/1067/447 147/298/157

v -0.163211 0.241743 -0.00660389
vt -2.61624 -2.62661
vn 0.35338 5.33782e-11 -0.93548
f 447/1067/447 448/1068/448 147/298/157

vt -2.61624 -5.34327
f 448/1069/448 447/1064/447 446/1065/446

v -0.161976 0.23625 -0.00634998
vt -2.8325 -5.2936
vn 0.12135 -1.03873e-10 -0.99261
f 449/1070/449 448/1069/448 446/1065/446

v -0.163211 0.234416 -0.00660389
vt -2.90472 -5.34327
vn 0.35338 -1.06756e-10 -0.93548
f 449/1070/449 450/1071/450 448/1069/448

v -0.161976 0.230755 -0.00634998
vt -3.04885 -5.2936
vn 0.12135 -2.07746e-10 -0.99261
f 450/1071/450 449/1070/449 451/1072/451

vt -3.04885 -6.38051
vt -2.8325 -6.38051
v -0.151862 0.236248 -0.00634998
vt -2.8326 -5.98234
vn 7.9214e-11 -3.64232e-11 -1
f 451/1073/451 449/1074/449 452/1075/452

f 452/1075/452 449/1074/449 446/1063/446

f 445/1060/376 452/1075/452 446/1063/446

f 452/1075/452 445/1060/376 337/805/345

f 445/1060/376 406/934/376 337/805/345

vt -1.75077 -6.38051
f 445/1060/376 441/1076/349 406/934/376

f 442/1062/443 441/1076/349 445/1060/376

f 409/937/411 406/934/376 441/1076/349

v -0.151862 0.218388 -0.00634998
vt -3.53575 -5.98234
vn -7.99223e-12 3.12397e-12 -1
f 453/1077/453 452/1075/452 337/805/345

v -0.161976 0.22526 -0.00634998
vt -3.26519 -6.38051
vn 0.101146 -6.36425e-12 -0.994872
f 452/1075/452 453/1077/453 454/1078/454

v -0.161976 0.21427 -0.00634998
vt -3.69788 -6.38051
vn 0.12135 7.63591e-12 -0.99261
f 453/1077/453 455/1079/455 454/1078/454

v -0.161976 0.208775 -0.00634998
vt -3.91423 -6.38051
vn 0.101146 -1.14261e-07 -0.994872
f 453/1077/453 456/1080/456 455/1079/455

v -0.151862 0.200528 -0.00634998
vt -4.2389 -5.98234
vn -6.85695e-08 -2.80392e-08 -1
f 453/1077/453 457/1081/457 456/1080/456

f 457/1081/457 453/1077/453 337/805/345

v -0.151862 0.182668 -0.00634998
vt -4.94205 -5.98234
vn -1.84373e-14 3.91341e-15 -1
f 458/1082/458 457/1081/457 337/805/345

v -0.161976 0.192289 -0.00634998
vt -4.56327 -6.38051
vn 0.101146 5.71372e-08 -0.994872
f 457/1081/457 458/1082/458 459/1083/459

v -0.161976 0.186794 -0.00634998
vt -4.77962 -6.38051
vn 0.12135 1.82738e-16 -0.99261
f 458/1082/458 460/1084/460 459/1083/459

v -0.161976 0.181299 -0.00634998
vt -4.99596 -6.38051
vn 0.12135 1.81226e-16 -0.99261
f 458/1082/458 461/1085/461 460/1084/460

v -0.161976 0.175803 -0.00634998
vt -5.21231 -6.38051
vn 0.0808997 1.68999e-16 -0.996722
f 462/1086/462 461/1085/461 458/1082/458

vt -5.21231 -5.2936
v -0.163211 0.175799 -0.00660389
vt -5.21249 -5.34327
vn 0.328199 2.34115e-16 -0.944609
vt -4.99596 -5.2936
f 462/1087/462 463/1088/463 461/1089/461

v -0.161976 0.170308 -0.00634998
vt -5.42865 -5.2936
vn 0.12135 1.86094e-16 -0.99261
f 464/1090/464 463/1088/463 462/1087/462

v -0.163211 0.168472 -0.00660389
vt -5.50096 -5.34327
vn 0.35338 2.3921e-16 -0.93548
f 464/1090/464 465/1091/465 463/1088/463

v -0.161976 0.164813 -0.00634998
vt -5.645 -5.2936
vn 0.12135 1.84886e-16 -0.99261
f 465/1091/465 464/1090/464 466/1092/466

vt -5.645 -6.38051
vt -5.42865 -6.38051
v -0.151862 0.164808 -0.00634998
vt -5.6452 -5.98234
vn 8.38798e-13 -5.73649e-14 -1
f 466/1093/466 464/1094/464 467/1095/467

f 467/1095/467 464/1094/464 462/1086/462

f 458/1082/458 467/1095/467 462/1086/462

v 0.121463 0.593438 -0.00634998
vt 11.23 4.77849
vn 2.32699e-12 1.44396e-12 -1
f 467/1095/467 458/1082/458 468/1096/468

f 458/1082/458 337/805/345 468/1096/468

v -0.121434 0.593438 7.70342e-09
vt 4.78436 5.002
vn 1.32323e-09 1 2.08517e-08
vt -4.77849 4.752
vn 1.47647e-05 1 0.000172121
f 469/1097/469 468/1098/470 337/800/343

v 0.121578 0.593438 7.70378e-09
vt -4.78301 5.002
vn 1.96831e-05 1 -0.000395622
f 469/1097/469 470/1099/471 468/1098/470

vt -11.23 4.78301
vn -9.87749e-13 2.97873e-13 1
vt -11.23 -4.78436
vn 9.56542e-12 3.95414e-12 1
v -0.141693 0.522008 7.70383e-09
vt -8.41779 -5.58199
vn 7.06933e-09 2.59687e-09 1
f 470/1100/472 469/1101/473 471/1102/474

v -0.141693 0.557728 7.70383e-09
vt -9.82409 -5.58199
vn 5.03507e-12 9.70848e-13 1
f 469/1101/473 472/1103/475 471/1102/474

vt -11.23 -6.37892
vn -0.0731626 0.00417205 0.997311
f 469/1101/473 336/1104/476 472/1103/475

f 336/802/342 469/1097/469 337/800/343

v -0.161935 0.577109 7.70383e-09
vt -10.5871 -6.37892
vn -0.0581378 4.34442e-14 0.998309
f 472/1103/475 336/1104/476 473/1105/477

v -0.163771 0.582457 -0.000178444
vt -10.7977 -5.93743
vn -0.169876 0.00417209 0.985457
vt -10.5871 -5.86484
vt -11.23 -5.86484
f 474/1106/478 473/1107/477 336/1108/476

v -0.163771 0.571466 -0.000178444
vt -10.365 -5.93743
vn -0.18667 -0.0021742 0.98242
f 475/1109/479 473/1107/477 474/1106/478

v -0.161935 0.560781 7.70383e-09
vt -9.94429 -5.86484
vn -0.0900936 -0.00219077 0.995931
f 476/1110/480 473/1107/477 475/1109/479

vt -9.94429 -6.37892
f 473/1105/477 476/1111/480 472/1103/475

v -0.161935 0.544452 7.70383e-09
vt -9.30143 -6.37892
vn -0.0967877 5.26947e-09 0.995305
f 477/1112/481 472/1103/475 476/1111/480

f 471/1102/474 472/1103/475 477/1112/481

v -0.161935 0.511795 8.21247e-09
vt -8.01571 -6.37892
vn -0.0967878 -5.26947e-09 0.995305
f 471/1102/474 477/1112/481 478/1113/482

v -0.165537 0.527503 -0.000707115
vt -8.63415 -5.44019
vn -0.341499 3.23686e-09 0.939882
vt -8.01571 -5.29569
vt -9.30143 -5.29569
f 479/1114/483 478/1115/482 477/1116/481

vt -8.63415 -5.44018
v -0.165537 0.505522 -0.000707115
vt -7.76873 -5.44018
vn -0.341499 -6.47372e-09 0.939882
f 479/1117/483 480/1118/484 478/1115/482

vt -9.49958 -2.86016
vt -7.76873 -2.71566
vt -8.63415 -2.71566
f 55/1119/62 480/1120/484 479/1121/483

v -0.165537 0.48354 -0.000707115
vt -6.90332 -2.71566
vn -0.341499 -2.70538e-16 0.939882
f 55/1119/62 481/1122/485 480/1120/484

v -0.165537 0.461559 -0.000707115
vt -6.0379 -2.71566
vn -0.316848 -2.5281e-16 0.948476
f 55/1119/62 482/1123/486 481/1122/485

v -0.165537 0.439577 -0.000707115
vt -5.17249 -2.71566
vn -0.341499 -3.00486e-16 0.939882
f 55/1119/62 483/1124/487 482/1123/486

v -0.165537 0.417596 -0.000707115
vt -4.30707 -2.71566
vn -0.378116 4.23596e-10 0.925758
f 55/1119/62 484/1125/488 483/1124/487

vt 9.53956 -2.86016
vt -4.30707 -2.71567
f 60/1126/67 484/1127/488 55/1119/62

v -0.165537 0.395614 -0.000707115
vt -3.44166 -2.71567
vn -0.316848 -1.85078e-16 0.948476
f 60/1126/67 485/1128/489 484/1127/488

v -0.165537 0.373633 -0.000707115
vt -2.57624 -2.71567
vn -0.341499 -2.19071e-16 0.939882
f 60/1126/67 486/1129/490 485/1128/489

v -0.165537 0.351651 -0.000707115
vt -1.71083 -2.71567
vn -0.341499 -2.20395e-16 0.939882
f 60/1126/67 487/1130/491 486/1129/490

v -0.165537 0.32967 -0.000707115
vt -0.845415 -2.71567
vn -0.316848 -2.19393e-16 0.948476
f 60/1126/67 488/1131/492 487/1130/491

v -0.165537 0.307688 -0.000707115
vt 0.0199999 -2.71567
vn -0.341499 -1.79387e-16 0.939882
f 60/1126/67 489/1132/493 488/1131/492

v -0.165537 0.285706 -0.000707115
vt 0.885415 -2.71567
vn -0.316848 -2.17793e-16 0.948476
f 60/1126/67 490/1133/494 489/1132/493

v -0.165537 0.263725 -0.000707115
vt 1.75083 -2.71567
vn -0.341499 -2.38567e-16 0.939882
f 60/1126/67 491/1134/495 490/1133/494

v -0.165537 0.241743 -0.000707115
vt 2.61624 -2.71567
vn -0.341499 -2.18704e-16 0.939882
f 60/1126/67 492/1135/496 491/1134/495

v -0.165537 0.219762 -0.000707115
vt 3.48166 -2.71567
vn -0.316848 -2.16755e-16 0.948476
f 60/1126/67 493/1136/497 492/1135/496

v -0.165537 0.19778 -0.000707115
vt 4.34707 -2.71567
vn -0.341499 -2.39814e-16 0.939882
f 60/1126/67 494/1137/498 493/1136/497

v -0.165537 0.175799 -0.000707115
vt 5.21249 -2.71567
vn -0.341499 -2.60221e-16 0.939882
f 60/1126/67 495/1138/499 494/1137/498

v -0.165537 0.153817 -0.000707115
vt 6.0779 -2.71567
vn -0.316848 -2.43557e-16 0.948476
f 60/1126/67 496/1139/500 495/1138/499

v -0.165537 0.131836 -0.000707115
vt 6.94332 -2.71567
vn -0.341499 -2.39933e-16 0.939882
f 497/1140/501 496/1139/500 60/1126/67

vt 6.0779 -5.44019
vt 6.94332 -5.44019
v -0.161935 0.136238 7.70383e-09
vt 6.77 -5.29569
vn -0.116123 -1.80856e-16 0.993235
f 496/1141/500 497/1142/501 498/1143/502

v -0.161935 0.119909 7.70383e-09
vt 7.41286 -5.29569
vn -0.116123 1.18299e-09 0.993235
f 497/1142/501 499/1144/503 498/1143/502

v -0.165537 0.109854 -0.000707115
vt 7.80873 -5.44019
vn -0.341499 6.08952e-10 0.939882
f 497/1142/501 500/1145/504 499/1144/503

vt 7.80873 -2.71567
f 497/1140/501 60/1126/67 500/1146/504

v -0.165537 0.0878726 -0.000707115
vt 8.67415 -2.71567
vn -0.341499 -3.04476e-10 0.939882
f 500/1146/504 60/1126/67 501/1147/505

v -0.165537 0.0658911 -0.000707115
vt 9.53956 -2.71567
vn -0.346429 0.00256372 0.938073
f 60/1126/67 502/1148/506 501/1147/505

vt 9.61901 -2.61699
vt 9.62049 -2.76148
v -0.167171 0.0364991 -0.00154365
vt 10.7769 -2.67693
vn -0.55608 -0.0024221 0.831126
f 502/1149/506 60/1150/67 503/1151/507

vt 9.53491 -1.96424
vt 11.2646 -1.99199
vt 10.6921 -1.89179
f 60/1152/67 100/1153/103 503/1154/507

vt 11.2996 0.290687
vt 9.56982 0.31224
vt 9.5702 0.166925
f 100/1155/103 60/1156/67 92/1157/93

vt 9.53956 0.142211
vt 8.67415 0.142211
f 92/1158/93 60/117/67 91/1159/92

v -0.170688 0.109854 -0.00576926
vt 7.80873 0.142211
vn -0.935479 -3.99362e-16 0.353382
f 91/1159/92 60/117/67 504/1160/508

f 60/117/67 72/129/79 504/1160/508

vt 7.80873 3.324
f 504/1161/508 72/131/79 74/133/81

v -0.17146 0.103581 -0.00952459
vt 8.05571 3.17306
vn -0.99261 -3.92826e-16 0.121352
f 74/133/81 505/1162/509 504/1161/508

vt 7.895 4.042
vt 8.05571 4.62702
f 74/136/81 86/1163/9 505/1164/509

f 74/136/81 75/135/9 86/1163/9

f 90/166/59 505/1164/509 86/1163/9

f 505/1162/509 90/167/59 91/169/92

f 505/1162/509 91/169/92 504/1161/508

f 87/164/9 90/166/59 86/1163/9

v -0.165578 0.0219528 -0.000723655
vt 11.0812 -2.78302
vn -0.36363 -0.00660993 0.93152
vt 10.507 -2.83966
vt 11.0771 -2.95236
f 506/1165/510 503/1166/507 100/1167/103

vt 10.6981 -3.59614
vt 11.2707 -3.52551
vt 9.5409 -3.52409
f 503/1168/507 506/1169/510 502/1170/506

vt 11.2674 -4.81858
v -0.163771 0.0439095 -0.000178444
vt 10.4029 -4.74399
vn -0.186674 0.0021741 0.98242
vt 9.5375 -4.81631
f 506/1171/510 507/1172/511 502/1173/506

vt 10.405 -4.73382
vt 11.2694 -4.80815
v -0.163771 0.0329188 -0.000178444
vt 10.8377 -4.73382
vn -0.169881 -0.00417233 0.985456
f 507/1174/511 506/1175/510 508/1176/512

vt 10.2498 -6.23039
vt 10.674 -6.34013
vt 10.6867 -6.19447
vn -0.0731642 -0.00417229 0.997311
f 508/1177/512 506/1178/510 103/1179/513

vt -6.31937 4.9332
vt -6.46278 4.90471
vn -0.00527592 -0.999968 0.00607879
vt -6.60198 4.80818
f 103/1180/108 506/1181/514 100/1182/105

vt 10.8377 -5.93743
vt 11.27 -5.86484
v -0.161935 0.0382666 7.70383e-09
vt 10.6271 -5.86484
vn -0.0581378 -2.31215e-13 0.998309
f 508/1183/512 103/1184/513 509/1185/515

v -0.141693 0.057648 7.70383e-09
vt 9.86409 -5.58199
vn 2.51191e-13 -1.55486e-13 1
vt 10.6271 -6.37892
vt 11.27 -6.37892
f 510/1186/516 509/1187/515 103/1188/513

v -0.161935 0.0545951 7.70383e-09
vt 9.98429 -6.37892
vn -0.0900936 0.00219077 0.995931
f 509/1187/515 510/1186/516 511/1189/517

v -0.161935 0.0709237 7.70383e-09
vt 9.34143 -6.37892
vn -0.0967877 -4.93005e-10 0.995305
f 511/1189/517 510/1186/516 512/1190/518

v -0.141693 0.093368 7.70383e-09
vt 8.4578 -5.58199
vn 7.89256e-10 -2.89827e-10 1
f 510/1186/516 513/1191/519 512/1190/518

v -0.121434 0.021938 7.70381e-09
vt 11.27 -4.78436
vn 4.21556e-13 -1.29673e-13 1
f 514/1192/520 513/1191/519 510/1186/516

v -0.141693 0.129088 7.70383e-09
vt 7.0515 -5.58199
vn 1.46474e-10 4.14038e-10 1
f 514/1192/520 515/1193/521 513/1191/519

v -0.141693 0.164808 7.70383e-09
vt 5.6452 -5.58199
vn 8.33177e-14 -6.63046e-16 1
f 514/1192/520 516/1194/522 515/1193/521

v 0.141837 0.093368 7.70383e-09
vt 8.4578 5.58063
vn 1.16251e-09 4.27056e-10 1
f 516/1194/522 514/1192/520 517/1195/523

v 0.121578 0.021938 7.70381e-09
vt 11.27 4.78301
vn -4.23012e-13 -2.55929e-13 1
f 518/1196/524 517/1195/523 514/1192/520

v 0.141837 0.057648 7.70383e-09
vt 9.86409 5.58063
vn -3.29222e-13 -1.96481e-13 1
f 519/1197/525 517/1195/523 518/1196/524

v 0.162079 0.0709237 7.70383e-09
vt 9.34143 6.37757
vn 0.101145 6.093e-09 0.994872
f 517/1195/523 519/1197/525 520/1198/526

v 0.162079 0.0545951 7.70383e-09
vt 9.98429 6.37757
vn 0.0941495 0.00238374 0.995555
f 521/1199/527 520/1198/526 519/1197/525

v 0.16582 0.0658911 -0.000768546
vt -9.53956 -5.39076
vn 0.330189 0.00168736 0.943913
vt -9.34143 -5.24041
vt -9.98429 -5.24041
f 522/1200/528 520/1201/526 521/1202/527

v 0.16582 0.0878726 -0.000768547
vt -8.67415 -5.39076
vn 0.351233 1.25149e-08 0.936288
f 520/1201/526 522/1200/528 523/1203/529

vt -9.53956 -2.62083
v 0.168871 0.0220003 -0.00283088
vt -11.2675 -2.7658
vn 0.721687 -1.20389e-05 0.692219
vt -8.67415 -2.62083
f 522/1204/528 524/1205/530 523/1206/529

vt -11.2617 -2.81922
vt -9.53382 -2.67299
v 0.165715 0.021905 -0.00072431
vt -11.2656 -2.66985
vn 0.353377 -0.00569151 0.935464
f 524/1207/530 522/1208/528 525/1209/531

vt -9.54524 -4.75929
v 0.163989 0.0329188 -0.000194115
vt -10.8433 -4.68265
vn 0.19918 -0.00328356 0.979957
vt -11.277 -4.75339
f 522/1210/528 526/1211/532 525/1212/531

vt -9.53956 -4.73771
v 0.163989 0.0439095 -0.000194115
vt -10.405 -4.66215
vn 0.167647 0.00297947 0.985843
vt -10.8377 -4.66215
f 522/1213/528 527/1214/533 526/1215/532

vt -10.8372 -4.78218
vt -9.97914 -4.9175
vt -10.4123 -4.73645
f 527/1216/533 522/1217/528 521/1218/527

vt -9.98429 -5.83894
v 0.162079 0.0382666 7.70383e-09
vt -10.6271 -5.83894
vn 0.0607612 -2.87598e-13 0.998152
vt -10.405 -5.9145
f 521/1219/527 528/1220/534 527/1221/533

vt 10.6271 6.37757
f 521/1199/527 519/1197/525 528/1222/534

v 0.162079 0.021938 7.70382e-09
vt 11.27 6.37757
vn 0.0743378 -0.00416613 0.997224
f 529/1223/535 528/1222/534 519/1197/525

vt -10.8377 -5.9145
vt -11.27 -5.83894
f 526/1224/532 528/1220/534 529/1225/535

f 528/1220/534 526/1224/532 527/1221/533

vt -10.6888 -6.18841
vt -10.6779 -6.33396
vt -10.2516 -6.22742
f 529/1226/535 525/1227/531 526/1228/532

vt 6.66583 5.91181
vn -0.00553007 -0.999595 -0.0279269
vt 6.93305 5.79997
vn -0.00584481 -0.999754 -0.0214085
vt 6.80896 5.8832
vn -0.025676 -0.996175 -0.0835251
f 529/1229/536 524/1230/537 525/1231/538

vt 6.27474 5.00406
v 0.161953 0.021938 -0.00634998
vt 6.26976 4.75406
vn 0.00165488 -0.999991 0.00398804
vt 6.54212 4.8926
f 529/1232/536 530/1233/539 524/1234/537

vt 6.37259 4.752
vt 6.37757 5.002
vt 4.78301 5.002
vn -1.66753e-11 -1 -1.74759e-10
f 530/1235/539 529/1236/536 518/1237/540

f 529/1223/535 519/1197/525 518/1196/524

v 0.121462 0.021938 -0.00634998
vt 4.77845 4.752
vn -1.36401e-11 -1 -2.35604e-10
f 518/1237/540 531/1238/541 530/1235/539

vt -4.78436 5.002
vn 2.44553e-13 -1 -2.09739e-10
f 531/1238/541 518/1237/540 514/1239/542

f 104/204/109 531/1238/541 514/1239/542

vt -11.27 4.77845
vn -5.46319e-12 -1.84035e-12 -1
f 531/1240/543 104/207/112 105/206/111

f 468/1096/468 531/1240/543 105/206/111

v 0.151839 0.271968 -0.00634998
vt -1.4263 5.97442
vn 6.76968e-09 2.49321e-08 -1
f 531/1240/543 468/1096/468 532/1241/544

v 0.151839 0.289828 -0.00634998
vt -0.72315 5.97442
vn 2.03223e-08 -1.66215e-08 -1
f 532/1241/544 468/1096/468 533/1242/545

v 0.151839 0.307688 -0.00634998
vt -0.0199999 5.97442
vn 1.89028e-07 -6.95772e-08 -1
f 468/1096/468 534/1243/546 533/1242/545

v 0.151839 0.325548 -0.00634998
vt 0.683149 5.97442
vn -2.02236e-08 -1.65416e-08 -1
f 468/1096/468 535/1244/547 534/1243/546

v 0.151839 0.343408 -0.00634998
vt 1.3863 5.97442
vn -7.70016e-09 2.8357e-08 -1
f 468/1096/468 536/1245/548 535/1244/547

v 0.151839 0.361268 -0.00634998
vt 2.08945 5.97442
vn 3.96302e-13 1.38778e-16 -1
f 468/1096/468 537/1246/549 536/1245/548

v 0.151839 0.379128 -0.00634998
vt 2.7926 5.97442
vn -1.52205e-07 7.00369e-08 -1
f 468/1096/468 538/1247/550 537/1246/549

v 0.151839 0.396988 -0.00634998
vt 3.49575 5.97442
vn -2.10115e-07 8.14207e-08 -1
f 468/1096/468 539/1248/551 538/1247/550

v 0.151839 0.414848 -0.00634998
vt 4.1989 5.97442
vn -1.99295e-07 -8.14952e-08 -1
f 468/1096/468 540/1249/552 539/1248/551

v 0.151839 0.432708 -0.00634998
vt 4.90205 5.97442
vn 2.07056e-13 -6.04921e-14 -1
f 540/1249/552 468/1096/468 541/1250/553

v 0.151839 0.450568 -0.00634998
vt 5.6052 5.97442
vn 3.46728e-13 1.38782e-16 -1
f 541/1250/553 468/1096/468 542/1251/554

v 0.151839 0.468428 -0.00634998
vt 6.30835 5.97442
f 468/1096/468 543/1252/549 542/1251/554

v 0.151839 0.486288 -0.00634998
vt 7.0115 5.97442
vn 2.00837e-07 -8.21581e-08 -1
f 468/1096/468 544/1253/555 543/1252/549

v 0.151839 0.504148 -0.00634998
vt 7.71465 5.97442
vn -2.52979e-08 -1.69227e-08 -1
f 468/1096/468 545/1254/556 544/1253/555

v 0.151839 0.522008 -0.00634998
vt 8.41779 5.97442
vn 3.06019e-07 1.69753e-07 -1
f 545/1254/556 468/1096/468 546/1255/557

v 0.151839 0.539868 -0.00634998
vt 9.12095 5.97442
f 468/1096/468 547/1256/549 546/1255/557

v 0.151839 0.557728 -0.00634998
vt 9.82409 5.97442
vn 6.93231e-13 2.9489e-13 -1
f 548/1257/558 547/1256/549 468/1096/468

v 0.161953 0.549476 -0.00634998
vt 9.49923 6.37259
vn -0.0774171 1.1146e-16 -0.996999
f 547/1256/549 548/1257/558 549/1258/559

v 0.161953 0.554972 -0.00634998
vt 9.71558 6.37259
vn -0.116126 9.68731e-17 -0.993235
f 548/1257/558 550/1259/560 549/1258/559

v 0.161953 0.560467 -0.00634998
vt 9.93192 6.37259
vn -0.116126 9.46224e-17 -0.993235
f 550/1259/560 548/1257/558 551/1260/561

v 0.161953 0.565962 -0.00634998
vt 10.1483 6.37259
vn -0.0967903 3.53259e-07 -0.995305
f 548/1257/558 552/1261/562 551/1260/561

v 0.151839 0.575588 -0.00634998
vt 10.5272 5.97442
vn 3.44199e-07 -1.49088e-07 -1
f 553/1262/563 552/1261/562 548/1257/558

vt 10.5272 5.97443
v 0.161953 0.576952 -0.00634997
vt 10.581 6.37259
vn -0.116129 -4.23835e-07 -0.993234
f 552/1261/562 553/1263/563 554/1264/564

v 0.161953 0.582448 -0.00634998
vt 10.7973 6.37259
vn -0.116127 -8.47666e-07 -0.993234
f 555/1265/565 554/1264/564 553/1263/563

vt -10.5809 -5.33769
vt -10.7972 -5.3377
v 0.163139 0.578794 -0.00658289
vt -10.6534 -5.38529
vn -0.373109 0.000700291 -0.927787
f 554/1266/564 555/1267/565 556/1268/566

vt -10.6534 -5.38521
vt -10.7973 -5.33762
v 0.163139 0.586121 -0.00658289
vt -10.9419 -5.38521
vn -0.329406 4.65939e-18 -0.944188
f 556/1269/566 555/1270/565 557/1271/567

v 0.161953 0.587943 -0.00634998
vt -11.0137 -5.33762
vn -0.116126 8.69158e-11 -0.993235
f 557/1271/567 555/1270/565 558/1272/568

vt 11.0137 6.37259
f 553/1262/563 558/1273/568 555/1265/565

v 0.161953 0.593438 -0.00634998
vt 11.23 6.37259
vn -0.10416 -0.00902526 -0.99452
f 553/1262/563 559/1274/569 558/1273/568

v 0.141716 0.575588 -0.00634998
vt 10.5272 5.57586
vn 8.62865e-12 2.52335e-11 -1
f 553/1262/563 560/1275/570 559/1274/569

f 560/1275/570 553/1262/563 548/1257/558

f 468/1096/468 560/1275/570 548/1257/558

f 559/1274/569 560/1275/570 468/1096/468

v 0.168401 0.593435 -0.00233447
vt -6.62644 4.90235
vn -0.00421698 0.999922 -0.0117263
vt -6.37259 4.74426
vn -0.0119453 0.976092 0.217028
vt -4.77849 4.74426
f 561/1276/571 559/1277/572 468/1278/470

v 0.170845 0.593437 -0.00585694
vt -6.72166 4.76528
vn 0.0078997 0.99569 0.0924017
vt -6.37158 4.74587
vt -6.62543 4.90396
f 562/1279/573 559/1280/572 561/1281/571

vt -7.20453 -3.00286
v 0.163165 0.593832 -0.00678315
vt -6.90313 -3.04925
vn 0.0206214 0.969968 0.242358
vt -6.85478 -3.02756
f 562/1282/573 563/1283/574 559/1284/572

v 0.164851 0.593438 -0.00828657
vt -5.6509 6.66325
vn 0.0361199 0.995406 -0.0886697
vt -5.58355 6.72339
vt -5.88625 6.76043
f 564/1285/575 563/1286/574 562/1287/573

v 0.164836 0.589784 -0.00825021
vt -11.0408 -1.77972
vn -0.903398 -0.0180154 -0.428424
vt -11.2006 -1.693
vn -0.595207 -0.0483549 -0.802117
vt -11.1847 -1.78187
vn -0.868264 -0.00129304 -0.496101
f 565/1288/576 563/1289/577 564/1290/578

vt -10.1569 -1.11124
v 0.164202 0.58856 -0.00723347
vt -10.1123 -1.06064
vn -0.674834 -0.0190161 -0.737725
vt -10.3234 -1.03822
f 565/1291/576 566/1292/579 563/1293/577

vt -11.0862 0.537406
v 0.164836 0.586121 -0.00825021
vt -10.9419 0.537406
vn -0.925295 0.000899517 -0.379247
vt -11.0379 0.584577
f 565/1294/576 567/1295/580 566/1296/579

vt -11.0862 3.27609
v 0.16509 0.587943 -0.00948708
vt -11.0137 3.22637
vn -0.992609 -3.59898e-16 -0.121354
vt -10.9419 3.27609
f 565/1297/576 568/1298/581 567/1299/580

v 0.16509 0.593438 -0.00948708
vt -11.23 3.22637
vn -0.996823 0.000437087 -0.0796508
f 565/1297/576 569/1300/582 568/1298/581

vt -11.2444 3.27708
vt -11.1005 3.32673
vt -11.2444 3.32527
f 569/1301/582 565/1302/576 564/1303/578

vt -6.49425 4.62813
vn 5.48176e-05 1 0.000108447
vt -6.48485 4.67539
vt -6.72082 4.77104
f 569/1304/583 564/1305/575 562/1306/573

vt -6.72267 4.76812
v 0.171567 0.593438 -0.00948751
vt -6.75109 4.62518
vn -5.50325e-07 1 9.75441e-05
vt -6.49609 4.6252
f 562/1307/573 570/1308/584 569/1309/583

vt 11.1146 3.33176
vn 0.923905 0.00826299 0.382534
v 0.171389 0.582457 -0.00765957
vt 10.6821 3.2594
vn 0.981094 0.0033514 0.193505
vt 11.1142 3.18602
vn 0.995211 0.00554852 0.0975921
f 562/1310/585 571/1311/586 570/1312/587

v 0.170863 0.549485 -0.00590011
vt 9.49885 2.62709
vn 0.940765 -0.00223078 0.339053
vt 10.797 2.55474
vt 11.2292 2.62886
f 572/1313/588 571/1314/586 562/1315/585

vt 9.49956 2.64161
v 0.171389 0.571466 -0.00765957
vt 10.365 2.5693
vn 0.987036 -0.00272753 0.160477
vt 10.7977 2.5693
f 572/1316/588 573/1317/589 571/1318/586

v 0.171567 0.560781 -0.00948751
vt 10.0181 3.50942
vn 0.995931 -0.00218216 0.0900956
vt 10.4387 3.58232
vt 9.57306 3.65249
f 574/1319/590 573/1320/589 572/1321/588

vt 9.94429 3.95329
v 0.171567 0.577109 -0.00948751
vt 10.5871 3.95329
vn 0.998825 3.71737e-16 0.0484529
vt 10.365 4.0256
f 574/1322/590 575/1323/591 573/1324/589

vt 9.94429 4.62848
v 0.171567 0.564863 -0.024384
vt 10.105 4.042
vn 1 3.79184e-16 -2.83962e-16
vt 10.5871 4.62848
f 574/1325/590 576/1326/592 575/1327/591

v 0.171567 0.544452 -0.00948751
vt 9.30143 4.62848
vn 0.995305 1.33121e-12 0.0967886
f 574/1325/590 577/1328/593 576/1326/592

vt 9.30143 3.24103
vt 9.94429 3.24103
vt 9.49956 3.38497
f 577/1329/593 574/1330/590 572/1331/588

v 0.170863 0.527503 -0.00590011
vt 8.63415 3.38497
vn 0.948476 2.59393e-12 0.31685
f 572/1331/588 578/1332/594 577/1329/593

v 0.168854 0.549485 -0.00284539
vt 9.49959 0.435501
vn 0.711401 -0.000282267 0.702787
vt 8.63415 0.291569
vt 9.49956 0.291569
f 579/1333/595 578/1334/594 572/1335/588

v 0.170863 0.505522 -0.00590011
vt 7.76873 0.291569
vn 0.939881 2.99524e-16 0.341501
f 579/1333/595 580/1336/596 578/1334/594

v 0.170863 0.48354 -0.00590011
vt 6.90332 0.291569
vn 0.939881 2.8876e-16 0.341501
f 579/1333/595 581/1337/597 580/1336/596

v 0.170863 0.461559 -0.00590011
vt 6.0379 0.291569
vn 0.948476 3.07397e-16 0.31685
f 579/1333/595 582/1338/598 581/1337/597

v 0.170863 0.439577 -0.00590011
vt 5.17249 0.291569
vn 0.939881 3.29294e-16 0.341501
f 579/1333/595 583/1339/599 582/1338/598

v 0.170863 0.417596 -0.00590011
vt 4.30707 0.291569
vn 0.939881 3.29145e-16 0.341501
f 579/1333/595 584/1340/600 583/1339/599

v 0.170863 0.395614 -0.00590011
vt 3.44166 0.291569
vn 0.939881 6.46623e-10 0.341501
f 579/1333/595 585/1341/601 584/1340/600

v 0.170863 0.373633 -0.00590011
vt 2.57624 0.291569
vn 0.939881 -1.29324e-09 0.341501
f 579/1333/595 586/1342/602 585/1341/601

v 0.170863 0.351651 -0.00590011
vt 1.71083 0.291569
vn 0.939881 -3.49385e-12 0.341501
f 579/1333/595 587/1343/603 586/1342/602

v 0.170863 0.32967 -0.00590011
vt 0.845415 0.291569
vn 0.939881 1.74733e-12 0.341501
f 579/1333/595 588/1344/604 587/1343/603

v 0.170863 0.307688 -0.00590011
vt -0.0199999 0.291569
vn 0.939881 2.68213e-16 0.341501
f 579/1333/595 589/1345/605 588/1344/604

v 0.170863 0.285706 -0.00590011
vt -0.885415 0.291569
vn 0.939881 -9.66287e-13 0.341501
f 579/1333/595 590/1346/606 589/1345/605

v 0.170863 0.263725 -0.00590011
vt -1.75083 0.291569
vn 0.939881 1.9333e-12 0.341501
f 579/1333/595 591/1347/607 590/1346/606

v 0.170863 0.241743 -0.00590011
vt -2.61624 0.291569
vn 0.939881 -4.81062e-12 0.341501
f 579/1333/595 592/1348/608 591/1347/607

v 0.170863 0.219762 -0.00590011
vt -3.48166 0.291569
vn 0.926367 7.01912e-06 0.376622
f 579/1333/595 593/1349/609 592/1348/608

vt -11.2679 0.466639
vt -3.48199 0.322375
vt 9.49926 0.465957
f 524/1350/530 593/1351/609 579/1352/595

vt -11.2675 0.484739
v 0.170863 0.19778 -0.00590011
vt -4.34707 0.340685
vn 0.940686 3.91611e-16 0.339279
vt -3.48166 0.340685
f 524/1353/530 594/1354/610 593/1355/609

v 0.170863 0.175799 -0.00590011
vt -5.21249 0.340685
vn 0.940686 4.11381e-16 0.339279
f 524/1353/530 595/1356/611 594/1354/610

v 0.170863 0.153817 -0.00590011
vt -6.0779 0.340685
vn 0.949093 3.66064e-16 0.314996
f 524/1353/530 596/1357/612 595/1356/611

v 0.170863 0.131836 -0.00590011
vt -6.94332 0.340685
vn 0.940686 3.51001e-16 0.339279
f 597/1358/613 596/1357/612 524/1353/530

vt -6.0779 3.38497
vt -6.94332 3.38497
v 0.171567 0.136238 -0.00948751
vt -6.77 3.24103
vn 0.993235 3.60989e-16 0.116124
f 596/1359/612 597/1360/613 598/1361/614

v 0.171567 0.119909 -0.00948751
vt -7.41286 3.24103
vn 0.995305 3.64803e-16 0.0967886
f 597/1360/613 599/1362/615 598/1361/614

v 0.170863 0.109854 -0.00590011
vt -7.80873 3.38497
vn 0.940686 3.40326e-16 0.339279
f 597/1360/613 600/1363/616 599/1362/615

vt -7.80873 0.340685
f 597/1358/613 524/1353/530 600/1364/616

v 0.170863 0.0878726 -0.00590011
vt -8.67415 0.340685
vn 0.949093 3.41525e-16 0.314996
f 600/1364/616 524/1353/530 601/1365/617

v 0.170863 0.0658911 -0.00590011
vt -9.53956 0.340685
vn 0.945463 0.00186018 0.325724
f 524/1353/530 602/1366/618 601/1365/617

vt -11.2692 0.465924
v 0.170845 0.0219393 -0.00585693
vt -11.2716 0.323668
vn 0.942936 -0.00415984 0.332949
vt -9.54122 0.321638
f 524/1367/530 603/1368/619 602/1369/618

vt 6.73326 4.55027
vn 0.00433351 -0.999989 0.00203609
vt 6.65552 4.66943
vt 6.38317 4.53086
f 603/1370/620 524/1371/537 530/1372/539

vt 6.37131 4.74559
v 0.163153 0.021938 -0.00658878
vt 6.41858 4.73619
vn -0.00124564 -0.999889 0.0148493
vt 6.7214 4.765
f 530/1373/539 604/1374/621 603/1375/620

vt 11.2432 -5.36927
vn -0.0779082 0.000164118 -0.996961
v 0.163139 0.0255916 -0.00658289
vt 11.0992 -5.41627
vn -0.378497 1.97407e-06 -0.925603
vt 11.243 -5.41746
vn -0.501938 0.0238192 -0.864575
f 530/1376/622 605/1377/623 604/1378/624

vt 11.1262 -5.38521
vt 11.27 -5.33762
v 0.161953 0.0274332 -0.00634998
vt 11.0537 -5.33762
vn -0.116126 1.24099e-12 -0.993235
f 605/1379/623 530/1380/622 606/1381/625

v 0.151839 0.039788 -0.00634998
vt -10.5672 5.97442
vn -1.03001e-08 -4.46179e-09 -1
vt -11.0537 6.37259
vt -11.27 6.37259
f 607/1382/626 606/1383/625 530/1384/622

v 0.161953 0.0329284 -0.00634998
vt -10.8373 6.37259
vn -0.116126 -2.54068e-08 -0.993235
f 607/1382/626 608/1385/627 606/1383/625

v 0.161953 0.0384236 -0.00634998
vt -10.621 6.37259
vn -0.116126 -1.27034e-08 -0.993235
f 608/1385/627 607/1382/626 609/1386/628

v 0.161953 0.049414 -0.00634998
vt -10.1883 6.37259
vn -0.0967896 1.05882e-08 -0.995305
f 609/1386/628 607/1382/626 610/1387/629

v 0.151839 0.057648 -0.00634998
vt -9.86409 5.97442
vn -2.79894e-12 1.18957e-12 -1
f 610/1387/629 607/1382/626 611/1388/630

v 0.141716 0.039788 -0.00634998
vt -10.5672 5.57586
vn -5.35145e-12 1.54054e-12 -1
f 612/1389/631 611/1388/630 607/1382/626

f 612/1389/631 531/1240/543 611/1388/630

f 530/1384/622 531/1240/543 612/1389/631

f 612/1389/631 607/1382/626 530/1384/622

v 0.151839 0.075508 -0.00634998
vt -9.16094 5.97442
vn -1.60078e-12 1.38778e-16 -1
f 531/1240/543 613/1390/632 611/1388/630

v 0.151839 0.093368 -0.00634998
vt -8.4578 5.97442
vn 9.42602e-10 6.71584e-09 -1
f 531/1240/543 614/1391/633 613/1390/632

v 0.151839 0.111228 -0.00634998
vt -7.75465 5.97442
vn 6.23541e-09 -4.17233e-09 -1
f 531/1240/543 615/1392/634 614/1391/633

v 0.151839 0.129088 -0.00634998
vt -7.0515 5.97442
vn 5.77168e-10 2.36873e-10 -1
f 531/1240/543 616/1393/635 615/1392/634

v 0.151839 0.146948 -0.00634998
vt -6.34835 5.97442
f 531/1240/543 617/1394/632 616/1393/635

v 0.151839 0.164808 -0.00634998
vt -5.6452 5.97442
vn -1.40072e-12 1.38778e-16 -1
f 531/1240/543 618/1395/636 617/1394/632

v 0.151839 0.182668 -0.00634998
vt -4.94205 5.97442
f 531/1240/543 619/1396/632 618/1395/636

v 0.151839 0.200528 -0.00634998
vt -4.2389 5.97442
vn -1.00119e-07 4.09398e-08 -1
f 531/1240/543 620/1397/637 619/1396/632

v 0.151839 0.218388 -0.00634998
vt -3.53575 5.97442
vn 1.30248e-10 5.1195e-11 -1
f 531/1240/543 621/1398/638 620/1397/637

v 0.151839 0.236248 -0.00634998
vt -2.8326 5.97442
vn 4.53155e-10 2.09258e-10 -1
f 531/1240/543 622/1399/639 621/1398/638

v 0.151839 0.254108 -0.00634998
vt -2.12945 5.97442
f 531/1240/543 623/1400/632 622/1399/639

f 531/1240/543 532/1241/544 623/1400/632

v 0.161953 0.263726 -0.00634998
vt -1.75077 6.37259
f 623/1400/632 532/1241/544 624/1401/559

v 0.161953 0.269222 -0.00634998
vt -1.53442 6.37259
vn -0.116126 9.63746e-17 -0.993235
f 624/1401/559 532/1241/544 625/1402/640

v 0.161953 0.274717 -0.00634998
vt -1.31808 6.37259
vn -0.116126 8.11091e-08 -0.993235
f 532/1241/544 626/1403/641 625/1402/640

v 0.161953 0.280212 -0.00634998
vt -1.10173 6.37259
vn -0.09679 3.38017e-08 -0.995305
f 532/1241/544 627/1404/642 626/1403/641

f 532/1241/544 533/1242/545 627/1404/642

v 0.161953 0.291202 -0.00634998
vt -0.669038 6.37259
vn -0.116126 -4.05546e-08 -0.993235
vt -0.723151 5.97442
f 628/1405/643 627/1404/642 533/1406/545

v 0.163139 0.285706 -0.00658289
vt 0.885418 -5.38521
vn -0.3415 -2.08e-08 -0.939882
vt 1.10173 -5.33761
vt 0.669041 -5.33761
f 629/1407/644 627/1408/642 628/1409/643

v 0.163139 0.278379 -0.00658289
vt 1.17389 -5.3852
vn -0.3415 4.16e-08 -0.939882
vt 0.885415 -5.3852
f 630/1410/645 627/1408/642 629/1411/644

vt 1.17388 -5.38521
vt 1.31807 -5.33761
vt 1.10172 -5.33761
f 630/1412/645 626/1413/641 627/1414/642

v 0.163139 0.271052 -0.00658289
vt 1.46236 -5.38521
vn -0.341499 -2.40931e-17 -0.939882
vt 1.31808 -5.33762
vt 1.17389 -5.38521
f 631/1415/646 626/1416/641 630/1417/645

vt 1.53442 -5.33762
f 631/1415/646 625/1418/640 626/1416/641

v 0.163139 0.263725 -0.00658289
vt 1.75083 -5.38521
vn -0.316849 3.57218e-17 -0.948476
f 632/1419/647 625/1418/640 631/1415/646

vt 1.75077 -5.33762
f 632/1419/647 624/1420/559 625/1418/640

v 0.161953 0.258231 -0.00634998
vt 1.96712 -5.33762
vn -0.116126 9.34226e-17 -0.993235
f 633/1421/648 624/1420/559 632/1419/647

vt -1.96712 6.37259
f 633/1422/648 623/1400/632 624/1401/559

v 0.161953 0.252736 -0.00634998
vt -2.18346 6.37259
vn -0.116126 9.2553e-17 -0.993235
f 634/1423/649 623/1400/632 633/1422/648

v 0.161953 0.247241 -0.00634998
vt -2.39981 6.37259
vn -0.0967897 -4.96513e-10 -0.995305
f 634/1423/649 635/1424/650 623/1400/632

v 0.163139 0.249071 -0.00658289
vt 2.32777 -5.38521
vn -0.341499 -2.46333e-17 -0.939882
vt 2.39981 -5.33762
vt 2.18346 -5.33762
f 636/1425/651 635/1426/650 634/1427/649

v 0.163139 0.241743 -0.00658289
vt 2.61624 -5.38521
vn -0.341499 -3.05552e-10 -0.939882
f 637/1428/652 635/1426/650 636/1425/651

v 0.161953 0.23625 -0.00634998
vt 2.8325 -5.33762
vn -0.116126 5.95704e-10 -0.993235
f 637/1428/652 638/1429/653 635/1426/650

v 0.163139 0.234416 -0.00658289
vt 2.90472 -5.38521
vn -0.378116 5.09645e-10 -0.925758
f 639/1430/654 638/1429/653 637/1428/652

v 0.161953 0.230755 -0.00634998
vt 3.04885 -5.33762
vn -0.116126 1.19141e-09 -0.993235
f 639/1430/654 640/1431/655 638/1429/653

v 0.163139 0.227089 -0.00658289
vt 3.19319 -5.38521
vn -0.341499 1.82764e-18 -0.939882
f 641/1432/656 640/1431/655 639/1430/654

v 0.161953 0.22526 -0.00634998
vt 3.26519 -5.33762
vn -0.0967897 -1.04116e-10 -0.995305
f 641/1432/656 642/1433/657 640/1431/655

v 0.163139 0.219762 -0.00658289
vt 3.48166 -5.38521
vn -0.341499 -6.40707e-11 -0.939882
f 643/1434/658 642/1433/657 641/1432/656

v 0.161953 0.21427 -0.00634998
vt 3.69788 -5.33762
vn -0.116126 1.24916e-10 -0.993235
f 643/1434/658 644/1435/659 642/1433/657

v 0.163139 0.212435 -0.00658289
vt 3.77013 -5.38521
vn -0.341499 1.28141e-10 -0.939882
f 645/1436/660 644/1435/659 643/1434/658

v 0.161953 0.208775 -0.00634998
vt 3.91423 -5.33762
vn -0.0967895 1.66728e-07 -0.995305
f 645/1436/660 646/1437/661 644/1435/659

v 0.163139 0.205107 -0.00658289
vt 4.0586 -5.38521
vn -0.341499 1.02473e-07 -0.939882
f 647/1438/662 646/1437/661 645/1436/660

vt 4.05859 -5.38523
v 0.161953 0.203279 -0.00634999
vt 4.13056 -5.33764
vn -0.116125 9.9893e-08 -0.993235
vt 3.91421 -5.33763
f 647/1439/662 648/1440/663 646/1441/661

v 0.163139 0.19778 -0.00658289
vt 4.34707 -5.38522
vn -0.341499 -5.12364e-08 -0.939882
vt 4.13058 -5.33763
vt 4.0586 -5.38522
f 649/1442/664 648/1443/663 647/1444/662

v 0.161953 0.192289 -0.00634998
vt 4.56328 -5.33762
vn -0.0967895 -8.32602e-08 -0.995305
vt 4.13059 -5.33762
vt 4.34708 -5.38521
f 650/1445/665 648/1446/663 649/1447/664

vt -4.56327 6.37258
vt -4.13058 6.37258
f 650/1448/665 620/1397/637 648/1449/663

vt -4.56327 6.37259
f 650/1450/665 619/1396/632 620/1397/637

v 0.161953 0.186794 -0.00634998
vt -4.77962 6.37259
vn -0.116126 9.34636e-17 -0.993235
f 619/1396/632 650/1450/665 651/1451/666

v 0.163139 0.190453 -0.00658289
vt 4.63555 -5.38521
vn -0.341499 -4.13885e-19 -0.939882
vt 4.77962 -5.33762
vt 4.56327 -5.33762
f 652/1452/667 651/1453/666 650/1454/665

v 0.163139 0.183126 -0.00658289
vt 4.92402 -5.38521
vn -0.341499 8.14036e-18 -0.939882
f 653/1455/668 651/1453/666 652/1452/667

v 0.161953 0.181299 -0.00634998
vt 4.99596 -5.33762
vn -0.116126 9.69114e-17 -0.993235
f 653/1455/668 654/1456/669 651/1453/666

v 0.163139 0.175799 -0.00658289
vt 5.21249 -5.38521
vn -0.316849 1.90226e-17 -0.948476
f 655/1457/670 654/1456/669 653/1455/668

v 0.161953 0.175803 -0.00634998
vt 5.21231 -5.33762
f 655/1457/670 656/1458/559 654/1456/669

v 0.161953 0.170308 -0.00634998
vt 5.42865 -5.33762
vn -0.116126 9.31543e-17 -0.993235
f 657/1459/671 656/1458/559 655/1457/670

vt -5.42865 6.37259
vt -5.21231 6.37259
f 657/1460/671 618/1395/636 656/1461/559

v 0.161953 0.164813 -0.00634998
vt -5.645 6.37259
vn -0.116126 9.36314e-17 -0.993235
f 658/1462/672 618/1395/636 657/1460/671

v 0.161953 0.159318 -0.00634998
vt -5.86135 6.37259
vn -0.116126 9.60679e-17 -0.993235
f 618/1395/636 658/1462/672 659/1463/673

v 0.163139 0.161144 -0.00658289
vt 5.78943 -5.38521
vn -0.341499 2.12685e-18 -0.939882
vt 5.86135 -5.33762
vt 5.645 -5.33762
f 660/1464/674 659/1465/673 658/1466/672

v 0.163139 0.153817 -0.00658289
vt 6.0779 -5.38521
vn -0.352011 -2.80855e-13 -0.935996
f 661/1467/675 659/1465/673 660/1464/674

v 0.161953 0.153823 -0.00634998
vt 6.07769 -5.33762
vn -0.0774171 1.10233e-16 -0.996999
f 661/1467/675 662/1468/676 659/1465/673

v 0.161953 0.148327 -0.00634998
vt 6.29404 -5.33762
vn -0.116126 9.28092e-17 -0.993235
f 663/1469/677 662/1468/676 661/1467/675

vt -6.07769 6.37259
vt -6.29404 6.37259
f 662/1470/676 663/1471/677 617/1394/632

v 0.161953 0.142832 -0.00634998
vt -6.51038 6.37259
vn -0.116126 9.37939e-17 -0.993235
f 663/1471/677 664/1472/678 617/1394/632

v 0.163139 0.14649 -0.00658289
vt 6.36638 -5.38521
vn -0.341499 -7.90567e-20 -0.939882
vt 6.51038 -5.33762
f 665/1473/679 664/1474/678 663/1469/677

v 0.163139 0.139163 -0.00658289
vt 6.65485 -5.38521
vn -0.341499 1.59206e-18 -0.939882
f 666/1475/680 664/1474/678 665/1473/679

v 0.161953 0.137337 -0.00634998
vt 6.72673 -5.33762
vn -0.0967897 -4.81746e-10 -0.995305
f 666/1475/680 667/1476/681 664/1474/678

v 0.163139 0.131836 -0.00658289
vt 6.94332 -5.38521
vn -0.341499 -2.96463e-10 -0.939882
f 668/1477/682 667/1476/681 666/1475/680

v 0.161953 0.126347 -0.00634998
vt 7.15942 -5.33762
vn -0.116126 5.77986e-10 -0.993235
f 668/1477/682 669/1478/683 667/1476/681

v 0.163139 0.124509 -0.00658289
vt 7.23179 -5.38521
vn -0.341499 5.92926e-10 -0.939882
f 670/1479/684 669/1478/683 668/1477/682

v 0.161953 0.120851 -0.00634998
vt 7.37577 -5.33762
vn -0.0967897 9.63492e-10 -0.995305
f 670/1479/684 671/1480/685 669/1478/683

v 0.163139 0.117181 -0.00658289
vt 7.52026 -5.38521
vn -0.341499 8.05528e-17 -0.939882
f 672/1481/686 671/1480/685 670/1479/684

v 0.161953 0.115356 -0.00634998
vt 7.59212 -5.33762
vn -0.116126 -1.01807e-08 -0.993235
f 672/1481/686 673/1482/687 671/1480/685

v 0.163139 0.109854 -0.00658289
vt 7.80873 -5.38521
vn -0.341499 -5.22192e-09 -0.939882
f 674/1483/688 673/1482/687 672/1481/686

v 0.161953 0.104366 -0.00634998
vt 8.02481 -5.33761
vn -0.0967897 8.48552e-09 -0.995305
vt 7.59212 -5.33761
f 674/1483/688 675/1484/689 673/1485/687

v 0.163139 0.102527 -0.00658289
vt 8.09721 -5.38521
vn -0.341499 1.04438e-08 -0.939882
f 676/1486/690 675/1484/689 674/1483/688

vt 8.0972 -5.38521
v 0.161953 0.0988707 -0.00634998
vt 8.24115 -5.33762
vn -0.116126 1.7875e-08 -0.993235
vt 8.02481 -5.33762
f 676/1487/690 677/1488/691 675/1489/689

v 0.163139 0.0951998 -0.00658289
vt 8.38568 -5.38521
vn -0.341499 -1.27531e-09 -0.939882
f 678/1490/692 677/1488/691 676/1486/690

v 0.161953 0.0933755 -0.00634998
vt 8.4575 -5.33762
vn -0.116126 -1.2432e-09 -0.993235
f 678/1490/692 679/1491/693 677/1488/691

v 0.163139 0.0878726 -0.00658289
vt 8.67415 -5.38521
vn -0.341499 6.37654e-10 -0.939882
f 680/1492/694 679/1491/693 678/1490/692

v 0.161953 0.0823851 -0.00634998
vt 8.89019 -5.33762
vn -0.0967897 1.0362e-09 -0.995305
f 681/1493/695 679/1491/693 680/1492/694

vt -8.4575 6.37259
vt -8.89019 6.37259
f 614/1391/633 679/1494/693 681/1495/695

vt -8.24115 6.37259
f 614/1391/633 677/1496/691 679/1494/693

vt -8.02481 6.37259
vt -8.45779 5.97442
f 675/1497/689 677/1496/691 614/1498/633

f 614/1391/633 615/1392/634 675/1497/689

vt -7.59212 6.37259
f 675/1497/689 615/1392/634 673/1499/687

vt -7.37577 6.37259
f 673/1499/687 615/1392/634 671/1500/685

f 616/1393/635 671/1500/685 615/1392/634

vt -7.15942 6.37259
f 616/1393/635 669/1501/683 671/1500/685

vt -6.72673 6.37259
f 616/1393/635 667/1502/681 669/1501/683

f 616/1393/635 617/1394/632 667/1502/681

f 667/1502/681 617/1394/632 664/1472/678

f 613/1390/632 614/1391/633 681/1495/695

v 0.161953 0.0768899 -0.00634998
vt -9.10654 6.37259
vn -0.116126 9.3872e-17 -0.993235
f 681/1495/695 682/1503/696 613/1390/632

v 0.163139 0.0805454 -0.00658289
vt 8.96262 -5.38521
vn -0.341499 -1.31054e-17 -0.939882
vt 9.10654 -5.33762
f 683/1504/697 682/1505/696 681/1493/695

v 0.163139 0.0732182 -0.00658289
vt 9.25109 -5.38521
vn -0.341499 -2.46564e-17 -0.939882
f 684/1506/698 682/1505/696 683/1504/697

v 0.161953 0.0713947 -0.00634998
vt 9.32288 -5.33762
vn -0.116126 9.56463e-17 -0.993235
f 684/1506/698 685/1507/699 682/1505/696

v 0.163139 0.0658911 -0.00658289
vt 9.53956 -5.38521
vn -0.316849 2.32349e-18 -0.948476
f 686/1508/700 685/1507/699 684/1506/698

v 0.161953 0.0658995 -0.00634998
vt 9.53923 -5.33762
f 686/1508/700 687/1509/559 685/1507/699

v 0.161953 0.0604043 -0.00634998
vt 9.75558 -5.33762
vn -0.116126 9.40744e-17 -0.993235
f 688/1510/701 687/1509/559 686/1508/700

vt -9.75558 6.37259
vt -9.53923 6.37259
f 688/1511/701 611/1388/630 687/1512/559

v 0.161953 0.0549091 -0.00634998
vt -9.97192 6.37259
vn -0.116126 9.35337e-17 -0.993235
f 688/1511/701 689/1513/702 611/1388/630

v 0.163139 0.0585639 -0.00658289
vt 9.82804 -5.38521
vn -0.341499 6.26831e-18 -0.939882
vt 9.97192 -5.33762
f 690/1514/703 689/1515/702 688/1510/701

v 0.163139 0.0512367 -0.00658289
vt 10.1165 -5.38521
vn -0.341499 1.51335e-17 -0.939882
f 691/1516/704 689/1515/702 690/1514/703

vt 10.1883 -5.33762
f 691/1516/704 610/1517/629 689/1515/702

v 0.163139 0.0439095 -0.00658289
vt 10.405 -5.38521
vn -0.341499 6.51597e-09 -0.939882
f 692/1518/705 610/1517/629 691/1516/704

vt 10.621 -5.33762
f 692/1518/705 609/1519/628 610/1517/629

v 0.163139 0.0365824 -0.00658289
vt 10.6935 -5.38521
vn -0.378116 -1.08611e-08 -0.925758
f 693/1520/706 609/1519/628 692/1518/705

vt 10.8373 -5.33761
vt 10.621 -5.33761
f 693/1520/706 608/1521/627 609/1522/628

vt 10.8373 -5.33762
v 0.163139 0.0292552 -0.00658289
vt 10.9819 -5.38521
vn -0.341499 -2.94693e-18 -0.939882
f 608/1523/627 693/1520/706 694/1524/707

v 0.164149 0.0292552 -0.00724702
vt 10.9819 -2.80564
vn -0.680144 -4.90249e-13 -0.733078
vt 10.9819 -2.75805
vt 10.6935 -2.75805
f 695/1525/708 694/1526/707 693/1527/706

vt 11.1262 -2.75805
f 605/1528/623 694/1526/707 695/1525/708

f 694/1524/707 605/1379/623 606/1381/625

f 694/1524/707 606/1381/625 608/1523/627

v 0.164149 0.0255916 -0.00724702
vt 11.1262 -2.80564
vn -0.725955 0.0136491 -0.687607
f 695/1525/708 696/1529/709 605/1528/623

vt 11.1262 0.243687
vt 10.9819 0.243687
v 0.164836 0.0292552 -0.00825021
vt 10.9819 0.195824
vn -0.920494 -2.91897e-16 -0.390757
f 696/1530/709 695/1531/708 697/1532/710

v 0.164836 0.0365824 -0.00825021
vt 10.6935 0.195824
vn -0.920494 5.25819e-09 -0.390757
f 698/1533/711 697/1532/710 695/1531/708

vt 10.6935 3.27609
v 0.16509 0.0329284 -0.00948708
vt 10.8373 3.22637
vn -0.992609 1.21937e-08 -0.121354
vt 10.9819 3.27609
f 698/1534/711 699/1535/712 697/1536/710

v 0.16509 0.0384236 -0.00948708
vt 10.621 3.22637
vn -0.992609 6.09684e-09 -0.121354
f 699/1535/712 698/1534/711 700/1537/713

v 0.164836 0.0439095 -0.00825021
vt 10.405 3.27609
vn -0.93548 -3.15703e-09 -0.35338
f 700/1537/713 698/1534/711 701/1538/714

v 0.164149 0.0365824 -0.00724702
vt 10.6935 0.243687
vn -0.70428 -8.87027e-14 -0.709923
vt 10.405 0.195824
f 702/1539/715 701/1540/714 698/1533/711

v 0.164836 0.0512367 -0.00825021
vt 10.1165 0.195824
vn -0.93548 -2.98036e-16 -0.35338
f 702/1539/715 703/1541/716 701/1540/714

v 0.164836 0.0585639 -0.00825021
vt 9.82804 0.195824
vn -0.93548 -2.85007e-16 -0.35338
f 702/1539/715 704/1542/717 703/1541/716

v 0.164836 0.0658911 -0.00825021
vt 9.53956 0.195824
vn -0.93548 -7.18138e-10 -0.35338
f 705/1543/718 704/1542/717 702/1539/715

v 0.16509 0.0604043 -0.00948708
vt 9.75558 3.22637
vn -0.992609 -1.38676e-09 -0.121354
vt 9.82804 3.27609
vt 9.53956 3.27609
f 706/1544/719 704/1545/717 705/1546/718

v 0.16509 0.0549091 -0.00948708
vt 9.97192 3.22637
vn -0.994871 -3.62305e-16 -0.101149
f 704/1545/717 706/1544/719 707/1547/720

v 0.16509 0.0627509 -0.0132063
vt 9.66319 4.48207
vn -1 -4.82736e-10 -1.7208e-09
vt 9.97192 4.62849
vt 9.75558 4.62849
f 708/1548/721 707/1549/720 706/1550/719

v 0.16509 0.0423394 -0.0132063
vt 10.4668 4.48207
vn -1 1.85591e-09 1.29226e-08
f 709/1551/722 707/1549/720 708/1548/721

v 0.16509 0.049414 -0.00948708
vt 10.1883 4.62849
vn -0.992609 -6.09683e-09 -0.121354
f 707/1549/720 709/1551/722 710/1552/723

vt 10.621 4.62849
f 710/1552/723 709/1551/722 700/1553/713

vt 10.8373 4.62849
f 699/1554/712 700/1553/713 709/1551/722

v 0.16509 0.0274332 -0.00948708
vt 11.0537 4.62849
vn -0.992609 -3.58957e-16 -0.121354
f 711/1555/724 699/1554/712 709/1551/722

vt 11.0537 3.22637
f 697/1536/710 699/1535/712 711/1556/724

v 0.164836 0.0255916 -0.00825021
vt 11.1262 3.27609
vn -0.933581 0.00434508 -0.358339
f 711/1556/724 712/1557/725 697/1536/710

v 0.16509 0.021938 -0.00948708
vt 11.27 3.22637
vn -0.996282 0.00183206 -0.0861364
f 712/1557/725 711/1556/724 713/1558/726

vt 11.27 4.62849
f 713/1559/726 711/1555/724 709/1551/722

v 0.16509 0.0423394 -0.0169355
vt 10.4668 4.33525
vn -1 -9.56477e-13 3.87066e-12
f 713/1559/726 709/1551/722 714/1560/727

f 709/1551/722 708/1548/721 714/1560/727

v 0.16509 0.251391 -0.024384
vt 2.23644 4.042
vn -1 3.2285e-13 3.39514e-11
f 715/1561/728 714/1560/727 708/1548/721

v 0.16509 0.021938 -0.024384
vn -1 -1.24629e-12 3.41285e-12
f 716/174/729 714/1560/727 715/1561/728

f 714/1560/727 716/174/729 713/1559/726

v 0.171567 0.021938 -0.00948751
vt 6.75109 4.62848
vn 7.79161e-09 -1 0.00011812
vt 6.49609 4.62849
vn 0.00836567 -0.99988 -0.0130267
vt 6.49609 4.042
vn 3.79184e-16 -1 -1.38778e-16
f 717/1562/730 713/1563/731 716/1564/732

vt 6.49609 4.6245
vt 6.75109 4.62448
vt 6.72268 4.76742
f 713/1565/731 717/1566/730 603/1567/620

v 0.171389 0.0329188 -0.00765957
vt -10.7221 3.25987
vn 0.985447 -0.00415864 0.16993
vt -11.1547 3.33223
vt -11.1543 3.1865
vn 0.995213 -0.0055443 0.0975673
f 718/1568/733 603/1569/619 717/1570/734

v 0.171389 0.0439095 -0.00765957
vt -10.405 2.55159
vn 0.982412 0.00216449 0.186713
vt -11.2699 2.62572
vt -10.8377 2.55159
f 719/1571/735 603/1572/619 718/1573/733

vt -11.2693 2.63414
vt -10.4043 2.56004
vt -9.53889 2.63237
f 603/1574/619 719/1575/735 602/1576/618

v 0.171567 0.0545951 -0.00948751
vt -10.0581 3.50949
vn 0.995931 0.00218217 0.0900956
vt -9.61306 3.65256
vt -10.4786 3.58239
f 720/1577/736 602/1578/618 719/1579/735

vt -9.53956 3.38497
vt -9.98429 3.24103
v 0.171567 0.0709237 -0.00948751
vt -9.34143 3.24103
vn 0.995305 3.6379e-16 0.0967886
f 602/1580/618 720/1581/736 721/1582/737

vt -9.98429 4.62848
v 0.171567 0.050513 -0.024384
vt -10.145 4.042
vt -9.34143 4.62848
f 720/1583/736 722/1584/592 721/1585/737

v 0.171567 0.0382666 -0.00948751
vt -10.6271 4.62848
vn 0.998825 3.72096e-16 0.0484529
f 723/1586/738 722/1584/592 720/1583/736

v 0.171567 0.021938 -0.024384
f 722/1584/592 723/1586/738 724/342/592

vt -11.27 4.62848
f 724/342/592 723/1586/738 717/1587/734

vt -10.8377 4.0256
vt -11.27 3.95329
vt -10.6271 3.95329
f 718/1588/733 717/1589/734 723/1590/738

vt -10.405 4.0256
f 719/1591/735 718/1588/733 723/1590/738

vt -9.98429 3.95329
f 719/1591/735 723/1590/738 720/1592/736

vt 6.75109 4.042
f 716/1564/732 724/1593/732 717/1562/730

vt -11.27 6.75109
vn -1.90404e-08 5.37473e-10 -1
vt -11.27 6.49609
vn -2.83962e-16 1.07495e-09 -1
vt -2.23644 6.49609
vn -2.5409e-08 -3.23554e-10 -1
f 724/1594/739 716/1595/740 715/1596/741

vt -10.145 6.75109
vn -3.80807e-08 1.38778e-16 -1
f 724/1594/739 715/1596/741 722/1597/742

v 0.171567 0.079088 -0.024384
vt -9.02 6.75109
f 722/1597/742 715/1596/741 725/1598/742

v 0.171567 0.107663 -0.024384
vt -7.895 6.75109
f 725/1598/742 715/1596/741 726/1599/742

v 0.171567 0.136238 -0.024384
vt -6.77 6.75109
f 726/1599/742 715/1596/741 727/1600/742

v 0.171567 0.164813 -0.024384
vt -5.645 6.75109
f 727/1600/742 715/1596/741 728/1601/742

v 0.171567 0.193388 -0.024384
vt -4.52 6.75109
f 728/1601/742 715/1596/741 729/1602/742

v 0.171567 0.221963 -0.024384
vt -3.395 6.75109
f 730/1603/742 729/1602/742 715/1596/741

vt -4.52 4.042
vt -3.395 4.042
vn 1 3.81915e-12 1.36039e-11
v 0.171567 0.201552 -0.00948751
vt -4.19857 4.62848
vn 0.995305 3.89658e-12 0.0967886
f 729/1604/592 730/1605/743 731/1606/744

v 0.171567 0.234209 -0.00948751
vt -2.91286 4.62848
vn 0.995305 -3.89584e-12 0.0967886
f 731/1606/744 730/1605/743 732/1607/745

v 0.171567 0.250538 -0.024384
vt -2.27 4.042
vn 1 -3.42566e-12 8.80199e-12
f 730/1605/743 733/1608/746 732/1607/745

vt -2.27 6.75109
f 730/1603/742 715/1596/741 733/1609/742

v 0.171567 0.279113 -0.024384
vt -1.145 6.75109
f 733/1609/742 715/1596/741 734/1610/742

v 0.171567 0.307688 -0.024384
vt -0.0199999 6.75109
f 735/1611/742 734/1610/742 715/1596/741

vt -0.0199999 4.042
v 0.171567 0.299524 -0.00948751
vt -0.341428 4.62848
vn 0.995305 -1.5653e-12 0.0967886
vt -1.145 4.042
vn 1 -1.53436e-12 5.46714e-12
f 735/1612/592 736/1613/747 734/1614/748

v 0.171567 0.315852 -0.00948751
vt 0.301428 4.62848
vn 0.995305 2.83038e-12 0.0967886
f 737/1615/749 736/1613/747 735/1612/592

vt 0.301428 3.24103
vt -0.0199999 3.38497
vt -0.341428 3.24103
f 737/1616/749 589/1617/605 736/1618/747

vt 0.845415 3.38497
f 588/1619/604 589/1617/605 737/1616/749

v 0.171567 0.348509 -0.00948751
vt 1.58714 3.24103
vn 0.995305 -2.82967e-12 0.0967886
f 588/1619/604 737/1616/749 738/1620/750

vt 1.58714 4.62848
v 0.171567 0.336263 -0.024384
vt 1.105 4.042
vn 1 2.77442e-12 9.8821e-12
f 738/1621/750 737/1615/749 739/1622/751

f 735/1612/592 739/1622/751 737/1615/749

vt 1.105 6.75109
f 715/1596/741 739/1623/742 735/1611/742

v 0.171567 0.364838 -0.024384
vt 2.23 6.75109
f 715/1596/741 740/1624/742 739/1623/742

v 0.171567 0.393413 -0.024384
vt 3.355 6.75109
f 740/1624/742 715/1596/741 741/1625/742

v 0.171567 0.421988 -0.024384
vt 4.48 6.75109
vn 1.2686e-07 -2.08394e-09 -1
f 741/1625/742 715/1596/741 742/1626/752

v 0.16509 0.593438 -0.024384
vt 11.23 6.49609
vn 2.68433e-07 -8.93117e-10 -1
f 742/1626/752 715/1596/741 743/1627/753

v 0.16509 0.448776 -0.0167764
vt -5.53463 4.34151
vn -1 5.29976e-12 -2.9857e-11
vn -1 -4.66458e-12 -2.76308e-10
f 744/1628/754 743/86/755 715/1561/728

v 0.16509 0.450568 -0.0132063
vt -5.6052 4.48207
vn -1 2.43193e-12 -3.40174e-11
f 745/1629/756 743/86/755 744/1628/754

v 0.16509 0.470979 -0.0132063
vt -6.4088 4.48207
vn -1 -3.79184e-16 -6.53084e-11
f 745/1629/756 746/1630/757 743/86/755

v 0.16509 0.461553 -0.00948708
vt -6.03769 4.62849
vn -0.996722 -3.66714e-16 -0.0809026
f 746/1630/757 745/1629/756 747/1631/758

v 0.16509 0.456058 -0.00948708
vt -5.82135 4.62849
vn -0.992609 -3.60315e-16 -0.121354
f 745/1629/756 748/1632/759 747/1631/758

v 0.16509 0.450563 -0.00948708
vt -5.605 4.62849
vn -0.992609 -3.59615e-16 -0.121354
f 749/1633/760 748/1632/759 745/1629/756

v 0.164836 0.454232 -0.00825021
vt -5.74943 3.27609
vn -0.93548 -4.10486e-16 -0.35338
vt -5.82135 3.22637
vt -5.605 3.22637
f 750/1634/761 748/1635/759 749/1636/760

v 0.164836 0.461559 -0.00825021
vt -6.0379 3.27609
vn -0.944608 -4.21974e-16 -0.328201
f 748/1635/759 750/1634/761 751/1637/762

v 0.164149 0.537587 -0.00724702
vt -9.03114 0.243687
vn -0.700491 4.90443e-12 -0.713661
vt -6.0379 0.195824
vt -5.74943 0.195824
f 752/1638/763 751/1639/762 750/1640/761

v 0.164836 0.468886 -0.00825021
vt -6.32638 0.195824
vn -0.93548 -4.11476e-16 -0.35338
f 752/1638/763 753/1641/764 751/1639/762

v 0.164836 0.476213 -0.00825021
vt -6.61485 0.195824
vn -0.93548 -3.85096e-16 -0.35338
f 752/1638/763 754/1642/765 753/1641/764

v 0.164836 0.48354 -0.00825021
vt -6.90332 0.195824
vn -0.944608 -3.79349e-16 -0.328201
f 752/1638/763 755/1643/766 754/1642/765

v 0.164836 0.490867 -0.00825021
vt -7.19179 0.195824
vn -0.93548 -3.58211e-16 -0.35338
f 752/1638/763 756/1644/767 755/1643/766

v 0.164836 0.498195 -0.00825021
vt -7.48026 0.195824
vn -0.93548 -3.4561e-16 -0.35338
f 752/1638/763 757/1645/768 756/1644/767

v 0.164836 0.505522 -0.00825021
vt -7.76873 0.195824
vn -0.93548 -5.92483e-08 -0.353379
f 758/1646/769 757/1645/768 752/1638/763

v 0.16509 0.50002 -0.00948708
vt -7.55212 3.22637
vn -0.994871 -9.53812e-08 -0.101149
vt -7.48026 3.27609
vt -7.76873 3.27609
f 759/1647/770 757/1648/768 758/1649/769

v 0.16509 0.494525 -0.00948708
vt -7.33577 3.22637
vn -0.992609 -3.59952e-16 -0.121354
f 760/1650/771 757/1648/768 759/1647/770

vt -7.19179 3.27609
f 757/1648/768 760/1650/771 756/1651/767

v 0.16509 0.489029 -0.00948708
vt -7.11942 3.22637
vn -0.992609 -3.5954e-16 -0.121354
f 756/1651/767 760/1650/771 761/1652/772

vt -7.11942 4.62849
vt -7.33577 4.62849
v 0.16509 0.491391 -0.0132063
vt -7.2124 4.48207
vn -1 -3.79184e-16 -7.46382e-11
f 761/1653/772 760/1654/771 762/1655/773

vt -7.55212 4.62849
f 762/1655/773 760/1654/771 759/1656/770

v 0.16509 0.511802 -0.0132063
vt -8.016 4.48207
vn -1 3.9816e-08 -2.26907e-07
f 762/1655/773 759/1656/770 763/1657/774

vt -8.01599 4.48206
vt -7.55211 4.62849
v 0.16509 0.51101 -0.00948708
vt -7.98481 4.62849
vn -0.992609 1.14434e-07 -0.121353
f 763/1658/774 759/1659/770 764/1660/775

vt -7.55211 3.22638
vt -7.76873 3.2761
vt -7.98481 3.22638
f 759/1661/770 758/1662/769 764/1663/775

vt -7.76873 3.27611
v 0.164836 0.512849 -0.00825021
vt -8.05721 3.27611
vn -0.93548 1.18497e-07 -0.353379
vt -7.98481 3.22639
f 758/1664/769 765/1665/776 764/1666/775

vt -8.05721 0.195824
f 765/1667/776 758/1646/769 752/1638/763

v 0.164836 0.520176 -0.00825021
vt -8.34568 0.195824
vn -0.93548 -3.25062e-16 -0.35338
f 766/1668/777 765/1667/776 752/1638/763

vt -8.34568 3.27609
v 0.16509 0.516505 -0.00948708
vt -8.20115 3.22637
vn -0.992609 2.28868e-07 -0.121354
vt -8.05721 3.27609
f 766/1669/777 767/1670/778 765/1671/776

v 0.16509 0.522 -0.00948708
vt -8.4175 3.22637
vn -0.994871 -1.83954e-07 -0.101149
f 766/1669/777 768/1672/779 767/1670/778

v 0.164836 0.527503 -0.00825021
vt -8.63415 3.27609
vn -0.93548 -1.14321e-07 -0.353379
f 768/1672/779 766/1669/777 769/1673/780

vt -8.63415 0.195824
f 769/1674/780 766/1668/777 752/1638/763

v 0.164836 0.534831 -0.00825021
vt -8.92262 0.195824
vn -0.93548 2.28644e-07 -0.353378
f 770/1675/781 769/1674/780 752/1638/763

vt -8.63415 3.27612
vt -8.92262 3.27612
v 0.16509 0.532991 -0.00948709
vt -8.85019 3.22641
vn -0.992609 2.20702e-07 -0.121352
f 769/1676/780 770/1677/781 771/1678/782

vt -8.92263 3.27611
v 0.16509 0.538486 -0.00948708
vt -9.06655 3.2264
vn -0.992609 4.41401e-07 -0.121354
vt -8.8502 3.2264
f 770/1679/781 772/1680/783 771/1681/782

v 0.164836 0.542158 -0.00825021
vt -9.21109 3.27609
vn -0.93548 -3.01869e-16 -0.35338
vt -9.06654 3.22637
vt -8.92262 3.27609
f 773/1682/784 772/1683/783 770/1684/781

v 0.16509 0.543981 -0.00948708
vt -9.28288 3.22637
vn -0.994871 -1.67736e-07 -0.101149
f 773/1682/784 774/1685/785 772/1683/783

v 0.164836 0.549485 -0.00825021
vt -9.49956 3.27609
vn -0.93548 -1.04366e-07 -0.353379
f 774/1685/785 773/1682/784 775/1686/786

vt -9.49956 0.195824
vt -9.21109 0.195824
f 775/1687/786 773/1688/784 752/1638/763

f 773/1688/784 770/1675/781 752/1638/763

v 0.164836 0.556812 -0.00825021
vt -9.78804 0.195824
vn -0.920494 1.74091e-07 -0.390756
f 776/1689/787 775/1687/786 752/1638/763

vt -9.49956 3.27612
vt -9.78804 3.27612
v 0.16509 0.554972 -0.00948709
vt -9.71558 3.22641
vn -0.992609 2.01244e-07 -0.121353
f 775/1690/786 776/1691/787 777/1692/788

vt -9.78804 3.27611
v 0.16509 0.560467 -0.00948708
vt -9.93193 3.2264
vn -0.994871 3.35474e-07 -0.101149
vt -9.71558 3.2264
f 776/1693/787 778/1694/789 777/1695/788

v 0.164836 0.564139 -0.00825021
vt -10.0765 3.27609
vn -0.93548 -2.85162e-16 -0.35338
vt -9.93192 3.22637
vt -9.78804 3.27609
f 779/1696/790 778/1697/789 776/1698/787

v 0.16509 0.565962 -0.00948708
vt -10.1483 3.22637
vn -0.992609 -1.2085e-07 -0.121354
f 778/1697/789 779/1696/790 780/1699/791

v 0.164836 0.571466 -0.00825021
vt -10.365 3.27609
vn -0.93548 -6.31685e-08 -0.353379
f 780/1699/791 779/1696/790 781/1700/792

vt -10.365 0.195824
vt -10.0765 0.195824
v 0.164149 0.578794 -0.00724702
vt -10.6534 0.243687
vn -0.702384 0.000801587 -0.711797
f 781/1701/792 779/1702/790 782/1703/793

f 779/1702/790 776/1689/787 782/1703/793

f 776/1689/787 752/1638/763 782/1703/793

vt -10.6534 -2.80564
vt -9.03114 -2.80564
v 0.163139 0.549485 -0.00658289
vt -9.49956 -2.75805
vn -0.352011 2.37099e-11 -0.935996
f 782/1704/793 752/1705/763 783/1706/794

v 0.163139 0.542158 -0.00658289
vt -9.21109 -2.75805
vn -0.341499 4.86542e-18 -0.939882
f 752/1705/763 784/1707/795 783/1706/794

v 0.163139 0.534831 -0.00658289
vt -8.92262 -2.75805
vn -0.341499 -9.68479e-19 -0.939882
f 752/1705/763 785/1708/796 784/1707/795

v 0.163139 0.527503 -0.00658289
vt -8.63415 -2.75805
vn -0.341502 -2.0541e-07 -0.939881
f 752/1705/763 786/1709/797 785/1708/796

v 0.163139 0.520176 -0.00658289
vt -8.34568 -2.75805
vn -0.341502 4.10822e-07 -0.939881
f 752/1705/763 787/1710/798 786/1709/797

v 0.163139 0.512849 -0.00658289
vt -8.05721 -2.75805
vn -0.341499 4.23357e-08 -0.939882
f 752/1705/763 788/1711/799 787/1710/798

v 0.163139 0.505522 -0.00658289
vt -7.76873 -2.75805
vn -0.341499 -2.11678e-08 -0.939882
f 752/1705/763 789/1712/800 788/1711/799

v 0.163139 0.498195 -0.00658289
vt -7.48026 -2.75805
vn -0.341499 1.43299e-17 -0.939882
f 790/1713/801 789/1712/800 752/1705/763

vt -7.48026 -5.38521
v 0.161953 0.50002 -0.00634998
vt -7.55212 -5.33762
vn -0.116126 -4.12805e-08 -0.993235
vt -7.76873 -5.38521
f 790/1714/801 791/1715/802 789/1716/800

v 0.161953 0.494525 -0.00634998
vt -7.33577 -5.33762
vn -0.09679 -3.341e-07 -0.995305
f 792/1717/803 791/1715/802 790/1714/801

vt 7.55212 6.37259
vt 7.33577 6.37259
f 545/1254/556 791/1718/802 792/1719/803

vt 7.71464 5.97442
v 0.161953 0.51101 -0.00634998
vt 7.98481 6.37259
vn -0.0967893 3.44071e-08 -0.995305
vt 7.55211 6.37259
f 545/1720/556 793/1721/804 791/1722/802

f 793/1721/804 545/1254/556 546/1255/557

vt 8.4178 5.97442
v 0.161953 0.516505 -0.00634998
vt 8.20115 6.37259
vn -0.116126 8.83685e-07 -0.993234
f 793/1721/804 546/1723/557 794/1724/805

vt 8.4178 5.97443
v 0.161953 0.522 -0.00634997
vt 8.41751 6.37259
vn -0.116129 4.00564e-07 -0.993234
vt 8.20116 6.37259
f 546/1725/557 795/1726/806 794/1727/805

vt 8.41749 6.37259
vt 8.41779 5.97443
v 0.161953 0.532991 -0.00634998
vt 8.85019 6.37259
vn -0.0967902 -3.33863e-07 -0.995305
f 795/1728/806 546/1729/557 796/1730/807

f 546/1255/557 547/1256/549 796/1730/807

v 0.161953 0.538486 -0.00634998
vt 9.06654 6.37259
vn -0.116126 9.40278e-17 -0.993235
f 547/1256/549 797/1731/808 796/1730/807

v 0.161953 0.543981 -0.00634998
vt 9.28288 6.37259
vn -0.116126 9.41127e-17 -0.993235
f 797/1731/808 547/1256/549 798/1732/809

f 798/1732/809 547/1256/549 549/1258/559

vt -9.28288 -5.33762
vt -9.49923 -5.33762
vt -9.49956 -5.38521
f 798/1733/809 549/1734/559 783/1735/794

vt -9.71558 -5.33762
f 783/1735/794 549/1734/559 550/1736/560

v 0.163139 0.556812 -0.00658289
vt -9.78804 -5.38521
vn -0.341499 4.08935e-17 -0.939882
f 783/1735/794 550/1736/560 799/1737/810

vt -9.93192 -5.33762
f 799/1737/810 550/1736/560 551/1738/561

v 0.163139 0.564139 -0.00658289
vt -10.0765 -5.38521
vn -0.341499 1.98168e-17 -0.939882
f 799/1737/810 551/1738/561 800/1739/811

vt -10.1483 -5.33762
f 551/1738/561 552/1740/562 800/1739/811

v 0.163139 0.571466 -0.00658289
vt -10.365 -5.38521
vn -0.341502 2.17046e-07 -0.939881
f 800/1739/811 552/1740/562 801/1741/812

vt -10.1483 -5.33753
vt -10.581 -5.33753
vt -10.365 -5.38512
f 552/1742/562 554/1743/564 801/1744/812

vt -10.365 -5.38515
vt -10.581 -5.33756
vt -10.6534 -5.38515
f 801/1745/812 554/1746/564 556/1747/566

vt -10.365 -2.75805
vt -10.6534 -2.75805
f 782/1704/793 801/1748/812 556/1749/566

vt -10.0765 -2.75805
f 782/1704/793 800/1750/811 801/1748/812

vt -9.78804 -2.75805
f 782/1704/793 799/1751/810 800/1750/811

f 782/1704/793 783/1706/794 799/1751/810

vt -11.0862 -2.73751
vt -10.7017 -2.73848
vt -10.7014 -2.69089
f 566/1752/579 782/1753/793 556/1754/566

vt -10.9825 0.48844
vt -10.6939 0.535301
vt -11.0784 0.535934
f 567/1755/580 782/1756/793 566/1757/579

vt -10.9419 0.195824
v 0.164836 0.578794 -0.00825021
vt -10.6534 0.195824
vn -0.93548 1.26338e-07 -0.353379
f 567/1758/580 802/1759/813 782/1703/793

v 0.16509 0.582448 -0.00948708
vt -10.7973 3.22637
vn -0.992609 2.41701e-07 -0.121354
vt -10.6534 3.27609
f 803/1760/814 802/1761/813 567/1299/580

v 0.16509 0.576952 -0.00948708
vt -10.581 3.22639
vn -0.992609 1.20851e-07 -0.121353
vt -10.6535 3.2761
vt -10.7973 3.22639
f 804/1762/815 802/1763/813 803/1764/814

vt -10.365 3.27611
vt -10.6534 3.27611
f 781/1765/792 802/1766/813 804/1762/815

f 802/1759/813 781/1701/792 782/1703/793

vt -10.1483 3.22638
vt -10.365 3.2761
vt -10.581 3.22638
f 780/1767/791 781/1768/792 804/1769/815

vt -10.1483 4.62849
vt -10.581 4.62849
v 0.16509 0.573037 -0.0132063
vt -10.4268 4.48206
vn -1 3.64258e-08 -2.53628e-07
f 780/1770/791 804/1771/815 805/1772/816

vt -10.7973 4.62848
vt -10.581 4.62848
f 803/1773/814 805/1772/816 804/1774/815

vt -10.7973 4.62849
vt -11.0137 4.62849
vt -10.4268 4.48207
f 803/1775/814 568/1776/581 805/1777/816

f 567/1299/580 568/1298/581 803/1760/814

vt -11.23 4.62849
f 568/1776/581 569/1778/582 805/1777/816

v 0.16509 0.573037 -0.0169355
vt -10.4268 4.33525
vn -1 -1.79526e-11 -2.45185e-10
f 806/1779/817 805/1777/816 569/1778/582

v 0.16509 0.552625 -0.0132063
vt -9.6232 4.48207
vn -1 6.98789e-08 -4.57354e-07
f 806/1779/817 807/1780/818 805/1777/816

f 806/1779/817 743/86/755 807/1780/818

f 569/1778/582 743/86/755 806/1779/817

vt -6.49609 4.04201
vn -8.35163e-07 1 -3.63109e-07
vt -6.49609 4.6285
vt -6.75109 4.62848
f 743/1781/819 569/1782/583 570/1783/584

vt -6.75111 4.62848
v 0.171567 0.593438 -0.024384
vt -6.75111 4.042
vn -1.67028e-06 1 1.38778e-16
vt -6.49611 4.042
f 570/1784/584 808/1785/820 743/1786/819

vt 11.23 4.62848
f 808/70/592 570/1787/587 575/1327/591

vt 10.7977 4.0256
vt 11.23 3.95329
f 571/1788/586 575/1323/591 570/1789/587

f 573/1324/589 575/1323/591 571/1788/586

f 576/1326/592 808/70/592 575/1327/591

vt 10.105 6.7511
vn 2.92075e-07 1.38778e-16 -1
vt 11.23 6.7511
f 576/1790/821 743/1627/753 808/1791/821

v 0.171567 0.536288 -0.024384
vt 8.98 6.7511
f 743/1627/753 576/1790/821 809/1792/821

vt 8.98 4.042
f 809/1793/592 576/1326/592 577/1328/593

v 0.171567 0.528124 -0.00948751
vt 8.65857 4.62848
vn 0.996999 3.68275e-16 0.0774163
f 810/1794/822 809/1793/592 577/1328/593

v 0.171567 0.507713 -0.024384
vt 7.855 4.042
f 810/1794/822 811/1795/592 809/1793/592

v 0.171567 0.511795 -0.00948751
vt 8.01571 4.62848
vn 0.993235 3.62984e-16 0.116124
f 811/1795/592 810/1794/822 812/1796/823

vt 8.01571 3.24103
vt 8.65857 3.24103
f 578/1332/594 812/1797/823 810/1798/822

vt 7.76873 3.38497
f 578/1332/594 580/1799/596 812/1797/823

v 0.171567 0.495467 -0.00948751
vt 7.37286 3.24103
vn 0.995305 3.64139e-16 0.0967886
f 812/1797/823 580/1799/596 813/1800/824

vt 6.90332 3.38497
f 580/1799/596 581/1801/597 813/1800/824

v 0.171567 0.479138 -0.00948751
vt 6.73 3.24103
vn 0.993235 3.59531e-16 0.116124
f 581/1801/597 814/1802/825 813/1800/824

vt 6.0379 3.38497
f 581/1801/597 582/1803/598 814/1802/825

v 0.171567 0.462809 -0.00948751
vt 6.08714 3.24103
vn 0.996999 3.67302e-16 0.0774163
f 582/1803/598 815/1804/826 814/1802/825

v 0.171567 0.446481 -0.00948751
vt 5.44429 3.24103
vn 0.993235 3.61136e-16 0.116124
f 582/1803/598 816/1805/827 815/1804/826

vt 5.17249 3.38497
f 582/1803/598 583/1806/599 816/1805/827

v 0.171567 0.430152 -0.00948751
vt 4.80143 3.24103
vn 0.995305 3.63228e-16 0.0967886
f 817/1807/828 816/1805/827 583/1806/599

vt 4.80143 4.62848
v 0.171567 0.450563 -0.024384
vt 5.605 4.042
vt 5.44429 4.62848
f 817/1808/828 818/1809/592 816/1810/827

vt 4.48 4.042
f 742/1811/592 818/1809/592 817/1808/828

vt 4.48 6.7511
vt 5.605 6.7511
f 742/1812/752 743/1627/753 818/1813/821

v 0.171567 0.479138 -0.024384
vt 6.73 6.7511
f 818/1813/821 743/1627/753 819/1814/821

vt 7.855 6.7511
f 819/1814/821 743/1627/753 811/1815/821

f 743/1627/753 809/1792/821 811/1815/821

vt 7.37286 4.62848
vt 6.73 4.042
f 811/1795/592 813/1816/824 819/1817/592

f 813/1816/824 811/1795/592 812/1796/823

vt 6.73 4.62848
f 813/1816/824 814/1818/825 819/1817/592

vt 6.08714 4.62848
f 819/1817/592 814/1818/825 815/1819/826

f 819/1817/592 815/1819/826 818/1809/592

f 816/1810/827 818/1809/592 815/1819/826

v 0.171567 0.413824 -0.00948751
vt 4.15857 4.62848
vn 0.995305 1.05363e-09 0.0967886
f 820/1820/829 742/1811/592 817/1808/828

vt 3.355 4.042
vn 1 1.03904e-09 -3.70151e-09
f 820/1820/829 741/1821/830 742/1811/592

v 0.171567 0.381167 -0.00948751
vt 2.87286 4.62848
vn 0.995305 -1.05363e-09 0.0967886
f 821/1822/831 741/1821/830 820/1820/829

vt 2.23 4.042
vn 1 -1.56271e-09 -1.70383e-09
f 741/1821/830 821/1822/831 740/1823/832

v 0.171567 0.364838 -0.00948751
vt 2.23 4.62848
vn 0.993235 -2.53502e-09 0.116124
f 821/1822/831 822/1824/833 740/1823/832

vt 2.23 3.24103
vt 2.87286 3.24103
vt 2.57624 3.38497
f 822/1825/833 821/1826/831 586/1827/602

vt 3.44166 3.38497
f 585/1828/601 586/1827/602 821/1826/831

vt 4.15857 3.24103
f 585/1828/601 821/1826/831 820/1829/829

vt 4.30707 3.38497
f 584/1830/600 585/1828/601 820/1829/829

f 584/1830/600 820/1829/829 817/1807/828

f 583/1806/599 584/1830/600 817/1807/828

vt 1.71083 3.38497
f 586/1827/602 587/1831/603 822/1825/833

f 587/1831/603 738/1620/750 822/1825/833

f 587/1831/603 588/1619/604 738/1620/750

f 738/1621/750 740/1823/832 822/1824/833

f 738/1621/750 739/1622/751 740/1823/832

f 578/1332/594 810/1798/822 577/1329/593

v 0.16509 0.532214 -0.0132063
vt -8.8196 4.48207
vn -1 7.67526e-08 -4.6972e-07
f 823/1832/834 807/1780/818 743/86/755

vt -9.28288 4.62849
f 807/1780/818 823/1832/834 774/1833/785

vt -9.06654 4.62849
f 823/1832/834 772/1834/783 774/1833/785

vt -8.8502 4.62848
vt -9.06655 4.62848
vt -8.8196 4.48206
f 771/1835/782 772/1836/783 823/1837/834

vt -8.85019 4.62848
vt -8.81959 4.48206
vt -8.4175 4.62848
f 771/1838/782 823/1839/834 768/1840/779

vt -8.4175 4.62849
f 763/1657/774 768/1841/779 823/1832/834

vt -8.20115 4.62849
f 767/1842/778 768/1841/779 763/1657/774

vt -8.20116 4.62849
vt -8.016 4.48206
f 767/1843/778 763/1844/774 764/1660/775

vt -8.05721 3.2761
vt -8.20116 3.22639
f 764/1666/775 765/1845/776 767/1846/778

f 763/1657/774 823/1832/834 743/86/755

f 762/1655/773 763/1657/774 743/86/755

f 746/1630/757 762/1655/773 743/86/755

v 0.16509 0.483534 -0.00948708
vt -6.90308 4.62849
vn -0.996722 -3.6784e-16 -0.0809026
f 746/1630/757 824/1847/835 762/1655/773

v 0.16509 0.478039 -0.00948708
vt -6.68673 4.62849
vn -0.992609 -3.60949e-16 -0.121354
f 824/1847/835 746/1630/757 825/1848/836

v 0.16509 0.472544 -0.00948708
vt -6.47038 4.62849
vn -0.992609 -3.59922e-16 -0.121354
f 826/1849/837 825/1848/836 746/1630/757

vt -6.61485 3.27609
vt -6.68673 3.22637
vt -6.47038 3.22637
f 754/1850/765 825/1851/836 826/1852/837

vt -6.90332 3.27609
f 825/1851/836 754/1850/765 755/1853/766

vt -6.90308 3.22637
f 825/1851/836 755/1853/766 824/1854/835

f 824/1854/835 755/1853/766 761/1652/772

f 755/1853/766 756/1651/767 761/1652/772

f 824/1847/835 761/1653/772 762/1655/773

vt -6.32638 3.27609
f 754/1850/765 826/1852/837 753/1855/764

v 0.16509 0.467049 -0.00948708
vt -6.25404 3.22637
vn -0.992609 -3.5873e-16 -0.121354
f 753/1855/764 826/1852/837 827/1856/838

vt -6.25404 4.62849
f 826/1849/837 746/1630/757 827/1857/838

f 827/1857/838 746/1630/757 747/1631/758

vt -6.03769 3.22637
f 747/1858/758 751/1637/762 827/1856/838

f 748/1635/759 751/1637/762 747/1858/758

f 751/1637/762 753/1855/764 827/1856/838

vt -8.4175 3.22639
vt -8.63415 3.2761
vt -8.85019 3.22639
f 768/1859/779 769/1860/780 771/1861/782

vt -9.62319 4.48206
vt -9.71557 4.62849
f 807/1862/818 774/1833/785 777/1863/788

vt -9.28288 3.22639
vt -9.49956 3.2761
vt -9.71557 3.22639
f 774/1864/785 775/1865/786 777/1866/788

vt -9.93193 4.62848
vt -9.6232 4.48205
vt -9.71558 4.62848
f 778/1867/789 807/1868/818 777/1869/788

vt -9.93192 4.62849
f 807/1780/818 778/1870/789 805/1777/816

f 780/1770/791 805/1777/816 778/1870/789

vt -10.6534 -2.99897
vt -10.9419 -2.99897
vt -11.0379 -3.04803
f 556/1871/566 557/1872/567 566/1873/579

v 0.163139 0.589784 -0.00658289
vt -11.0862 -2.99897
vn -0.361941 -0.0167145 -0.932051
f 566/1873/579 557/1872/567 828/1874/839

vt -11.0862 -5.38521
f 558/1272/568 828/1875/839 557/1271/567

vt -11.23 -5.33762
f 828/1875/839 558/1272/568 559/1876/569

vt -10.2512 -5.86998
vt -10.26 -5.92223
vt -10.1023 -5.89807
f 559/1877/569 563/1878/577 828/1879/839

vt -10.5734 -3.37593
vt -10.6243 -3.32971
vt -10.7832 -3.34393
f 566/1880/579 828/1881/839 563/1882/577

vt -9.21109 -5.38521
f 784/1883/795 798/1733/809 783/1735/794

vt -9.06654 -5.33762
f 797/1884/808 798/1733/809 784/1883/795

vt -8.92262 -5.38521
f 785/1885/796 797/1884/808 784/1883/795

vt -8.85019 -5.33762
f 785/1885/796 796/1886/807 797/1884/808

vt -8.63415 -5.38521
f 786/1887/797 796/1886/807 785/1885/796

vt -8.63412 -5.38523
vt -8.41747 -5.33763
vt -8.85016 -5.33763
f 786/1888/797 795/1889/806 796/1890/807

vt -8.34568 -5.38515
vt -8.4175 -5.33756
vt -8.63415 -5.38515
f 787/1891/798 795/1892/806 786/1893/797

vt -8.20122 -5.3375
vt -8.41757 -5.33749
vt -8.34574 -5.38509
f 794/1894/805 795/1895/806 787/1896/798

vt -8.05721 -5.38521
vt -8.20115 -5.33762
vt -8.34568 -5.38521
f 788/1897/799 794/1898/805 787/1899/798

vt -8.05721 -5.3852
vt -7.98481 -5.33761
vt -8.20116 -5.33761
f 788/1900/799 793/1901/804 794/1902/805

vt -7.98481 -5.33762
f 789/1716/800 793/1903/804 788/1897/799

vt -7.55211 -5.33762
vt -7.9848 -5.33762
vt -7.76873 -5.38522
f 791/1904/802 793/1905/804 789/1906/800

f 544/1253/555 545/1254/556 792/1719/803

vt 7.33576 6.37259
v 0.161953 0.489029 -0.00634998
vt 7.11942 6.37259
vn -0.116127 -2.00422e-07 -0.993234
vt 7.01149 5.97442
f 792/1907/803 829/1908/840 544/1909/555

v 0.163139 0.490867 -0.00658289
vt -7.19176 -5.38523
vn -0.341501 -2.05553e-07 -0.939881
vt -7.11939 -5.33763
vt -7.33574 -5.33764
f 830/1910/841 829/1911/840 792/1912/803

v 0.163139 0.48354 -0.00658289
vt -6.90332 -5.38518
vn -0.341501 1.02777e-07 -0.939882
vt -7.11942 -5.33759
vt -7.19179 -5.38518
f 831/1913/842 829/1914/840 830/1915/841

v 0.161953 0.478039 -0.00634998
vt -6.68675 -5.33759
vn -0.09679 1.67051e-07 -0.995305
vt -7.11944 -5.33758
vt -6.90334 -5.38518
f 832/1916/843 829/1917/840 831/1918/842

vt 7.11943 6.37259
vt 6.68673 6.37259
f 544/1253/555 829/1919/840 832/1920/843

f 832/1920/843 543/1252/549 544/1253/555

v 0.161953 0.472544 -0.00634998
vt 6.47038 6.37259
vn -0.116126 9.39779e-17 -0.993235
f 833/1921/844 543/1252/549 832/1920/843

v 0.161953 0.467049 -0.00634998
vt 6.25404 6.37259
vn -0.116126 9.56846e-17 -0.993235
f 834/1922/845 543/1252/549 833/1921/844

v 0.161953 0.461553 -0.00634998
vt 6.03769 6.37259
f 543/1252/549 834/1922/845 835/1923/676

v 0.163139 0.461559 -0.00658289
vt -6.0379 -5.38521
vn -0.316849 5.59821e-17 -0.948476
vt -6.03769 -5.33762
vt -6.25404 -5.33762
f 836/1924/846 835/1925/676 834/1926/845

v 0.161953 0.456058 -0.00634998
vt -5.82135 -5.33762
vn -0.116126 9.31159e-17 -0.993235
f 837/1927/847 835/1925/676 836/1924/846

vt 5.82135 6.37259
f 837/1928/847 542/1251/554 835/1923/676

v 0.161953 0.450563 -0.00634998
vt 5.605 6.37259
vn -0.116126 9.45812e-17 -0.993235
f 837/1928/847 838/1929/848 542/1251/554

vt -5.605 -5.33762
v 0.163139 0.454232 -0.00658289
vt -5.74943 -5.38521
vn -0.341499 7.89638e-17 -0.939882
f 838/1930/848 837/1927/847 839/1931/849

f 839/1931/849 837/1927/847 836/1924/846

vt -5.74943 -2.75805
vt -6.0379 -2.75805
f 839/1932/849 836/1933/846 752/1705/763

v 0.163139 0.468886 -0.00658289
vt -6.32638 -2.75805
vn -0.341499 2.77566e-17 -0.939882
f 836/1933/846 840/1934/850 752/1705/763

vt -6.32638 -5.38521
f 836/1924/846 834/1926/845 840/1935/850

vt -6.47038 -5.33762
f 840/1935/850 834/1926/845 833/1936/844

v 0.163139 0.476213 -0.00658289
vt -6.61485 -5.38521
vn -0.341499 2.63964e-17 -0.939882
f 840/1935/850 833/1936/844 841/1937/851

vt -6.68673 -5.33762
f 833/1936/844 832/1938/843 841/1937/851

vt -6.90332 -5.38521
f 841/1937/851 832/1938/843 831/1939/842

vt -6.61485 -2.75805
vt -6.90332 -2.75805
f 841/1940/851 831/1941/842 752/1705/763

vt -7.19179 -2.75805
f 831/1941/842 830/1942/841 752/1705/763

f 830/1942/841 790/1713/801 752/1705/763

vt -7.19179 -5.38521
f 830/1943/841 792/1717/803 790/1714/801

f 840/1934/850 841/1940/851 752/1705/763

v 0.163139 0.446904 -0.00658289
vt -5.46096 -2.75805
vn -0.341499 5.50067e-17 -0.939882
f 842/1944/852 839/1932/849 752/1705/763

vt -5.46096 -5.38521
f 842/1945/852 838/1930/848 839/1931/849

v 0.161953 0.445068 -0.00634998
vt -5.38865 -5.33762
vn -0.116126 9.78699e-17 -0.993235
f 842/1945/852 843/1946/853 838/1930/848

v 0.163139 0.439577 -0.00658289
vt -5.17249 -5.38521
vn -0.316849 1.38444e-17 -0.948476
f 844/1947/854 843/1946/853 842/1945/852

v 0.161953 0.439573 -0.00634998
vt -5.17231 -5.33762
f 844/1947/854 845/1948/559 843/1946/853

v 0.161953 0.434077 -0.00634998
vt -4.95596 -5.33762
f 846/1949/701 845/1948/559 844/1947/854

vt 4.95596 6.37259
vt 5.17231 6.37259
f 846/1950/701 541/1250/553 845/1951/559

v 0.161953 0.428582 -0.00634998
vt 4.73962 6.37259
vn -0.116126 9.48393e-17 -0.993235
f 847/1952/855 541/1250/553 846/1950/701

v 0.161953 0.423087 -0.00634998
vt 4.52327 6.37259
vn -0.0967893 1.65728e-07 -0.995305
f 847/1952/855 848/1953/856 541/1250/553

v 0.163139 0.424923 -0.00658289
vt -4.59555 -5.38521
vn -0.341499 5.46465e-17 -0.939882
vt -4.52327 -5.33762
vt -4.73962 -5.33762
f 849/1954/857 848/1955/856 847/1956/855

v 0.163139 0.417596 -0.00658289
vt -4.30707 -5.38521
vn -0.378115 8.5048e-08 -0.925759
f 850/1957/858 848/1955/856 849/1954/857

vt -4.30709 -5.38521
v 0.161953 0.412097 -0.00634999
vt -4.09059 -5.33762
vn -0.116124 -1.98835e-07 -0.993235
vt -4.52329 -5.33762
f 850/1958/858 851/1959/859 848/1960/856

v 0.163139 0.410269 -0.00658289
vt -4.0186 -5.38524
vn -0.341498 -2.03956e-07 -0.939883
vt -4.09058 -5.33764
vt -4.30707 -5.38524
f 852/1961/860 851/1962/859 850/1963/858

v 0.161953 0.406601 -0.00634998
vt -3.8742 -5.33765
vn -0.0967889 -3.04693e-10 -0.995305
vt -4.09054 -5.33765
vt -4.01857 -5.38525
f 853/1964/861 851/1965/859 852/1966/860

vt 3.87423 6.37258
vt 4.19889 5.97442
vt 4.09057 6.37258
f 853/1967/861 540/1968/552 851/1969/859

vt 3.87423 6.37259
f 539/1248/551 540/1249/552 853/1970/861

vt 3.87424 6.37258
v 0.161953 0.401106 -0.00634999
vt 3.65789 6.37258
vn -0.116124 1.98653e-07 -0.993235
f 539/1248/551 853/1971/861 854/1972/862

v 0.163139 0.402941 -0.00658289
vt -3.73016 -5.38521
vn -0.341498 2.0377e-07 -0.939883
vt -3.65792 -5.33762
vt -3.87426 -5.33761
f 855/1973/863 854/1974/862 853/1975/861

v 0.163139 0.395614 -0.00658289
vt -3.44166 -5.38524
vn -0.341498 -1.01884e-07 -0.939882
vt -3.65788 -5.33764
vt -3.73013 -5.38524
f 856/1976/864 854/1977/862 855/1978/863

v 0.161953 0.390116 -0.00634998
vt -3.22518 -5.33764
vn -0.0967893 -1.65575e-07 -0.995305
vt -3.65787 -5.33764
vt -3.44164 -5.38523
f 857/1979/865 854/1980/862 856/1981/864

vt 3.65788 6.37258
vt 3.22519 6.37258
f 539/1248/551 854/1982/862 857/1983/865

vt 3.22519 6.37259
f 538/1247/550 539/1248/551 857/1984/865

v 0.161953 0.384621 -0.00634998
vt 3.00885 6.37259
vn -0.116125 3.98703e-07 -0.993235
f 538/1247/550 857/1984/865 858/1985/866

vt -3.00885 -5.33762
vt -3.22519 -5.33762
v 0.163139 0.388287 -0.00658289
vt -3.15319 -5.38521
vn -0.341499 1.45748e-18 -0.939882
f 858/1986/866 857/1987/865 859/1988/867

vt -3.44166 -5.38521
f 859/1988/867 857/1987/865 856/1989/864

vt -3.15319 -2.75805
vt -3.44166 -2.75805
v 0.164149 0.336367 -0.00724702
vt -1.1091 -2.80564
vn -0.700491 -7.20104e-14 -0.713661
f 859/1990/867 856/1991/864 860/1992/868

vt -3.73013 -2.75805
f 856/1991/864 855/1993/863 860/1992/868

vt -4.0186 -2.75805
f 855/1993/863 852/1994/860 860/1992/868

vt -3.73013 -5.38521
vt -3.87423 -5.33762
vt -4.0186 -5.38521
f 855/1995/863 853/1996/861 852/1997/860

vt -4.30707 -2.75805
f 852/1994/860 850/1998/858 860/1992/868

f 850/1998/858 752/1705/763 860/1992/868

vt -4.59555 -2.75805
f 850/1998/858 849/1999/857 752/1705/763

v 0.163139 0.43225 -0.00658289
vt -4.88402 -2.75805
vn -0.341499 5.39082e-17 -0.939882
f 849/1999/857 861/2000/869 752/1705/763

vt -4.88402 -5.38521
f 849/1954/857 847/1956/855 861/2001/869

f 847/1956/855 846/1949/701 861/2001/869

f 861/2001/869 846/1949/701 844/1947/854

vt -5.17249 -2.75805
f 861/2000/869 844/2002/854 752/1705/763

f 752/1705/763 844/2002/854 842/1944/852

vt -1.1091 0.243687
v 0.164836 0.424923 -0.00825021
vt -4.59555 0.195824
vn -0.920494 -1.35086e-12 -0.390757
f 860/2003/868 752/1638/763 862/2004/870

v 0.164836 0.43225 -0.00825021
vt -4.88402 0.195824
vn -0.93548 -4.10446e-16 -0.35338
f 752/1638/763 863/2005/871 862/2004/870

v 0.164836 0.439577 -0.00825021
vt -5.17249 0.195824
vn -0.944608 -3.56744e-16 -0.328201
f 864/2006/872 863/2005/871 752/1638/763

v 0.16509 0.434077 -0.00948708
vt -4.95596 3.22637
vn -0.992609 -3.58977e-16 -0.121354
vt -4.88402 3.27609
vt -5.17249 3.27609
f 865/2007/873 863/2008/871 864/2009/872

v 0.16509 0.428582 -0.00948708
vt -4.73962 3.22637
vn -0.992609 -3.59224e-16 -0.121354
f 866/2010/874 863/2008/871 865/2007/873

vt -4.59555 3.27609
f 863/2008/871 866/2010/874 862/2011/870

v 0.16509 0.423087 -0.00948708
vt -4.52327 3.22637
vn -0.992609 -3.61266e-16 -0.121354
f 862/2011/870 866/2010/874 867/2012/875

vt -4.73962 4.62849
v 0.16509 0.430157 -0.0132063
vt -4.8016 4.48207
vn -1 1.01081e-14 -1.07513e-13
vt -4.52327 4.62849
f 866/2013/874 868/2014/876 867/2015/875

vt -4.95596 4.62849
f 865/2016/873 868/2014/876 866/2013/874

v 0.16509 0.439573 -0.00948708
vt -5.17231 4.62849
vn -0.997726 -1.56109e-14 -0.0673941
f 869/2017/877 868/2014/876 865/2016/873

f 868/2014/876 869/2017/877 744/1628/754

f 869/2017/877 745/1629/756 744/1628/754

v 0.16509 0.445068 -0.00948708
vt -5.38865 4.62849
vn -0.992609 -3.59857e-16 -0.121354
f 745/1629/756 869/2017/877 870/2018/878

vt -5.17231 3.22637
vt -5.38865 3.22637
f 869/2019/877 864/2009/872 870/2020/878

f 865/2007/873 864/2009/872 869/2019/877

v 0.164836 0.446904 -0.00825021
vt -5.46096 3.27609
vn -0.93548 -3.58477e-16 -0.35338
f 864/2009/872 871/2021/879 870/2020/878

vt -5.46096 0.195824
f 752/1638/763 871/2022/879 864/2006/872

f 752/1638/763 750/1640/761 871/2022/879

f 871/2021/879 750/1634/761 749/1636/760

f 870/2020/878 871/2021/879 749/1636/760

f 745/1629/756 870/2018/878 749/1633/760

v 0.16509 0.409745 -0.0132063
vt -3.998 4.48207
vn -1 2.57194e-13 9.068e-12
f 872/2023/880 868/2014/876 744/1628/754

v 0.16509 0.417592 -0.00948708
vt -4.30692 4.62849
f 873/2024/835 868/2014/876 872/2023/880

f 867/2015/875 868/2014/876 873/2024/835

vt -4.30692 3.22637
v 0.164836 0.417596 -0.00825021
vt -4.30707 3.27609
vn -0.944608 -3.35506e-16 -0.328201
f 873/2025/835 874/2026/881 867/2012/875

v 0.16509 0.412097 -0.00948708
vt -4.09058 3.22637
vn -0.992609 -3.58942e-16 -0.121354
f 875/2027/882 874/2026/881 873/2025/835

v 0.164836 0.410269 -0.00825021
vt -4.0186 3.27609
vn -0.93548 -3.04788e-16 -0.35338
f 875/2027/882 876/2028/883 874/2026/881

v 0.16509 0.406601 -0.00948708
vt -3.87423 3.22637
vn -0.992609 -3.58417e-16 -0.121354
f 876/2028/883 875/2027/882 877/2029/884

vt -3.87423 4.62849
vt -4.09058 4.62849
f 872/2023/880 877/2030/884 875/2031/882

v 0.16509 0.401106 -0.00948708
vt -3.65788 4.62849
vn -0.994871 -9.05446e-08 -0.101149
f 878/2032/885 877/2030/884 872/2023/880

v 0.164836 0.402941 -0.00825021
vt -3.73013 3.27609
vn -0.93548 -3.57833e-16 -0.35338
vt -3.65788 3.22637
f 879/2033/886 877/2029/884 878/2034/885

f 877/2029/884 879/2033/886 876/2028/883

vt -4.0186 0.195824
vt -3.73013 0.195824
f 860/2003/868 876/2035/883 879/2036/886

vt -4.30707 0.195824
f 860/2003/868 874/2037/881 876/2035/883

f 860/2003/868 862/2004/870 874/2037/881

f 874/2026/881 862/2011/870 867/2012/875

v 0.164836 0.395614 -0.00825021
vt -3.44166 0.195824
vn -0.93548 -5.62854e-08 -0.353381
f 860/2003/868 879/2036/886 880/2038/887

vt -3.44166 3.27609
f 880/2039/887 879/2033/886 878/2034/885

v 0.16509 0.390116 -0.00948708
vt -3.22519 3.22637
vn -0.992609 1.0863e-07 -0.121355
vt -3.44166 3.27608
f 881/2040/888 880/2041/887 878/2034/885

vt -3.22519 3.22636
v 0.164836 0.388287 -0.00825021
vt -3.15319 3.27607
vn -0.93548 1.1257e-07 -0.353381
vt -3.44166 3.27607
f 881/2042/888 882/2043/889 880/2044/887

vt -3.15319 3.27608
vt -3.2252 3.22636
v 0.16509 0.384621 -0.00948708
vt -3.00885 3.22636
vn -0.992609 2.38417e-07 -0.121354
f 882/2045/889 881/2046/888 883/2047/890

vt -3.00885 4.6285
vt -3.2252 4.6285
v 0.16509 0.389334 -0.0132063
vt -3.1944 4.48207
vn -1 4.51223e-08 2.13734e-07
f 883/2048/890 881/2049/888 884/2050/891

vt -3.22519 4.6285
vt -3.65788 4.6285
f 884/2050/891 881/2051/888 878/2052/885

f 872/2023/880 884/2050/891 878/2032/885

f 884/2050/891 872/2023/880 715/1561/728

f 872/2023/880 744/1628/754 715/1561/728

v 0.16509 0.368922 -0.0132063
vt -2.3908 4.48207
vn -1 -3.67739e-09 -1.16305e-08
f 885/2053/892 884/2050/891 715/1561/728

v 0.16509 0.379125 -0.00948708
vt -2.7925 4.62849
vn -0.994871 8.81648e-09 -0.101149
f 884/2050/891 885/2053/892 886/2054/893

v 0.16509 0.368135 -0.00948708
vt -2.35981 4.62849
vn -0.992609 -1.05775e-08 -0.121354
f 887/2055/894 886/2054/893 885/2053/892

vt -2.35981 3.22638
v 0.164836 0.373633 -0.00825021
vt -2.57624 3.27609
vn -0.93548 -5.48071e-09 -0.35338
vt -2.7925 3.22638
f 887/2056/894 888/2057/895 886/2058/893

vt -2.35981 3.22637
v 0.164836 0.366305 -0.00825021
vt -2.28777 3.27609
vn -0.93548 -3.19764e-16 -0.35338
f 887/2059/894 889/2060/896 888/2057/895

v 0.16509 0.36264 -0.00948708
vt -2.14346 3.22637
vn -0.992609 -3.61005e-16 -0.121354
f 890/2061/897 889/2060/896 887/2059/894

v 0.164836 0.358978 -0.00825021
vt -1.9993 3.27609
vn -0.93548 -3.06592e-16 -0.35338
f 889/2060/896 890/2061/897 891/2062/898

v 0.16509 0.357145 -0.00948708
vt -1.92712 3.22637
vn -0.994871 9.29539e-08 -0.101149
f 891/2062/898 890/2061/897 892/2063/899

vt -2.14346 4.62849
vt -1.92712 4.62849
f 890/2064/897 885/2053/892 892/2065/899

f 890/2064/897 887/2055/894 885/2053/892

v 0.16509 0.348511 -0.0132063
vt -1.5872 4.48207
vn -1 -4.52519e-08 -2.96094e-07
f 893/2066/900 892/2065/899 885/2053/892

vt -1.5872 4.48206
v 0.16509 0.346154 -0.00948708
vt -1.49442 4.62849
vn -0.992609 -1.11522e-07 -0.121353
f 893/2067/900 894/2068/901 892/2065/899

v 0.16509 0.340659 -0.00948708
vt -1.27807 4.62849
vn -0.994871 -1.02194e-09 -0.101149
f 895/2069/902 894/2068/901 893/2067/900

v 0.164836 0.344324 -0.00825021
vt -1.42235 3.2761
vn -0.93548 -1.15525e-07 -0.353379
vt -1.49442 3.22639
vt -1.27807 3.22639
f 896/2070/903 894/2071/901 895/2072/902

vt -1.42236 3.27611
v 0.164836 0.351651 -0.00825021
vt -1.71083 3.27611
vn -0.93548 5.77625e-08 -0.353379
f 894/2071/901 896/2073/903 897/2074/904

vt -1.71083 0.195824
vt -1.42236 0.195824
f 860/2003/868 897/2075/904 896/2076/903

vt -1.9993 0.195824
f 860/2003/868 891/2077/898 897/2075/904

vt -2.28777 0.195824
f 860/2003/868 889/2078/896 891/2077/898

vt -2.57624 0.195824
f 860/2003/868 888/2079/895 889/2078/896

v 0.164836 0.38096 -0.00825021
vt -2.86472 0.195824
vn -0.93548 1.09614e-08 -0.35338
f 860/2003/868 898/2080/905 888/2079/895

vt -3.15319 0.195824
f 860/2003/868 882/2081/889 898/2080/905

f 860/2003/868 880/2038/887 882/2081/889

vt -3.15319 3.27609
vt -3.00885 3.22637
vt -2.86472 3.27609
f 882/2082/889 883/2083/890 898/2084/905

vt -3.00885 3.22638
f 886/2058/893 898/2084/905 883/2085/890

f 888/2057/895 898/2084/905 886/2058/893

vt -3.00885 4.62849
f 884/2050/891 886/2054/893 883/2086/890

vt -1.71083 3.27609
f 897/2087/904 891/2062/898 892/2063/899

vt -1.49442 3.22638
vt -1.71083 3.2761
vt -1.92712 3.22638
f 894/2088/901 897/2089/904 892/2090/899

v 0.164836 0.336997 -0.00825021
vt -1.13389 0.195824
vn -0.93548 1.14902e-07 -0.353379
f 860/2003/868 896/2076/903 899/2091/906

vt -1.42236 3.27609
vt -1.27808 3.22637
vt -1.13389 3.27609
f 896/2092/903 895/2093/902 899/2094/906

vt -1.13389 3.2761
vt -1.27808 3.22639
v 0.16509 0.335164 -0.00948708
vt -1.06173 3.22639
vn -0.992609 1.10909e-07 -0.121353
f 899/2095/906 895/2096/902 900/2097/907

v 0.16509 0.328099 -0.0132063
vt -0.783603 4.48206
vn -1 3.85697e-08 -3.01196e-07
vt -1.06173 4.62848
vt -1.27808 4.62848
f 901/2098/908 900/2099/907 895/2100/902

v 0.16509 0.324174 -0.00948708
vt -0.629036 4.62849
vn -0.992609 -1.10909e-07 -0.121354
vt -1.06173 4.62849
vt -0.783598 4.48207
f 902/2101/909 900/2102/907 901/2103/908

vt -0.629036 3.22638
v 0.164836 0.32967 -0.00825021
vt -0.845413 3.2761
vn -0.93548 -5.74514e-08 -0.353379
vt -1.06173 3.22638
f 902/2104/909 903/2105/910 900/2106/907

vt -0.629038 3.22637
v 0.164836 0.322342 -0.00825021
vt -0.556943 3.27609
vn -0.93548 -2.98634e-16 -0.35338
vt -0.845415 3.27609
f 902/2107/909 904/2108/911 903/2109/910

v 0.16509 0.318678 -0.00948708
vt -0.412692 3.22637
vn -0.994871 -3.62884e-16 -0.101149
f 902/2107/909 905/2110/912 904/2108/911

vt -0.7836 4.48207
vt -0.412692 4.62849
vt -0.629038 4.62849
f 901/2111/908 905/2112/912 902/2113/909

v 0.16509 0.307688 -0.0132063
vt 0.0199999 4.48207
vn -1 -3.95106e-08 -2.91871e-07
f 901/2111/908 906/2114/913 905/2112/912

f 906/2114/913 901/2111/908 715/1561/728

f 715/1561/728 901/2111/908 893/2066/900

vt -1.27808 4.62849
f 893/2066/900 901/2111/908 895/2115/902

f 893/2066/900 885/2053/892 715/1561/728

v 0.16509 0.287277 -0.0132063
vt 0.8236 4.48207
vn -1 3.97299e-08 3.10287e-07
f 907/2116/914 906/2114/913 715/1561/728

v 0.16509 0.296698 -0.00948708
vt 0.452692 4.62849
vn -0.994871 -1.89328e-07 -0.101149
f 906/2114/913 907/2116/914 908/2117/915

v 0.16509 0.291202 -0.00948708
vt 0.669038 4.62849
vn -0.992609 -1.14194e-07 -0.121354
f 907/2116/914 909/2118/916 908/2117/915

vt 0.66904 4.6285
vt 0.823602 4.48207
v 0.16509 0.280212 -0.00948708
vt 1.10173 4.6285
vn -0.992609 1.14193e-07 -0.121355
f 909/2119/916 907/2120/914 910/2121/917

vt 0.823596 4.48208
v 0.16509 0.274717 -0.00948708
vt 1.31807 4.62851
vn -0.994871 1.90361e-07 -0.101149
vt 1.10173 4.62851
f 907/2122/914 911/2123/918 910/2124/917

v 0.16509 0.266865 -0.0132063
vt 1.6272 4.48207
vn -1 2.83473e-12 1.6567e-11
vt 1.31808 4.62849
f 912/2125/919 911/2126/918 907/2116/914

v 0.16509 0.269222 -0.00948708
vt 1.53442 4.62849
vn -0.992609 8.49488e-14 -0.121354
f 913/2127/920 911/2126/918 912/2125/919

v 0.164836 0.271052 -0.00825021
vt 1.46236 3.27609
vn -0.93548 -2.80003e-16 -0.35338
vt 1.31808 3.22637
vt 1.53442 3.22637
f 914/2128/921 911/2129/918 913/2130/920

v 0.164836 0.278379 -0.00825021
vt 1.17389 3.27609
vn -0.93548 1.18253e-07 -0.353381
f 915/2131/922 911/2129/918 914/2128/921

vt 1.31807 3.22636
vt 1.17388 3.27608
vt 1.10173 3.22636
f 911/2132/918 915/2133/922 910/2134/917

vt 1.17389 3.27607
v 0.164836 0.285706 -0.00825021
vt 0.885415 3.27607
vn -0.93548 -5.91268e-08 -0.353381
f 910/2134/917 915/2135/922 916/2136/923

vt 0.885415 0.195824
vt 1.17389 0.195824
f 916/2137/923 915/2138/922 860/2003/868

vt 1.46236 0.195824
f 915/2138/922 914/2139/921 860/2003/868

v 0.164836 0.263725 -0.00825021
vt 1.75083 0.195824
vn -0.93548 4.39555e-14 -0.35338
f 914/2139/921 917/2140/924 860/2003/868

vt 1.75083 3.27609
f 917/2141/924 914/2128/921 913/2130/920

v 0.16509 0.258231 -0.00948708
vt 1.96712 3.22637
vn -0.996235 -1.15499e-13 -0.0866901
f 918/2142/925 917/2141/924 913/2130/920

v 0.164836 0.256398 -0.00825021
vt 2.0393 3.27609
vn -0.93548 -8.8856e-14 -0.35338
f 918/2142/925 919/2143/926 917/2141/924

v 0.16509 0.252736 -0.00948708
vt 2.18346 3.22637
vn -0.992609 -1.70978e-13 -0.121354
f 919/2143/926 918/2142/925 920/2144/927

v 0.16509 0.246454 -0.0132063
vt 2.4308 4.48207
vn -1 -1.16516e-11 4.51959e-11
vt 2.18346 4.62849
vt 1.96712 4.62849
f 921/2145/928 920/2146/927 918/2147/925

v 0.16509 0.247241 -0.00948708
vt 2.39981 4.62849
vn -0.992609 -2.26331e-11 -0.121354
f 922/2148/929 920/2146/927 921/2145/928

v 0.164836 0.249071 -0.00825021
vt 2.32777 3.27609
vn -0.93548 -2.52938e-16 -0.35338
vt 2.39981 3.22637
f 923/2149/930 920/2144/927 922/2150/929

f 919/2143/926 920/2144/927 923/2149/930

vt 2.0393 0.195824
vt 2.32777 0.195824
f 860/2003/868 919/2151/926 923/2152/930

f 917/2140/924 919/2151/926 860/2003/868

v 0.164836 0.241743 -0.00825021
vt 2.61624 0.195824
vn -0.920494 -9.77377e-12 -0.390757
f 860/2003/868 923/2152/930 924/2153/931

vt 2.61624 3.27609
f 924/2154/931 923/2149/930 922/2150/929

v 0.16509 0.23625 -0.00948708
vt 2.8325 3.22637
vn -0.994871 1.88619e-11 -0.101149
f 925/2155/932 924/2154/931 922/2150/929

v 0.164836 0.234416 -0.00825021
vt 2.90472 3.27609
vn -0.93548 2.34371e-11 -0.35338
f 925/2155/932 926/2156/933 924/2154/931

v 0.16509 0.230755 -0.00948708
vt 3.04885 3.22637
vn -0.992609 4.29756e-10 -0.121354
f 926/2156/933 925/2155/932 927/2157/934

v 0.16509 0.226042 -0.0132063
vt 3.2344 4.48207
vn -1 8.26384e-11 -3.63363e-10
vt 3.04885 4.62849
vt 2.8325 4.62849
f 928/2158/935 927/2159/934 925/2160/932

v 0.16509 0.22526 -0.00948708
vt 3.26519 4.62849
vn -0.992609 1.92245e-10 -0.121354
f 927/2159/934 928/2158/935 929/2161/936

v 0.16509 0.21427 -0.00948708
vt 3.69788 4.62849
vn -0.994871 -1.60236e-10 -0.101149
f 928/2158/935 930/2162/937 929/2161/936

v 0.16509 0.205631 -0.0132063
vt 4.038 4.48207
vn -1 3.41023e-15 1.46183e-11
f 928/2158/935 931/2163/938 930/2162/937

f 931/2163/938 928/2158/935 715/1561/728

f 928/2158/935 921/2145/928 715/1561/728

f 921/2145/928 928/2158/935 925/2160/932

f 922/2148/929 921/2145/928 925/2160/932

f 921/2145/928 918/2147/925 715/1561/728

f 918/2147/925 912/2125/919 715/1561/728

f 918/2147/925 913/2127/920 912/2125/919

f 912/2125/919 907/2116/914 715/1561/728

v 0.16509 0.185219 -0.0132063
vt 4.8416 4.48207
vn -1 -3.79184e-16 1.27881e-11
f 932/2164/939 931/2163/938 715/1561/728

v 0.16509 0.197784 -0.00948708
vt 4.34692 4.62849
vn -0.996722 -3.67841e-16 -0.0809026
f 932/2164/939 933/2165/940 931/2163/938

v 0.16509 0.192289 -0.00948708
vt 4.56327 4.62849
vn -0.992609 -3.60069e-16 -0.121354
f 934/2166/941 933/2165/940 932/2164/939

vt 4.56327 3.22637
v 0.164836 0.19778 -0.00825021
vt 4.34707 3.27609
vn -0.944608 -3.09742e-16 -0.328201
vt 4.34692 3.22637
f 934/2167/941 935/2168/942 933/2169/940

v 0.164836 0.190453 -0.00825021
vt 4.63555 3.27609
vn -0.93548 -3.08355e-16 -0.35338
f 934/2167/941 936/2170/943 935/2168/942

v 0.16509 0.186794 -0.00948708
vt 4.77962 3.22637
vn -0.992609 -3.59532e-16 -0.121354
f 936/2170/943 934/2167/941 937/2171/944

vt 4.77962 4.62849
f 932/2164/939 937/2172/944 934/2166/941

v 0.16509 0.181299 -0.00948708
vt 4.99596 4.62849
vn -0.992609 -3.60139e-16 -0.121354
f 932/2164/939 938/2173/945 937/2172/944

v 0.16509 0.175803 -0.00948708
vt 5.21231 4.62849
vn -0.996722 -3.65587e-16 -0.0809026
f 938/2173/945 932/2164/939 939/2174/946

v 0.16509 0.164808 -0.0132063
vt 5.6452 4.48207
f 932/2164/939 940/2175/939 939/2174/946

f 940/2175/939 932/2164/939 715/1561/728

v 0.16509 0.144397 -0.0132063
vt 6.4488 4.48207
f 941/2176/939 940/2175/939 715/1561/728

v 0.16509 0.153823 -0.00948708
vt 6.07769 4.62849
f 941/2176/939 942/2177/758 940/2175/939

v 0.16509 0.148327 -0.00948708
vt 6.29404 4.62849
vn -0.992609 -3.59787e-16 -0.121354
f 943/2178/947 942/2177/758 941/2176/939

vt 6.29404 3.22637
v 0.164836 0.153817 -0.00825021
vt 6.0779 3.27609
vn -0.944608 -2.2468e-16 -0.328201
vt 6.07769 3.22637
f 943/2179/947 944/2180/948 942/2181/758

v 0.164836 0.14649 -0.00825021
vt 6.36638 3.27609
vn -0.93548 -2.53284e-16 -0.35338
f 943/2179/947 945/2182/949 944/2180/948

v 0.16509 0.142832 -0.00948708
vt 6.51038 3.22637
vn -0.992609 -3.60711e-16 -0.121354
f 946/2183/950 945/2182/949 943/2179/947

v 0.164836 0.139163 -0.00825021
vt 6.65485 3.27609
vn -0.93548 -3.59302e-16 -0.35338
f 945/2182/949 946/2183/950 947/2184/951

v 0.16509 0.137337 -0.00948708
vt 6.72673 3.22637
vn -0.992609 -3.60421e-16 -0.121354
f 947/2184/951 946/2183/950 948/2185/952

vt 6.51038 4.62849
vt 6.72673 4.62849
f 946/2186/950 941/2176/939 948/2187/952

f 946/2186/950 943/2178/947 941/2176/939

v 0.16509 0.131842 -0.00948708
vt 6.94308 4.62849
f 941/2176/939 949/2188/940 948/2187/952

v 0.16509 0.123985 -0.0132063
vt 7.2524 4.48207
vn -1 -3.79184e-16 1.4615e-11
f 941/2176/939 950/2189/953 949/2188/940

f 950/2189/953 941/2176/939 715/1561/728

v 0.16509 0.103574 -0.0132063
vt 8.056 4.48207
vn -1 9.7047e-09 5.53028e-08
f 951/2190/954 950/2189/953 715/1561/728

v 0.16509 0.115356 -0.00948708
vt 7.59212 4.62849
vn -0.994871 -2.32554e-08 -0.101149
f 950/2189/953 951/2190/954 952/2191/955

v 0.16509 0.104366 -0.00948708
vt 8.02481 4.62849
vn -0.992609 2.79007e-08 -0.121354
f 951/2190/954 953/2192/956 952/2191/955

v 0.16509 0.0988707 -0.00948708
vt 8.24115 4.62849
vn -0.992609 5.58014e-08 -0.121354
vt 8.05599 4.48207
f 954/2193/957 953/2192/956 951/2194/954

v 0.164836 0.102527 -0.00825021
vt 8.0972 3.27608
vn -0.93548 2.88998e-08 -0.35338
vt 8.02481 3.22637
vt 8.24115 3.22637
f 955/2195/958 953/2196/956 954/2197/957

vt 8.09721 3.27608
v 0.164836 0.109854 -0.00825021
vt 7.80873 3.27608
vn -0.93548 -1.44499e-08 -0.35338
f 953/2196/956 955/2198/958 956/2199/959

vt 7.80873 0.195824
vt 8.09721 0.195824
f 702/1539/715 956/2200/959 955/2201/958

v 0.164836 0.117181 -0.00825021
vt 7.52026 0.195824
vn -0.93548 -3.05897e-16 -0.35338
f 702/1539/715 957/2202/960 956/2200/959

v 0.164836 0.124509 -0.00825021
vt 7.23179 0.195824
vn -0.93548 -3.05575e-16 -0.35338
f 958/2203/961 957/2202/960 702/1539/715

vt 7.52026 3.27609
vt 7.23179 3.27609
v 0.16509 0.120851 -0.00948708
vt 7.37577 3.22637
vn -0.992609 -3.59475e-16 -0.121354
f 957/2204/960 958/2205/961 959/2206/962

v 0.16509 0.126347 -0.00948708
vt 7.15942 3.22637
f 958/2205/961 960/2207/941 959/2206/962

v 0.164836 0.131836 -0.00825021
vt 6.94332 3.27609
vn -0.944608 -3.57428e-16 -0.328201
f 960/2207/941 958/2205/961 961/2208/963

vt 6.94332 0.195824
f 961/2209/963 958/2203/961 702/1539/715

vt 6.65485 0.195824
f 702/1539/715 947/2210/951 961/2209/963

vt 6.36638 0.195824
f 702/1539/715 945/2211/949 947/2210/951

vt 6.0779 0.195824
f 702/1539/715 944/2212/948 945/2211/949

v 0.164836 0.161144 -0.00825021
vt 5.78943 0.195824
vn -0.920494 3.53855e-13 -0.390757
f 702/1539/715 962/2213/964 944/2212/948

v 0.164149 0.197895 -0.00724702
vt 4.34257 0.243687
vn -0.700491 5.8291e-15 -0.713661
f 702/1539/715 963/2214/965 962/2213/964

vt 6.0779 -2.75805
vt 4.34257 -2.80564
vt 10.6935 -2.80564
f 661/2215/675 963/2216/965 702/2217/715

vt 5.78943 -2.75805
f 661/2215/675 660/2218/674 963/2216/965

v 0.163139 0.168472 -0.00658289
vt 5.50096 -2.75805
vn -0.341499 4.16892e-19 -0.939882
f 963/2216/965 660/2218/674 964/2219/966

vt 5.50096 -5.38521
f 660/1464/674 658/1466/672 964/2220/966

f 964/2220/966 658/1466/672 657/1459/671

f 964/2220/966 657/1459/671 655/1457/670

vt 5.21249 -2.75805
f 963/2216/965 964/2219/966 655/2221/670

vt 4.92402 -2.75805
f 963/2216/965 655/2221/670 653/2222/668

vt 4.63555 -2.75805
f 963/2216/965 653/2222/668 652/2223/667

vt 4.34707 -2.75805
f 963/2216/965 652/2223/667 649/2224/664

vt 4.34707 -5.38521
f 652/1452/667 650/1454/665 649/2225/664

vt 4.0586 -2.75805
f 649/2224/664 647/2226/662 963/2216/965

vt 3.77013 -2.75805
f 647/2226/662 645/2227/660 963/2216/965

vt 3.48166 -2.75805
f 963/2216/965 645/2227/660 643/2228/658

vt 3.19319 -2.75805
f 643/2228/658 641/2229/656 963/2216/965

vt 2.90472 -2.75805
f 641/2229/656 639/2230/654 963/2216/965

f 639/2230/654 860/1992/868 963/2216/965

vt 2.61624 -2.75805
f 639/2230/654 637/2231/652 860/1992/868

vt 2.32777 -2.75805
f 637/2231/652 636/2232/651 860/1992/868

v 0.163139 0.256398 -0.00658289
vt 2.0393 -2.75805
vn -0.341499 -1.02606e-18 -0.939882
f 636/2232/651 965/2233/967 860/1992/868

vt 2.0393 -5.38521
f 636/1425/651 634/1427/649 965/2234/967

f 965/2234/967 634/1427/649 633/1421/648

f 965/2234/967 633/1421/648 632/1419/647

vt 1.75083 -2.75805
f 965/2233/967 632/2235/647 860/1992/868

vt 1.46236 -2.75805
f 860/1992/868 632/2235/647 631/2236/646

vt 1.17389 -2.75805
f 860/1992/868 631/2236/646 630/2237/645

vt 0.885415 -2.75805
f 860/1992/868 630/2237/645 629/2238/644

v 0.163139 0.293034 -0.00658289
vt 0.596943 -2.75805
vn -0.341499 -2.33395e-17 -0.939882
f 860/1992/868 629/2238/644 966/2239/968

vt 0.885415 -5.38521
vt 0.669038 -5.33762
vt 0.596943 -5.38521
f 629/2240/644 628/2241/643 966/2242/968

v 0.161953 0.296698 -0.00634998
vt 0.452692 -5.33762
vn -0.0967897 1.02467e-16 -0.995305
f 966/2242/968 628/2241/643 967/2243/969

vt -0.452692 6.37259
f 628/1405/643 533/1242/545 967/2244/969

f 967/2244/969 533/1242/545 534/1243/546

v 0.161953 0.302193 -0.00634998
vt -0.236347 6.37259
vn -0.116126 1.98064e-07 -0.993234
f 534/1243/546 968/2245/970 967/2244/969

vt -0.0199976 5.97442
v 0.161953 0.313183 -0.00634998
vt 0.196348 6.37259
vn -0.116127 -1.98062e-07 -0.993234
vt -0.236344 6.37259
f 534/2246/546 969/2247/971 968/2248/970

vt -0.0200046 5.97443
v 0.161953 0.318678 -0.00634998
vt 0.412688 6.37259
vn -0.09679 -3.30167e-07 -0.995305
vt 0.196341 6.37259
f 534/2249/546 970/2250/972 969/2251/971

vt 0.412692 6.37259
f 535/1244/547 970/2252/972 534/1243/546

v 0.161953 0.324174 -0.00634998
vt 0.629038 6.37259
vn -0.116126 -4.03618e-08 -0.993235
f 535/1244/547 971/2253/973 970/2252/972

v 0.161953 0.335164 -0.00634998
vt 1.06173 6.37259
vn -0.0967893 3.3641e-08 -0.995305
f 971/2253/973 535/1244/547 972/2254/974

f 535/1244/547 536/1245/548 972/2254/974

v 0.161953 0.340659 -0.00634998
vt 1.27808 6.37259
vn -0.116125 8.07233e-08 -0.993235
f 536/1245/548 973/2255/975 972/2254/974

v 0.161953 0.346154 -0.00634998
vt 1.49442 6.37259
vn -0.116126 9.49945e-17 -0.993235
f 536/1245/548 974/2256/976 973/2255/975

v 0.161953 0.35165 -0.00634998
vt 1.71077 6.37259
f 975/2257/559 974/2256/976 536/1245/548

vt -1.49442 -5.33762
vt -1.71077 -5.33762
v 0.163139 0.351651 -0.00658289
vt -1.71083 -5.38521
vn -0.316849 1.93137e-17 -0.948476
f 974/2258/976 975/2259/559 976/2260/977

v 0.161953 0.357145 -0.00634998
vt -1.92712 -5.33762
vn -0.116126 9.63363e-17 -0.993235
f 976/2260/977 975/2259/559 977/2261/978

vt 1.92712 6.37259
f 975/2257/559 537/1246/549 977/2262/978

f 536/1245/548 537/1246/549 975/2257/559

v 0.161953 0.36264 -0.00634998
vt 2.14346 6.37259
vn -0.116126 9.39669e-17 -0.993235
f 978/2263/979 977/2262/978 537/1246/549

v 0.163139 0.358978 -0.00658289
vt -1.9993 -5.38521
vn -0.341499 2.15229e-17 -0.939882
vt -2.14346 -5.33762
f 979/2264/980 977/2261/978 978/2265/979

f 976/2260/977 977/2261/978 979/2264/980

vt -1.71083 -2.75805
vt -1.9993 -2.75805
f 976/2266/977 979/2267/980 860/1992/868

v 0.163139 0.366305 -0.00658289
vt -2.28777 -2.75805
vn -0.341499 2.57245e-17 -0.939882
f 979/2267/980 980/2268/981 860/1992/868

vt -2.28777 -5.38521
f 979/2264/980 978/2265/979 980/2269/981

v 0.161953 0.368135 -0.00634998
vt -2.35981 -5.33762
vn -0.0967894 -1.66157e-07 -0.995305
f 978/2265/979 981/2270/982 980/2269/981

vt 2.35981 6.37259
f 978/2263/979 537/1246/549 981/2271/982

f 537/1246/549 538/1247/550 981/2271/982

vt 2.35981 6.37258
v 0.161953 0.379125 -0.00634999
vt 2.7925 6.37258
vn -0.116124 1.99352e-07 -0.993235
f 981/2272/982 538/1247/550 982/2273/983

vt 3.00885 6.37258
f 982/2273/983 538/1247/550 858/2274/866

v 0.163139 0.38096 -0.00658289
vt -2.86475 -5.38521
vn -0.341498 2.04479e-07 -0.939883
vt -2.79253 -5.33762
vt -3.00888 -5.33762
f 983/2275/984 982/2276/983 858/2277/866

v 0.163139 0.373633 -0.00658289
vt -2.57624 -5.38524
vn -0.341498 -1.02239e-07 -0.939882
vt -2.7925 -5.33764
vt -2.86472 -5.38524
f 984/2278/985 982/2279/983 983/2280/984

vt -2.35979 -5.33764
vt -2.79248 -5.33764
vt -2.57623 -5.38523
f 981/2281/982 982/2282/983 984/2283/985

vt -2.57624 -5.38521
f 980/2269/981 981/2270/982 984/2284/985

vt -2.57624 -2.75805
f 980/2268/981 984/2285/985 860/1992/868

vt -2.86472 -2.75805
f 984/2285/985 983/2286/984 860/1992/868

f 983/2286/984 859/1990/867 860/1992/868

vt -2.86472 -5.38521
f 983/2287/984 858/1986/866 859/1988/867

v 0.163139 0.344324 -0.00658289
vt -1.42236 -2.75805
vn -0.341499 1.04744e-18 -0.939882
f 985/2288/986 976/2266/977 860/1992/868

vt -1.42236 -5.38521
f 985/2289/986 974/2258/976 976/2260/977

vt -1.27808 -5.33762
f 973/2290/975 974/2258/976 985/2289/986

v 0.163139 0.336997 -0.00658289
vt -1.13389 -5.38521
vn -0.341499 4.14041e-08 -0.939882
f 986/2291/987 973/2290/975 985/2289/986

vt -1.06174 -5.33762
f 986/2291/987 972/2292/974 973/2290/975

v 0.163139 0.32967 -0.00658289
vt -0.845415 -5.38521
vn -0.341499 -2.07021e-08 -0.939882
vt -1.06173 -5.33762
f 987/2293/988 972/2294/974 986/2291/987

vt -0.629035 -5.33762
vt -0.845412 -5.38521
f 971/2295/973 972/2294/974 987/2296/988

v 0.163139 0.322342 -0.00658289
vt -0.556943 -5.38521
vn -0.341499 -2.77799e-18 -0.939882
vt -0.629038 -5.33762
f 988/2297/989 971/2298/973 987/2293/988

vt -0.412692 -5.33762
f 970/2299/972 971/2298/973 988/2297/989

v 0.163139 0.315015 -0.00658289
vt -0.268472 -5.38521
vn -0.341501 -2.03177e-07 -0.939881
f 989/2300/990 970/2299/972 988/2297/989

vt -0.268438 -5.38519
vt -0.196313 -5.3376
vt -0.412659 -5.3376
f 989/2301/990 969/2302/971 970/2303/972

v 0.163139 0.307688 -0.00658289
vt 0.0199999 -5.38518
vn -0.341501 1.01589e-07 -0.939882
vt -0.196346 -5.33759
vt -0.268472 -5.38518
f 990/2304/991 969/2305/971 989/2306/990

vt 0.23633 -5.3376
vt -0.196362 -5.3376
vt 0.0199833 -5.3852
f 968/2307/970 969/2308/971 990/2309/991

v 0.163139 0.300361 -0.00658289
vt 0.308472 -5.38521
vn -0.341499 -3.81938e-17 -0.939882
vt 0.236347 -5.33762
vt 0.0199999 -5.38521
f 991/2310/992 968/2311/970 990/2312/991

f 967/2243/969 968/2311/970 991/2310/992

f 966/2242/968 967/2243/969 991/2310/992

vt 0.308472 -2.75805
f 966/2239/968 991/2313/992 860/1992/868

vt 0.0199999 -2.75805
f 991/2313/992 990/2314/991 860/1992/868

vt -0.268472 -2.75805
f 990/2314/991 989/2315/990 860/1992/868

vt -0.556943 -2.75805
f 989/2315/990 988/2316/989 860/1992/868

vt -0.845415 -2.75805
f 988/2316/989 987/2317/988 860/1992/868

vt -1.13389 -2.75805
f 987/2317/988 986/2318/987 860/1992/868

f 986/2318/987 985/2288/986 860/1992/868

f 963/2214/965 860/2003/868 924/2153/931

vt 2.90472 0.195824
f 963/2214/965 924/2153/931 926/2319/933

v 0.164836 0.227089 -0.00825021
vt 3.19319 0.195824
vn -0.93548 1.99068e-10 -0.35338
f 926/2319/933 992/2320/993 963/2214/965

vt 3.19319 3.27609
f 926/2156/933 927/2157/934 992/2321/993

vt 3.26519 3.22637
f 929/2322/936 992/2321/993 927/2157/934

v 0.164836 0.219762 -0.00825021
vt 3.48166 3.27609
vn -0.93548 -9.95346e-11 -0.35338
f 993/2323/994 992/2321/993 929/2322/936

vt 3.48166 0.195824
f 963/2214/965 992/2320/993 993/2324/994

v 0.164836 0.212435 -0.00825021
vt 3.77013 0.195824
vn -0.93548 -2.91132e-16 -0.35338
f 963/2214/965 993/2324/994 994/2325/995

vt 3.69788 3.22637
vt 3.77013 3.27609
f 930/2326/937 994/2327/995 993/2323/994

v 0.16509 0.208775 -0.00948708
vt 3.91423 3.22637
vn -0.992609 -3.5882e-16 -0.121354
f 995/2328/996 994/2327/995 930/2326/937

v 0.164836 0.205107 -0.00825021
vt 4.0586 3.27609
vn -0.93548 -2.97929e-16 -0.35338
f 994/2327/995 995/2328/996 996/2329/997

v 0.16509 0.203279 -0.00948708
vt 4.13058 3.22637
vn -0.992609 -3.60174e-16 -0.121354
f 996/2329/997 995/2328/996 997/2330/998

vt 3.91423 4.62849
vt 4.13058 4.62849
f 995/2331/996 931/2163/938 997/2332/998

f 995/2331/996 930/2162/937 931/2163/938

f 933/2165/940 997/2332/998 931/2163/938

f 933/2169/940 935/2168/942 997/2330/998

f 935/2168/942 996/2329/997 997/2330/998

vt 4.0586 0.195824
vt 4.34707 0.195824
f 963/2214/965 996/2333/997 935/2334/942

f 994/2325/995 996/2333/997 963/2214/965

vt 4.63555 0.195824
f 963/2214/965 935/2334/942 936/2335/943

v 0.164836 0.183126 -0.00825021
vt 4.92402 0.195824
vn -0.93548 -3.19449e-16 -0.35338
f 936/2335/943 998/2336/999 963/2214/965

vt 4.92402 3.27609
f 936/2170/943 937/2171/944 998/2337/999

vt 4.99596 3.22637
f 998/2337/999 937/2171/944 938/2338/945

v 0.164836 0.175799 -0.00825021
vt 5.21249 3.27609
vn -0.944608 -3.06737e-16 -0.328201
f 999/2339/1000 998/2337/999 938/2338/945

vt 5.21249 0.195824
f 998/2336/999 999/2340/1000 963/2214/965

v 0.164836 0.168472 -0.00825021
vt 5.50096 0.195824
vn -0.93548 -3.0599e-16 -0.35338
f 999/2340/1000 1000/2341/1001 963/2214/965

v 0.16509 0.170308 -0.00948708
vt 5.42865 3.22637
vn -0.992609 -3.59012e-16 -0.121354
vt 5.50096 3.27609
f 1001/2342/1002 1000/2343/1001 999/2339/1000

v 0.16509 0.164813 -0.00948708
vt 5.645 3.22637
vn -0.992609 -3.58686e-16 -0.121354
f 1000/2343/1001 1001/2342/1002 1002/2344/1003

vt 5.645 4.62849
vt 5.42865 4.62849
f 940/2175/939 1002/2345/1003 1001/2346/1002

v 0.16509 0.159318 -0.00948708
vt 5.86135 4.62849
vn -0.992609 -3.58695e-16 -0.121354
f 1003/2347/1004 1002/2345/1003 940/2175/939

vt 5.86135 3.22637
vt 5.78943 3.27609
f 1003/2348/1004 962/2349/964 1002/2344/1003

f 944/2180/948 962/2349/964 1003/2348/1004

f 942/2181/758 944/2180/948 1003/2348/1004

f 940/2175/939 942/2177/758 1003/2347/1004

f 1000/2343/1001 1002/2344/1003 962/2349/964

f 1000/2341/1001 962/2213/964 963/2214/965

f 940/2175/939 1001/2346/1002 939/2174/946

vt 5.21231 3.22637
f 1001/2342/1002 999/2339/1000 939/2350/946

f 939/2350/946 999/2339/1000 938/2338/945

f 930/2326/937 993/2323/994 929/2322/936

vt 6.36638 -2.75805
f 665/2351/679 661/2215/675 702/2217/715

f 665/1473/679 663/1469/677 661/1467/675

vt 6.65485 -2.75805
f 666/2352/680 665/2351/679 702/2217/715

vt 6.94332 -2.75805
f 702/2217/715 668/2353/682 666/2352/680

vt 7.23179 -2.75805
f 702/2217/715 670/2354/684 668/2353/682

vt 7.52026 -2.75805
f 672/2355/686 670/2354/684 702/2217/715

vt 7.80873 -2.75805
f 674/2356/688 672/2355/686 702/2217/715

vt 8.09721 -2.75805
f 702/2217/715 676/2357/690 674/2356/688

vt 8.38568 -2.75805
f 702/2217/715 678/2358/692 676/2357/690

vt 8.67415 -2.75805
f 702/2217/715 680/2359/694 678/2358/692

vt 8.96262 -2.75805
f 702/2217/715 683/2360/697 680/2359/694

vt 9.25109 -2.75805
f 702/2217/715 684/2361/698 683/2360/697

vt 9.53956 -2.75805
f 702/2217/715 686/2362/700 684/2361/698

vt 9.82804 -2.75805
f 690/2363/703 686/2362/700 702/2217/715

f 690/1514/703 688/1510/701 686/1508/700

vt 10.1165 -2.75805
f 691/2364/704 690/2363/703 702/2217/715

vt 10.405 -2.75805
f 692/2365/705 691/2364/704 702/2217/715

f 693/1527/706 692/2365/705 702/2217/715

f 693/1527/706 702/2217/715 695/1525/708

f 695/1531/708 702/1539/715 698/1533/711

f 683/1504/697 681/1493/695 680/1492/694

f 961/2208/963 947/2184/951 948/2185/952

vt 6.94308 3.22637
f 949/2366/940 961/2208/963 948/2185/952

f 960/2207/941 961/2208/963 949/2366/940

vt 7.15942 4.62849
f 960/2367/941 949/2188/940 950/2189/953

vt 7.37577 4.62849
f 959/2368/962 960/2367/941 950/2189/953

f 952/2191/955 959/2368/962 950/2189/953

vt 7.59212 3.22637
f 957/2204/960 959/2206/962 952/2369/955

vt 7.80873 3.27609
f 956/2370/959 957/2204/960 952/2369/955

f 953/2196/956 956/2370/959 952/2369/955

v 0.164836 0.0951998 -0.00825021
vt 8.38568 0.195824
vn -0.93548 -3.0545e-16 -0.35338
f 955/2201/958 1004/2371/1005 702/1539/715

vt 8.09721 3.27609
vt 8.38568 3.27609
f 955/2372/958 954/2197/957 1004/2373/1005

v 0.16509 0.0933755 -0.00948708
vt 8.4575 3.22637
vn -0.994871 -5.01953e-10 -0.101149
f 1005/2374/1006 1004/2373/1005 954/2197/957

v 0.164836 0.0878726 -0.00825021
vt 8.67415 3.27609
vn -0.93548 -3.11872e-10 -0.35338
f 1006/2375/1007 1004/2373/1005 1005/2374/1006

vt 8.67415 0.195824
f 1004/2371/1005 1006/2376/1007 702/1539/715

v 0.164836 0.0805454 -0.00825021
vt 8.96262 0.195824
vn -0.93548 6.23743e-10 -0.35338
f 1006/2376/1007 1007/2377/1008 702/1539/715

v 0.16509 0.0823851 -0.00948708
vt 8.89019 3.22637
vn -0.992609 6.02221e-10 -0.121354
vt 8.96262 3.27609
f 1008/2378/1009 1007/2379/1008 1006/2375/1007

v 0.16509 0.0768899 -0.00948708
vt 9.10654 3.22637
vn -0.992609 3.97796e-09 -0.121354
f 1009/2380/1010 1007/2379/1008 1008/2378/1009

v 0.164836 0.0732182 -0.00825021
vt 9.25109 3.27609
vn -0.93548 1.43627e-09 -0.35338
f 1007/2379/1008 1009/2380/1010 1010/2381/1011

v 0.16509 0.0713947 -0.00948708
vt 9.32288 3.22637
vn -0.994871 1.15587e-09 -0.101149
f 1010/2381/1011 1009/2380/1010 1011/2382/1012

vt 9.32288 4.62849
vt 9.10654 4.62849
v 0.16509 0.0831623 -0.0132063
vt 8.8596 4.48207
vn -1 1.1743e-09 1.4981e-09
f 1011/2383/1012 1009/2384/1010 1012/2385/1013

vt 8.89019 4.62849
f 1008/2386/1009 1012/2385/1013 1009/2384/1010

vt 8.4575 4.62849
f 1012/2385/1013 1008/2386/1009 1005/2387/1006

f 1008/2378/1009 1006/2375/1007 1005/2374/1006

f 1012/2385/1013 1005/2387/1006 951/2190/954

f 951/2190/954 1005/2387/1006 954/2193/957

f 1012/2385/1013 951/2190/954 715/1561/728

f 715/1561/728 708/1548/721 1012/2385/1013

f 708/1548/721 1011/2383/1012 1012/2385/1013

f 1011/2383/1012 708/1548/721 706/1550/719

f 706/1544/719 705/1546/718 1011/2382/1012

f 705/1546/718 1010/2381/1011 1011/2382/1012

vt 9.25109 0.195824
f 1010/2388/1011 705/1543/718 702/1539/715

f 1007/2377/1008 1010/2388/1011 702/1539/715

v 0.164836 0.293034 -0.00825021
vt 0.596943 0.195824
vn -0.93548 -3.05355e-16 -0.35338
f 1013/2389/1014 916/2137/923 860/2003/868

vt 0.885415 3.27609
vt 0.596943 3.27609
vt 0.669038 3.22637
f 916/2390/923 1013/2391/1014 909/2392/916

vt 0.452692 3.22637
f 909/2392/916 1013/2391/1014 908/2393/915

v 0.164836 0.300361 -0.00825021
vt 0.308472 3.27609
vn -0.93548 -1.17622e-07 -0.353379
f 1014/2394/1015 908/2393/915 1013/2391/1014

vt 0.308475 3.2761
v 0.16509 0.302193 -0.00948708
vt 0.236351 3.22639
vn -0.992609 -1.13573e-07 -0.121353
vt 0.452696 3.22639
f 1014/2395/1015 1015/2396/1016 908/2397/915

vt 0.236347 3.22639
vt 0.308472 3.27611
v 0.164836 0.307688 -0.00825021
vt 0.0199999 3.27611
vn -0.93548 5.88108e-08 -0.353379
f 1015/2398/1016 1014/2399/1015 1016/2400/1017

vt 0.0199999 0.195824
vt 0.308472 0.195824
f 860/2003/868 1016/2401/1017 1014/2402/1015

v 0.164836 0.315015 -0.00825021
vt -0.268472 0.195824
vn -0.93548 -2.98705e-16 -0.35338
f 860/2003/868 1017/2403/1018 1016/2401/1017

vt -0.556943 0.195824
f 860/2003/868 904/2404/911 1017/2403/1018

vt -0.845415 0.195824
f 860/2003/868 903/2405/910 904/2404/911

f 860/2003/868 899/2091/906 903/2405/910

vt -1.13389 3.27611
vt -0.845415 3.27611
f 899/2406/906 900/2097/907 903/2407/910

vt -0.268472 3.27609
f 905/2110/912 1017/2408/1018 904/2108/911

v 0.16509 0.313183 -0.00948708
vt -0.196346 3.22637
vn -0.992609 1.13573e-07 -0.121354
f 1017/2408/1018 905/2110/912 1018/2409/1019

vt -0.196346 4.62849
f 905/2112/912 906/2114/913 1018/2410/1019

vt -0.196347 4.62849
vt 0.0199982 4.48206
vt 0.236345 4.62849
f 1018/2411/1019 906/2412/913 1015/2413/1016

vt 0.0200035 4.48206
vt 0.452696 4.62848
vt 0.23635 4.62848
f 906/2414/913 908/2415/915 1015/2416/1016

vt -0.196348 3.22638
vt 0.236345 3.22638
vt 0.019998 3.2761
f 1018/2417/1019 1015/2418/1016 1016/2419/1017

vt 0.0199999 3.27609
f 1017/2408/1018 1018/2409/1019 1016/2420/1017

f 860/2003/868 1014/2402/1015 1013/2389/1014

vt 1.10173 3.22637
vt 0.885417 3.27608
vt 0.66904 3.22637
f 910/2421/917 916/2422/923 909/2423/916

f 873/2024/835 872/2023/880 875/2031/882

vt 4.52327 6.37258
vt 4.09058 6.37258
f 848/2424/856 851/2425/859 540/1249/552

f 848/1953/856 540/1249/552 541/1250/553

f 541/1250/553 542/1251/554 845/1951/559

vt 5.38865 6.37259
f 845/1951/559 542/1251/554 843/2426/853

f 843/2426/853 542/1251/554 838/1929/848

f 542/1251/554 543/1252/549 835/1923/676

vt -0.885415 3.38497
f 589/1617/605 590/2427/606 736/1618/747

v 0.171567 0.266867 -0.00948751
vt -1.62714 3.24103
vn 0.995305 1.56604e-12 0.0967886
f 590/2427/606 1019/2428/1020 736/1618/747

vt -1.75083 3.38497
f 590/2427/606 591/2429/607 1019/2428/1020

v 0.171567 0.250538 -0.00948751
vt -2.27 3.24103
vn 0.993235 -5.59188e-12 0.116124
f 591/2429/607 1020/2430/1021 1019/2428/1020

vt -2.61624 3.38497
f 591/2429/607 592/2431/608 1020/2430/1021

vt -2.91286 3.24103
f 592/2431/608 732/2432/745 1020/2430/1021

vt -3.48166 3.38497
f 592/2431/608 593/2433/609 732/2432/745

vt -4.19857 3.24103
f 593/2433/609 731/2434/744 732/2432/745

vt -4.34707 3.38497
f 593/2433/609 594/2435/610 731/2434/744

v 0.171567 0.185224 -0.00948751
vt -4.84143 3.24103
f 594/2435/610 1021/2436/824 731/2434/744

vt -5.21249 3.38497
f 594/2435/610 595/2437/611 1021/2436/824

v 0.171567 0.168895 -0.00948751
vt -5.48429 3.24103
f 595/2437/611 1022/2438/825 1021/2436/824

f 595/2437/611 596/1359/612 1022/2438/825

v 0.171567 0.152567 -0.00948751
vt -6.12714 3.24103
vn 0.996999 3.6633e-16 0.0774163
f 596/1359/612 1023/2439/1022 1022/2438/825

f 596/1359/612 598/1361/614 1023/2439/1022

vt -6.77 4.042
vt -6.12714 4.62848
vt -6.77 4.62848
f 727/2440/592 1023/2441/1022 598/2442/614

vt -5.645 4.042
f 728/2443/592 1023/2441/1022 727/2440/592

vt -5.48429 4.62848
f 1022/2444/825 1023/2441/1022 728/2443/592

vt -4.84143 4.62848
f 1022/2444/825 728/2443/592 1021/2445/824

f 729/1604/592 1021/2445/824 728/2443/592

f 1021/2445/824 729/1604/592 731/1606/744

vt -7.41286 4.62848
f 599/2446/615 727/2440/592 598/2442/614

vt -7.895 4.042
f 599/2446/615 726/2447/592 727/2440/592

v 0.171567 0.103581 -0.00948751
vt -8.05571 4.62848
vn 0.993235 3.60478e-16 0.116124
f 726/2447/592 599/2446/615 1024/2448/1023

vt -8.05571 3.24103
f 600/1363/616 1024/2449/1023 599/1362/615

vt -8.67415 3.38497
f 600/1363/616 601/2450/617 1024/2449/1023

v 0.171567 0.0872523 -0.00948751
vt -8.69857 3.24103
f 601/2450/617 1025/2451/826 1024/2449/1023

f 601/2450/617 721/1582/737 1025/2451/826

f 601/2450/617 602/1580/618 721/1582/737

vt -8.69857 4.62848
vt -9.02 4.042
f 1025/2452/826 721/1585/737 725/2453/592

f 722/1584/592 725/2453/592 721/1585/737

f 726/2447/592 1025/2452/826 725/2453/592

f 1024/2448/1023 1025/2452/826 726/2447/592

vt -2.27 4.62848
f 1020/2454/1021 732/1607/745 733/1608/746

vt -1.62714 4.62848
f 733/1608/746 1019/2455/1020 1020/2454/1021

f 734/1614/748 1019/2455/1020 733/1608/746

f 1019/2455/1020 734/1614/748 736/1613/747

vt 6.43757 5.21854
v 0.164812 0.021884 -0.00829505
vt 6.20004 5.12247
vn 0.011251 -0.999923 -0.0051526
vt 6.21105 5.07551
f 603/2456/620 1026/2457/1024 713/2458/731

vt 6.51448 4.34561
vt 6.75202 4.44164
vt 6.44919 4.41282
f 1026/2459/1024 603/2460/620 604/2461/621

vt 10.4513 -1.83938
vt 10.5941 -1.89688
vn -0.860051 0.030985 -0.509267
vt 10.5983 -1.80327
f 696/2462/709 1026/2463/1025 604/2464/624

vt 11.0289 0.103557
vt 11.1748 0.101417
vt 11.0293 0.151418
f 712/2465/725 1026/2466/1025 696/2467/709

vt 11.2087 3.0092
vt 11.211 3.05739
vt 11.065 3.0592
f 713/2468/726 1026/2469/1025 712/2470/725

vt 11.1262 0.195824
f 697/1532/710 712/2471/725 696/1530/709

vt 11.1356 -2.792
vt 11.2794 -2.74483
vt 11.1356 -2.74441
f 696/2472/709 604/2473/624 605/2474/623

vt 10.1883 3.22637
f 700/1537/713 701/1538/714 710/2475/723

vt 10.1165 3.27609
f 701/1538/714 703/2476/716 710/2475/723

f 703/2476/716 707/1547/720 710/2475/723

f 704/1545/717 707/1547/720 703/2476/716

f 610/1387/629 611/1388/630 689/1513/702

f 613/1390/632 687/1512/559 611/1388/630

vt -9.32288 6.37259
f 687/1512/559 613/1390/632 685/2477/699

f 685/2477/699 613/1390/632 682/1503/696

f 618/1395/636 662/1470/676 617/1394/632

f 618/1395/636 659/1463/673 662/1470/676

f 618/1395/636 619/1396/632 656/1461/559

vt -4.99596 6.37259
f 656/1461/559 619/1396/632 654/2478/669

f 651/1451/666 654/2478/669 619/1396/632

vt -3.91423 6.37258
vt -4.13057 6.37258
f 620/1397/637 646/2479/661 648/2480/663

vt -3.91423 6.37259
f 620/1397/637 621/1398/638 646/2481/661

vt -3.69788 6.37259
f 646/2481/661 621/1398/638 644/2482/659

vt -3.26519 6.37259
f 644/2482/659 621/1398/638 642/2483/657

f 621/1398/638 622/1399/639 642/2483/657

vt -3.04885 6.37259
f 642/2483/657 622/1399/639 640/2484/655

vt -2.8325 6.37259
f 640/2484/655 622/1399/639 638/2485/653

f 638/2485/653 622/1399/639 635/1424/650

f 623/1400/632 635/1424/650 622/1399/639

v 0.16582 0.19778 -0.000768547
vt -4.34754 -2.60558
vn 0.389278 6.86655e-06 0.92112
vt -11.268 -2.75014
vt 9.49911 -2.75116
f 1027/2486/1026 524/2487/530 579/2488/595

v 0.16582 0.175799 -0.000768547
vt -5.21249 -2.62084
vn 0.351233 1.25149e-16 0.936288
vt -11.2675 -2.76581
vt -4.34707 -2.62084
f 1028/2489/1027 524/2490/530 1027/2491/1026

v 0.16582 0.153817 -0.000768547
vt -6.0779 -2.62084
vn 0.326408 7.60079e-17 0.945229
f 1029/2492/1028 524/2490/530 1028/2489/1027

v 0.16582 0.131836 -0.000768547
vt -6.94332 -2.62084
vn 0.351233 8.38433e-17 0.936288
f 524/2490/530 1029/2492/1028 1030/2493/1029

v 0.162079 0.136238 7.70383e-09
vt -6.77 -5.24041
vn 0.121349 -9.35246e-17 0.99261
vt -6.94332 -5.39076
vt -6.0779 -5.39076
f 1031/2494/1030 1030/2495/1029 1029/2496/1028

v 0.162079 0.119909 7.70383e-09
vt -7.41286 -5.24041
vn 0.121349 -2.43893e-09 0.99261
f 1030/2495/1029 1031/2494/1030 1032/2497/1031

vt 6.77 6.37757
v 0.141837 0.129088 7.70383e-09
vt 7.0515 5.58063
vn 3.01735e-10 -8.54233e-10 1
vt 7.41286 6.37757
f 1031/2498/1030 1033/2499/1032 1032/2500/1031

v 0.162079 0.152567 7.70383e-09
vt 6.12714 6.37757
vn 0.0808995 -1.0854e-16 0.996722
f 1033/2499/1032 1031/2498/1030 1034/2501/1033

vt -6.12714 -5.24041
f 1034/2502/1033 1031/2494/1030 1029/2496/1028

v 0.162079 0.168895 7.70383e-09
vt -5.48429 -5.24041
vn 0.121349 -9.15616e-17 0.99261
f 1035/2503/1034 1034/2502/1033 1029/2496/1028

vt 5.48429 6.37757
v 0.141837 0.164808 7.70383e-09
vt 5.6452 5.58063
vn 2.83962e-16 -1.38778e-16 1
f 1034/2501/1033 1035/2504/1034 1036/2505/1035

v 0.162079 0.185224 7.70383e-09
vt 4.84143 6.37757
vn 0.101145 -9.86162e-17 0.994872
f 1036/2505/1035 1035/2504/1034 1037/2506/1036

vt -5.21249 -5.39076
vt -4.84143 -5.24041
f 1028/2507/1027 1037/2508/1036 1035/2503/1034

vt -4.34707 -5.39076
f 1028/2507/1027 1027/2509/1026 1037/2508/1036

v 0.162079 0.201552 7.70383e-09
vt -4.19857 -5.24041
vn 0.121349 -8.99525e-17 0.99261
f 1038/2510/1037 1037/2508/1036 1027/2509/1026

vt 4.19857 6.37757
v 0.141837 0.200528 7.70383e-09
vt 4.2389 5.58063
vn -3.09834e-13 1.56468e-14 1
f 1037/2506/1036 1038/2511/1037 1039/2512/1038

v 0.162079 0.217881 7.70383e-09
vt 3.55571 6.37757
vn 0.0808995 -1.05861e-16 0.996722
f 1039/2512/1038 1038/2511/1037 1040/2513/1039

vt -3.55571 -5.24041
v 0.16582 0.219762 -0.000768547
vt -3.48166 -5.39076
vn 0.3282 -4.71908e-18 0.944608
f 1040/2514/1039 1038/2510/1037 1041/2515/1040

f 1038/2510/1037 1027/2509/1026 1041/2515/1040

vt -4.34707 -2.57576
vt 9.49959 -2.72051
vt -3.48166 -2.57576
f 1027/2516/1026 579/2517/595 1041/2518/1040

v 0.16582 0.241743 -0.000768547
vt -2.61624 -2.57576
vn 0.353381 -7.65294e-17 0.935479
f 1041/2518/1040 579/2517/595 1042/2519/1041

v 0.16582 0.263725 -0.000768547
vt -1.75083 -2.57576
vn 0.353381 4.46838e-17 0.935479
f 1042/2519/1041 579/2517/595 1043/2520/1042

v 0.16582 0.285706 -0.000768547
vt -0.885415 -2.57576
vn 0.3282 6.05712e-17 0.944608
f 1043/2520/1042 579/2517/595 1044/2521/1043

v 0.16582 0.307688 -0.000768547
vt -0.0199999 -2.57576
vn 0.353381 4.5132e-17 0.935479
f 1044/2521/1043 579/2517/595 1045/2522/1044

v 0.16582 0.32967 -0.000768547
vt 0.845415 -2.57576
vn 0.3282 3.03302e-17 0.944608
f 1045/2522/1044 579/2517/595 1046/2523/1045

v 0.16582 0.351651 -0.000768547
vt 1.71083 -2.57576
vn 0.353381 2.62321e-17 0.935479
f 1046/2523/1045 579/2517/595 1047/2524/1046

v 0.16582 0.373633 -0.000768547
vt 2.57624 -2.57576
vn 0.353381 4.54881e-17 0.935479
f 1047/2524/1046 579/2517/595 1048/2525/1047

v 0.16582 0.395614 -0.000768547
vt 3.44166 -2.57576
vn 0.3282 2.71074e-17 0.944608
f 1048/2525/1047 579/2517/595 1049/2526/1048

v 0.16582 0.417596 -0.000768547
vt 4.30707 -2.57576
vn 0.353381 4.63393e-17 0.935479
f 1049/2526/1048 579/2517/595 1050/2527/1049

v 0.16582 0.439577 -0.000768547
vt 5.17249 -2.57576
vn 0.353381 4.51367e-17 0.935479
f 1050/2527/1049 579/2517/595 1051/2528/1050

v 0.16582 0.461559 -0.000768547
vt 6.0379 -2.57576
vn 0.3282 2.79909e-17 0.944608
f 1051/2528/1050 579/2517/595 1052/2529/1051

v 0.16582 0.48354 -0.000768547
vt 6.90332 -2.57576
vn 0.353381 3.39274e-17 0.935479
f 1052/2529/1051 579/2517/595 1053/2530/1052

v 0.16582 0.505522 -0.000768547
vt 7.76873 -2.57576
vn 0.353381 1.89953e-17 0.935479
f 1053/2530/1052 579/2517/595 1054/2531/1053

v 0.16582 0.527503 -0.000768547
vt 8.63415 -2.57576
vn 0.353381 -1.11357e-09 0.935479
f 1054/2531/1053 579/2517/595 1055/2532/1054

v 0.16582 0.549485 -0.000768547
vt 9.49956 -2.57576
vn 0.364675 -0.00224894 0.931132
f 1055/2532/1054 579/2517/595 1056/2533/1055

vt 9.54286 -2.52329
vt 9.54368 -2.66804
vt 11.2738 -2.63243
vn 0.67763 0.00333016 0.735396
f 1056/2534/1055 579/2535/595 561/2536/1056

vt 9.49567 -0.516048
v 0.170026 0.578873 -0.00426694
vt 10.6526 -0.589014
vn 0.830958 0.00242061 0.55633
vt 11.226 -0.489823
f 579/2537/595 1057/2538/1057 561/2539/1056

vt 9.55289 0.477843
vt 9.5535 0.333912
vt 10.7102 0.410863
f 579/2540/595 572/2541/588 1057/2542/1057

vt 10.6573 1.24014
vt 9.50026 1.16784
vt 11.2306 1.16975
f 1057/2543/1057 572/2544/588 562/2545/585

vt 11.0966 -0.0358806
vt 11.0984 0.132905
vt 10.524 0.0403073
f 562/2546/585 561/2547/1056 1057/2548/1057

vt 11.2249 -3.16834
v 0.165715 0.593473 -0.000725655
vt 11.2264 -3.04509
vn 0.327747 0.00424239 0.944756
vt 9.49462 -3.04838
f 561/2549/1056 1058/2550/1058 1056/2551/1055

vt -6.75805 5.61543
vn -0.0212269 0.998052 -0.0586616
vt -6.86373 5.55199
v 0.162079 0.593438 7.70383e-09
vt -6.61492 5.64405
vn -0.0106184 0.999495 -0.0299378
f 1058/2552/1059 561/2553/571 1059/2554/1060

vt -4.78301 5.01531
vt -6.37757 5.01531
vt -6.62644 4.92341
f 470/2555/471 1059/2556/1060 561/2557/571

vt -11.23 6.37757
vn 0.0744238 0.00418132 0.997218
v 0.141837 0.557728 7.70383e-09
vt -9.82409 5.58063
vn -1.77878e-09 1.85734e-09 1
f 1059/2558/1061 470/1100/472 1060/2559/1062

v 0.141837 0.522008 7.70383e-09
vt -8.41779 5.58063
vn -2.36092e-09 -1.11437e-09 1
f 1061/2560/1063 1060/2559/1062 470/1100/472

v 0.162079 0.544452 7.88579e-09
vt -9.30143 6.37757
vn 0.101145 1.84312e-09 0.994872
f 1061/2560/1063 1062/2561/1064 1060/2559/1062

v 0.162079 0.511795 7.70383e-09
vt -8.01571 6.37757
vn 0.101145 -1.84498e-09 0.994872
f 1061/2560/1063 1063/2562/1065 1062/2561/1064

v 0.141837 0.486288 7.70383e-09
vt -7.0115 5.58063
vn -6.15974e-13 -1.38778e-16 1
f 1061/2560/1063 1064/2563/1066 1063/2562/1065

f 1064/2563/1066 1061/2560/1063 470/1100/472

v 0.141837 0.450568 7.70383e-09
vt -5.6052 5.58063
vn -7.18684e-13 -1.38778e-16 1
f 1065/2564/1067 1064/2563/1066 470/1100/472

v 0.162079 0.462809 7.70383e-09
vt -6.08714 6.37757
vn 0.0808995 -1.06754e-16 0.996722
f 1064/2563/1066 1065/2564/1067 1066/2565/1068

v 0.162079 0.446481 7.70383e-09
vt -5.44429 6.37757
vn 0.121349 -9.1985e-17 0.99261
f 1067/2566/1069 1066/2565/1068 1065/2564/1067

vt 6.08714 -5.24041
vt 5.44429 -5.24041
vt 6.0379 -5.39076
f 1066/2567/1068 1067/2568/1069 1052/2569/1051

vt 5.17249 -5.39076
f 1067/2568/1069 1051/2570/1050 1052/2569/1051

v 0.162079 0.430152 7.70383e-09
vt 4.80143 -5.24041
vn 0.101145 -9.91359e-17 0.994872
f 1051/2570/1050 1067/2568/1069 1068/2571/1070

vt -4.80143 6.37757
f 1065/2564/1067 1068/2572/1070 1067/2566/1069

v 0.141837 0.414848 7.70383e-09
vt -4.1989 5.58063
f 1069/2573/1067 1068/2572/1070 1065/2564/1067

v 0.162079 0.413824 7.70383e-09
vt -4.15857 6.37757
vn 0.121349 -9.16923e-17 0.99261
f 1069/2573/1067 1070/2574/1071 1068/2572/1070

v 0.162079 0.397495 7.70383e-09
vt -3.51571 6.37757
f 1071/2575/1033 1070/2574/1071 1069/2573/1067

vt 4.15857 -5.24041
vt 3.51571 -5.24041
vt 3.44166 -5.39076
f 1070/2576/1071 1071/2577/1033 1049/2578/1048

v 0.162079 0.381167 7.70383e-09
vt 2.87286 -5.24041
vn 0.121349 -9.15153e-17 0.99261
f 1071/2577/1033 1072/2579/1072 1049/2578/1048

v 0.141837 0.379128 7.70383e-09
vt -2.7926 5.58063
vt -2.87286 6.37757
f 1073/2580/1067 1072/2581/1072 1071/2575/1033

v 0.162079 0.364838 7.70383e-09
vt -2.23 6.37757
vn 0.101145 -9.90525e-17 0.994872
f 1072/2581/1072 1073/2580/1067 1074/2582/1073

v 0.141837 0.343408 7.70383e-09
vt -1.3863 5.58063
f 1073/2580/1067 1075/2583/1067 1074/2582/1073

f 1075/2583/1067 1073/2580/1067 470/1100/472

f 1073/2580/1067 1069/2573/1067 470/1100/472

f 1073/2580/1067 1071/2575/1033 1069/2573/1067

f 1069/2573/1067 1065/2564/1067 470/1100/472

v 0.141837 0.307688 7.70383e-09
vt 0.0199999 5.58063
f 1076/2584/1066 1075/2583/1067 470/1100/472

v 0.162079 0.332181 7.70383e-09
vt -0.944286 6.37757
vn 0.0808995 -1.04968e-16 0.996722
f 1076/2584/1066 1077/2585/1074 1075/2583/1067

v 0.162079 0.315852 7.70383e-09
vt -0.301428 6.37757
vn 0.121349 -9.10965e-17 0.99261
f 1078/2586/1075 1077/2585/1074 1076/2584/1066

vt 0.944286 -5.24041
vt 0.301428 -5.24041
vt 0.845415 -5.39076
f 1077/2587/1074 1078/2588/1075 1046/2589/1045

vt -0.0199999 -5.39076
f 1078/2588/1075 1045/2590/1044 1046/2589/1045

v 0.162079 0.299524 7.70383e-09
vt -0.341428 -5.24041
vn 0.121349 -9.23898e-17 0.99261
f 1045/2590/1044 1078/2588/1075 1079/2591/1076

vt 0.341428 6.37757
f 1078/2586/1075 1076/2584/1066 1079/2592/1076

v 0.162079 0.283195 7.70383e-09
vt 0.984286 6.37757
f 1076/2584/1066 1080/2593/1033 1079/2592/1076

v 0.141837 0.271968 7.70383e-09
vt 1.4263 5.58063
f 1076/2584/1066 1081/2594/1067 1080/2593/1033

f 1081/2594/1067 1076/2584/1066 470/1100/472

v 0.141837 0.236248 7.70383e-09
vt 2.8326 5.58063
f 1082/2595/1067 1081/2594/1067 470/1100/472

v 0.162079 0.250538 7.70383e-09
vt 2.27 6.37757
vn 0.101145 -9.94888e-17 0.994872
f 1082/2595/1067 1083/2596/1077 1081/2594/1067

v 0.162079 0.234209 7.70383e-09
vt 2.91286 6.37757
vn 0.121349 -9.01295e-17 0.99261
f 1083/2596/1077 1082/2595/1067 1084/2597/1078

f 1082/2595/1067 1040/2513/1039 1084/2597/1078

f 1082/2595/1067 1039/2512/1038 1040/2513/1039

f 1082/2595/1067 470/1100/472 1039/2512/1038

f 516/1194/522 1039/2512/1038 470/1100/472

f 1036/2505/1035 1039/2512/1038 516/1194/522

f 1036/2505/1035 1037/2506/1036 1039/2512/1038

f 1033/2499/1032 1036/2505/1035 516/1194/522

f 1036/2505/1035 1033/2499/1032 1034/2501/1033

f 517/1195/523 1033/2499/1032 516/1194/522

v 0.162079 0.103581 7.60619e-09
vt 8.05571 6.37757
vn 0.101145 -1.01643e-09 0.994872
f 517/1195/523 1085/2598/1079 1033/2499/1032

f 1085/2598/1079 517/1195/523 520/1198/526

vt -8.05571 -5.24041
f 1085/2599/1079 520/1201/526 523/1203/529

v 0.16582 0.109854 -0.000768547
vt -7.80873 -5.39076
vn 0.351233 -1.25402e-09 0.936288
f 1085/2599/1079 523/1203/529 1086/2600/1080

vt -8.67415 -2.62084
vt -7.80873 -2.62084
f 523/2601/529 524/2490/530 1086/2602/1080

f 524/2490/530 1030/2493/1029 1086/2602/1080

f 1086/2600/1080 1030/2495/1029 1032/2497/1031

f 1032/2497/1031 1085/2599/1079 1086/2600/1080

f 1033/2499/1032 1085/2598/1079 1032/2500/1031

v -0.141693 0.200528 7.70383e-09
vt 4.2389 -5.58199
vn 5.56113e-14 -1.38778e-16 1
f 470/1100/472 1087/2603/1081 516/1194/522

v -0.141693 0.236248 7.70383e-09
vt 2.8326 -5.58199
f 470/1100/472 1088/2604/1081 1087/2603/1081

v -0.141693 0.271968 7.70383e-09
vt 1.4263 -5.58199
f 470/1100/472 1089/2605/1081 1088/2604/1081

v -0.141693 0.307688 7.70383e-09
vt 0.0199999 -5.58199
vn 4.77074e-14 -1.38778e-16 1
f 470/1100/472 1090/2606/1082 1089/2605/1081

v -0.141693 0.343408 7.70383e-09
vt -1.3863 -5.58199
f 470/1100/472 1091/2607/1081 1090/2606/1082

v -0.141693 0.379128 7.70383e-09
vt -2.7926 -5.58199
f 470/1100/472 1092/2608/1081 1091/2607/1081

v -0.141693 0.414848 7.70383e-09
vt -4.1989 -5.58199
f 470/1100/472 1093/2609/1081 1092/2608/1081

v -0.141693 0.450568 7.70383e-09
vt -5.6052 -5.58199
f 1093/2609/1081 470/1100/472 1094/2610/1081

v -0.141693 0.486288 7.70383e-09
vt -7.0115 -5.58199
vn 1.5719e-09 -4.45003e-09 1
f 470/1100/472 1095/2611/1083 1094/2610/1081

f 470/1100/472 471/1102/474 1095/2611/1083

f 478/1113/482 1095/2611/1083 471/1102/474

v -0.161935 0.495467 7.70383e-09
vt -7.37286 -6.37892
vn -0.116123 -1.26443e-08 0.993235
f 1096/2612/1084 1095/2611/1083 478/1113/482

v -0.161935 0.479138 7.70383e-09
vt -6.73 -6.37892
vn -0.116123 -1.83368e-16 0.993235
f 1095/2611/1083 1096/2612/1084 1097/2613/1085

vt -6.90332 -5.44019
vt -6.73 -5.29569
vt -7.37286 -5.29569
f 481/2614/485 1097/2615/1085 1096/2616/1084

vt -6.0379 -5.44019
f 481/2614/485 482/2617/486 1097/2615/1085

v -0.161935 0.462809 7.70383e-09
vt -6.08714 -5.29569
vn -0.0774155 -1.68681e-16 0.996999
f 482/2617/486 1098/2618/1086 1097/2615/1085

v -0.161935 0.446481 7.70383e-09
vt -5.44429 -5.29569
vn -0.116123 -1.81605e-16 0.993235
f 482/2617/486 1099/2619/1087 1098/2618/1086

vt -5.17249 -5.44019
f 482/2617/486 483/2620/487 1099/2619/1087

v -0.161935 0.430152 7.70383e-09
vt -4.80143 -5.29569
vn -0.0967877 -1.74646e-16 0.995305
f 1100/2621/1088 1099/2619/1087 483/2620/487

vt -5.44429 -6.37892
vt -4.80143 -6.37892
f 1099/2622/1087 1100/2623/1088 1094/2610/1081

f 1093/2609/1081 1094/2610/1081 1100/2623/1088

v -0.161935 0.413824 7.70383e-09
vt -4.15857 -6.37892
vn -0.116123 -1.82886e-16 0.993235
f 1101/2624/1089 1093/2609/1081 1100/2623/1088

v -0.161935 0.397495 7.70383e-09
vt -3.51571 -6.37892
f 1102/2625/1086 1093/2609/1081 1101/2624/1089

f 1093/2609/1081 1102/2625/1086 1092/2608/1081

v -0.161935 0.381167 7.70383e-09
vt -2.87286 -6.37892
vn -0.116123 -1.8158e-16 0.993235
f 1103/2626/1090 1092/2608/1081 1102/2625/1086

v -0.161935 0.364838 7.70383e-09
vt -2.23 -6.37892
vn -0.0967877 -1.7543e-16 0.995305
f 1104/2627/1091 1092/2608/1081 1103/2626/1090

f 1104/2627/1091 1091/2607/1081 1092/2608/1081

v -0.161935 0.348509 7.70383e-09
vt -1.58714 -6.37892
vn -0.116123 -1.84815e-16 0.993235
f 1105/2628/1092 1091/2607/1081 1104/2627/1091

v -0.161935 0.332181 7.70383e-09
vt -0.944286 -6.37892
f 1091/2607/1081 1105/2628/1092 1106/2629/1086

vt -0.845415 -5.44019
vt -0.944286 -5.29569
vt -1.58714 -5.29569
f 488/2630/492 1106/2631/1086 1105/2632/1092

v -0.161935 0.315852 7.70383e-09
vt -0.301428 -5.29569
vn -0.116123 -1.81213e-16 0.993235
f 488/2630/492 1107/2633/1093 1106/2631/1086

vt 0.0199999 -5.44019
f 488/2630/492 489/2634/493 1107/2633/1093

v -0.161935 0.299524 7.70383e-09
vt 0.341428 -5.29569
vn -0.116123 -1.82311e-16 0.993235
f 1107/2633/1093 489/2634/493 1108/2635/1094

vt 0.885415 -5.44019
f 489/2634/493 490/2636/494 1108/2635/1094

v -0.161935 0.283195 7.70383e-09
vt 0.984286 -5.29569
vn -0.0774155 -1.67716e-16 0.996999
f 490/2636/494 1109/2637/1095 1108/2635/1094

v -0.161935 0.266867 7.70383e-09
vt 1.62714 -5.29569
vn -0.116123 -1.81339e-16 0.993235
f 490/2636/494 1110/2638/1096 1109/2637/1095

vt 1.75083 -5.44019
f 490/2636/494 491/2639/495 1110/2638/1096

v -0.161935 0.250538 7.70383e-09
vt 2.27 -5.29569
vn -0.0967877 -1.74282e-16 0.995305
f 491/2639/495 1111/2640/1097 1110/2638/1096

vt 2.61624 -5.44019
f 491/2639/495 492/2641/496 1111/2640/1097

v -0.161935 0.234209 7.70383e-09
vt 2.91286 -5.29569
vn -0.116123 -1.81751e-16 0.993235
f 492/2641/496 1112/2642/1098 1111/2640/1097

vt 3.48166 -5.44019
f 492/2641/496 493/2643/497 1112/2642/1098

v -0.161935 0.217881 7.70383e-09
vt 3.55571 -5.29569
vn -0.0774155 -1.66751e-16 0.996999
f 493/2643/497 1113/2644/1099 1112/2642/1098

v -0.161935 0.201552 7.70383e-09
vt 4.19857 -5.29569
f 493/2643/497 1114/2645/1096 1113/2644/1099

vt 4.34707 -5.44019
f 493/2643/497 494/2646/498 1114/2645/1096

v -0.161935 0.185224 7.70383e-09
vt 4.84143 -5.29569
vn -0.0967877 -1.75208e-16 0.995305
f 494/2646/498 1115/2647/1100 1114/2645/1096

vt 5.21249 -5.44019
f 494/2646/498 495/2648/499 1115/2647/1100

v -0.161935 0.168895 7.70383e-09
vt 5.48429 -5.29569
vn -0.116123 -1.83393e-16 0.993235
f 495/2648/499 1116/2649/1101 1115/2647/1100

f 495/2648/499 496/1141/500 1116/2649/1101

v -0.161935 0.152567 7.70383e-09
vt 6.12714 -5.29569
f 496/1141/500 1117/2650/1095 1116/2649/1101

f 496/1141/500 498/1143/502 1117/2650/1095

vt 6.12714 -6.37892
vt 6.77 -6.37892
f 1117/2651/1095 498/2652/502 515/1193/521

vt 7.41286 -6.37892
f 499/2653/503 515/1193/521 498/2652/502

v -0.161935 0.103581 7.75115e-09
vt 8.05571 -6.37892
vn -0.0967877 4.93004e-10 0.995305
f 499/2653/503 1118/2654/1102 515/1193/521

vt 8.05571 -5.29569
f 500/1145/504 1118/2655/1102 499/1144/503

vt 8.67415 -5.44019
f 500/1145/504 501/2656/505 1118/2655/1102

vt 9.34143 -5.29569
f 501/2656/505 512/2657/518 1118/2655/1102

vt 9.53956 -5.44019
f 501/2656/505 502/2658/506 512/2657/518

vt 9.98429 -5.29569
f 502/2658/506 511/2659/517 512/2657/518

vt 10.3965 -4.80926
vt 9.96245 -4.98331
vt 10.8211 -4.85318
f 511/2660/517 502/2661/506 507/2662/511

vt 10.405 -5.93743
vt 9.98429 -5.86484
f 507/2663/511 509/1185/515 511/2664/517

f 507/2663/511 508/1183/512 509/1185/515

f 513/1191/519 1118/2654/1102 512/1190/518

f 1118/2654/1102 513/1191/519 515/1193/521

f 1117/2651/1095 515/1193/521 516/1194/522

vt 5.48429 -6.37892
f 1116/2665/1101 1117/2651/1095 516/1194/522

vt 4.84143 -6.37892
f 1115/2666/1100 1116/2665/1101 516/1194/522

f 1115/2666/1100 516/1194/522 1087/2603/1081

vt 4.19857 -6.37892
f 1087/2603/1081 1114/2667/1096 1115/2666/1100

vt 3.55571 -6.37892
f 1087/2603/1081 1113/2668/1099 1114/2667/1096

f 1087/2603/1081 1088/2604/1081 1113/2668/1099

vt 2.91286 -6.37892
f 1113/2668/1099 1088/2604/1081 1112/2669/1098

vt 2.27 -6.37892
f 1112/2669/1098 1088/2604/1081 1111/2670/1097

f 1089/2605/1081 1111/2670/1097 1088/2604/1081

vt 1.62714 -6.37892
f 1110/2671/1096 1111/2670/1097 1089/2605/1081

vt 0.984286 -6.37892
f 1089/2605/1081 1109/2672/1095 1110/2671/1096

f 1089/2605/1081 1090/2606/1082 1109/2672/1095

vt 0.341428 -6.37892
f 1109/2672/1095 1090/2606/1082 1108/2673/1094

vt -0.301428 -6.37892
f 1108/2673/1094 1090/2606/1082 1107/2674/1093

f 1107/2674/1093 1090/2606/1082 1106/2629/1086

f 1091/2607/1081 1106/2629/1086 1090/2606/1082

vt -1.71083 -5.44019
f 487/2675/491 488/2630/492 1105/2632/1092

vt -2.23 -5.29569
f 487/2675/491 1105/2632/1092 1104/2676/1091

vt -2.57624 -5.44019
f 486/2677/490 487/2675/491 1104/2676/1091

vt -2.87286 -5.29569
f 1104/2676/1091 1103/2678/1090 486/2677/490

vt -3.44166 -5.44019
f 485/2679/489 486/2677/490 1103/2678/1090

vt -3.51571 -5.29569
f 485/2679/489 1103/2678/1090 1102/2680/1086

vt -4.15857 -5.29569
f 485/2679/489 1102/2680/1086 1101/2681/1089

vt -4.30707 -5.44019
f 484/2682/488 485/2679/489 1101/2681/1089

f 484/2682/488 1101/2681/1089 1100/2621/1088

f 483/2620/487 484/2682/488 1100/2621/1088

vt -6.08714 -6.37892
f 1094/2610/1081 1098/2683/1086 1099/2622/1087

f 1095/2611/1083 1098/2683/1086 1094/2610/1081

f 1098/2683/1086 1095/2611/1083 1097/2613/1085

vt -7.76873 -5.44019
f 480/2684/484 481/2614/485 1096/2616/1084

vt -8.01572 -5.29569
f 478/2685/482 480/1118/484 1096/2616/1084

vt -2.91286 -5.24041
f 1084/2686/1078 1040/2514/1039 1041/2515/1040

vt -2.61624 -5.39076
f 1084/2686/1078 1041/2515/1040 1042/2687/1041

vt -2.27 -5.24041
f 1042/2687/1041 1083/2688/1077 1084/2686/1078

vt -1.75083 -5.39076
f 1042/2687/1041 1043/2689/1042 1083/2688/1077

v 0.162079 0.266867 7.70383e-09
vt -1.62714 -5.24041
vn 0.121349 -9.26779e-17 0.99261
f 1119/2690/1103 1083/2688/1077 1043/2689/1042

vt 1.62714 6.37757
f 1083/2596/1077 1119/2691/1103 1081/2594/1067

f 1119/2691/1103 1080/2593/1033 1081/2594/1067

vt -0.984286 -5.24041
vt -0.885415 -5.39076
f 1080/2692/1033 1119/2690/1103 1044/2693/1043

f 1119/2690/1103 1043/2689/1042 1044/2693/1043

f 1044/2693/1043 1079/2591/1076 1080/2692/1033

f 1045/2590/1044 1079/2591/1076 1044/2693/1043

v 0.162079 0.348509 7.70383e-09
vt 1.58714 -5.24041
vn 0.121349 -8.85204e-17 0.99261
f 1120/2694/1104 1077/2587/1074 1046/2589/1045

vt -1.58714 6.37757
f 1077/2585/1074 1120/2695/1104 1075/2583/1067

f 1075/2583/1067 1120/2695/1104 1074/2582/1073

vt 1.71083 -5.39076
vt 2.23 -5.24041
f 1047/2696/1046 1074/2697/1073 1120/2694/1104

vt 2.57624 -5.39076
f 1047/2696/1046 1048/2698/1047 1074/2697/1073

f 1072/2579/1072 1074/2697/1073 1048/2698/1047

f 1072/2579/1072 1048/2698/1047 1049/2578/1048

f 1120/2694/1104 1046/2589/1045 1047/2696/1046

vt 4.30707 -5.39076
f 1070/2576/1071 1049/2578/1048 1050/2699/1049

f 1050/2699/1049 1068/2571/1070 1070/2576/1071

f 1050/2699/1049 1051/2570/1050 1068/2571/1070

v 0.162079 0.479138 7.70383e-09
vt 6.73 -5.24041
vn 0.121349 -9.17386e-17 0.99261
f 1121/2700/1105 1066/2567/1068 1052/2569/1051

vt -6.73 6.37757
f 1064/2563/1066 1066/2565/1068 1121/2701/1105

v 0.162079 0.495467 7.70383e-09
vt -7.37286 6.37757
vn 0.121349 -9.29165e-17 0.99261
f 1122/2702/1106 1064/2563/1066 1121/2701/1105

f 1064/2563/1066 1122/2702/1106 1063/2562/1065

vt 7.76873 -5.39076
vt 8.01571 -5.24041
vt 7.37286 -5.24041
f 1054/2703/1053 1063/2704/1065 1122/2705/1106

vt 8.63415 -5.39076
f 1063/2704/1065 1054/2703/1053 1055/2706/1054

vt 9.30143 -5.24041
f 1062/2707/1064 1063/2704/1065 1055/2706/1054

vt 9.49956 -5.39076
f 1062/2707/1064 1055/2706/1054 1056/2708/1055

v 0.162079 0.560781 7.70383e-09
vt 9.94429 -5.24041
vn 0.0941495 -0.00238374 0.995555
f 1123/2709/1107 1062/2707/1064 1056/2708/1055

vt -9.94429 6.37757
f 1062/2561/1064 1123/2710/1107 1060/2559/1062

v 0.162079 0.577109 7.70383e-09
vt -10.5871 6.37757
vn 0.0607612 -1.15231e-16 0.998152
f 1124/2711/1108 1060/2559/1062 1123/2710/1107

f 1124/2711/1108 1059/2558/1061 1060/2559/1062

v 0.163989 0.582457 -0.000194115
vt 10.7977 -5.9145
vn 0.173606 0.00418124 0.984806
vt 11.23 -5.83894
vt 10.5871 -5.83894
f 1125/2712/1109 1059/2713/1061 1124/2714/1108

vt 10.6477 -6.18453
vt 10.2106 -6.22347
vt 10.6369 -6.3301
f 1059/2715/1061 1125/2716/1109 1058/2717/1058

vt 11.2314 -4.76852
vt 10.7977 -4.6974
v 0.163989 0.571466 -0.000194115
vt 10.365 -4.6974
vn 0.192802 -0.00242986 0.981235
f 1058/2718/1058 1125/2719/1109 1126/2720/1110

vt 10.365 -5.9145
f 1124/2714/1108 1126/2721/1110 1125/2712/1109

vt 9.94429 -5.83894
f 1126/2721/1110 1124/2714/1108 1123/2722/1107

vt 10.7973 -4.78498
vt 10.3724 -4.73925
vt 9.93924 -4.9203
f 1126/2723/1110 1123/2724/1107 1056/2725/1055

vt 11.2363 -4.7423
vt 10.3698 -4.6718
vt 9.50447 -4.74798
f 1058/2726/1058 1126/2727/1110 1056/2728/1055

vt 6.90332 -5.39076
f 1053/2729/1052 1054/2703/1053 1122/2705/1106

f 1122/2705/1106 1121/2700/1105 1053/2729/1052

f 1121/2700/1105 1052/2569/1051 1053/2729/1052

vt -4.77783 4.75201
vt -4.78234 5.00201
vt -6.62578 4.9101
f 468/2730/470 470/2731/471 561/2732/571

f 1035/2503/1034 1029/2496/1028 1028/2507/1027

f 105/206/111 467/1095/467 468/1096/468

v -0.151862 0.146948 -0.00634998
vt -6.34835 -5.98234
vn 2.01362e-12 1.38778e-16 -1
f 1127/2733/1111 467/1095/467 105/206/111

v -0.161976 0.153823 -0.00634998
vt -6.07769 -6.38051
f 467/1095/467 1127/2733/1111 1128/2734/462

v -0.161976 0.148327 -0.00634998
vt -6.29404 -6.38051
vn 0.12135 1.86376e-16 -0.99261
f 1128/2734/462 1127/2733/1111 1129/2735/1112

v -0.161976 0.142832 -0.00634998
vt -6.51038 -6.38051
vn 0.12135 1.83238e-16 -0.99261
f 1130/2736/1113 1129/2735/1112 1127/2733/1111

vt -6.51038 -5.2936
v -0.163211 0.14649 -0.00660389
vt -6.36638 -5.34327
vn 0.35338 2.12008e-16 -0.93548
vt -6.29404 -5.2936
f 1130/2737/1113 1131/2738/1114 1129/2739/1112

v -0.163211 0.139163 -0.00660389
vt -6.65485 -5.34327
vn 0.35338 2.62425e-16 -0.93548
f 1131/2738/1114 1130/2737/1113 1132/2740/1115

v -0.161976 0.137337 -0.00634998
vt -6.72673 -5.2936
vn 0.101146 3.95993e-10 -0.994872
f 1132/2740/1115 1130/2737/1113 1133/2741/1116

vt -6.72673 -6.38051
f 1127/2733/1111 1133/2742/1116 1130/2736/1113

v -0.151862 0.129088 -0.00634998
vt -7.0515 -5.98234
vn 4.77454e-10 -1.94357e-10 -1
f 1134/2743/1117 1133/2742/1116 1127/2733/1111

v -0.161976 0.126347 -0.00634998
vt -7.15942 -6.38051
vn 0.12135 -4.75093e-10 -0.99261
f 1133/2742/1116 1134/2743/1117 1135/2744/1118

v -0.161976 0.120851 -0.00634998
vt -7.37577 -6.38051
vn 0.101146 -7.91985e-10 -0.994872
f 1135/2744/1118 1134/2743/1117 1136/2745/1119

v -0.151862 0.111228 -0.00634998
vt -7.75465 -5.98234
vn 6.40487e-09 4.28287e-09 -1
f 1134/2743/1117 1137/2746/1120 1136/2745/1119

f 1137/2746/1120 1134/2743/1117 105/206/111

f 1134/2743/1117 1127/2733/1111 105/206/111

v -0.151862 0.093368 -0.00634998
vt -8.4578 -5.98234
vn -1.69614e-10 -7.41849e-09 -1
f 1138/2747/1121 1137/2746/1120 105/206/111

vt -8.02481 -6.38051
f 1137/2746/1120 1138/2747/1121 143/2748/153

vt -8.24115 -6.38051
f 143/2748/153 1138/2747/1121 141/2749/151

vt -8.4575 -6.38051
f 140/2750/150 141/2749/151 1138/2747/1121

vt -8.89019 -6.38051
f 140/2750/150 1138/2747/1121 137/2751/147

v -0.151862 0.075508 -0.00634998
vt -9.16094 -5.98234
f 1139/2752/1111 137/2751/147 1138/2747/1121

vt -9.10654 -6.38051
f 137/2751/147 1139/2752/1111 135/2753/145

vt -9.32288 -6.38051
f 134/2754/144 135/2753/145 1139/2752/1111

v -0.161976 0.0658995 -0.00634998
vt -9.53923 -6.38051
f 134/2754/144 1139/2752/1111 1140/2755/378

v -0.151862 0.057648 -0.00634998
vt -9.86409 -5.98234
vn 4.92296e-10 1.79891e-09 -1
f 1141/2756/1122 1140/2755/378 1139/2752/1111

vt -9.75558 -6.38051
f 1141/2756/1122 131/2757/141 1140/2755/378

vt -9.97192 -6.38051
f 130/2758/140 131/2757/141 1141/2756/1122

v -0.161976 0.049414 -0.00634998
vt -10.1883 -6.38051
vn 0.101146 2.13854e-09 -0.994872
f 1141/2756/1122 1142/2759/1123 130/2758/140

f 106/208/113 1142/2759/1123 1141/2756/1122

v -0.161976 0.0384236 -0.00634998
vt -10.621 -6.38051
vn 0.12135 -2.56571e-09 -0.99261
f 1143/2760/1124 1142/2759/1123 106/208/113

vt -10.621 -5.2936
vt -10.405 -5.34327
vt -10.1883 -5.2936
f 1143/2761/1124 127/2762/137 1142/2763/1123

vt -10.6935 -5.34327
f 1143/2761/1124 126/2764/136 127/2762/137

v -0.161976 0.0329284 -0.00634998
vt -10.8373 -5.2936
vn 0.12135 1.82805e-16 -0.99261
f 1144/2765/1125 126/2764/136 1143/2761/1124

f 126/2764/136 1144/2765/1125 109/213/116

f 109/213/116 1144/2765/1125 107/211/114

vt -10.8373 -6.38051
f 107/209/114 1144/2766/1125 106/208/113

f 1143/2760/1124 106/208/113 1144/2766/1125

f 127/2762/137 128/273/138 1142/2763/1123

f 128/273/138 130/272/140 1142/2763/1123

f 106/208/113 1141/2756/1122 105/206/111

f 1141/2756/1122 1139/2752/1111 105/206/111

f 1139/2752/1111 1138/2747/1121 105/206/111

vt -9.53923 -5.2936
f 131/274/141 132/275/142 1140/2767/378

f 1140/2767/378 132/275/142 134/279/144

f 137/282/147 138/283/148 140/288/150

v -0.161976 0.115356 -0.00634998
vt -7.59212 -6.38051
vn 0.12135 1.0472e-08 -0.99261
f 143/2748/153 1145/2768/1126 1137/2746/1120

vt -7.59211 -5.2936
f 143/291/153 144/293/154 1145/2769/1126

vt -7.52026 -5.34327
vt -7.59212 -5.2936
f 144/293/154 145/2770/155 1145/2771/1126

vt -7.37577 -5.2936
f 145/2770/155 1136/2772/1119 1145/2771/1126

vt -7.23179 -5.34327
f 145/2770/155 146/2773/156 1136/2772/1119

vt -7.15942 -5.2936
f 146/2773/156 1135/2774/1118 1136/2772/1119

v -0.163211 0.131836 -0.00660389
vt -6.94332 -5.34327
vn 0.35338 2.44141e-10 -0.93548
f 1135/2774/1118 146/2773/156 1146/2775/1127

vt -6.94332 -2.62661
f 1146/2776/1127 146/297/156 147/298/157

vt -6.65485 -2.62661
f 147/298/157 1132/2777/1115 1146/2776/1127

vt -6.36638 -2.62661
f 147/298/157 1131/2778/1114 1132/2777/1115

v -0.163211 0.153817 -0.00660389
vt -6.0779 -2.62661
vn 0.328199 2.1162e-16 -0.944609
f 147/298/157 1147/2779/1128 1131/2778/1114

v -0.163211 0.161144 -0.00660389
vt -5.78943 -2.62661
vn 0.35338 2.63739e-16 -0.93548
f 147/298/157 1148/2780/1129 1147/2779/1128

vt -5.50096 -2.62661
f 147/298/157 465/2781/465 1148/2780/1129

vt -5.21249 -2.62661
f 147/298/157 463/2782/463 465/2781/465

v -0.163211 0.183126 -0.00660389
vt -4.92402 -2.62661
vn 0.35338 2.8888e-16 -0.93548
f 147/298/157 1149/2783/1130 463/2782/463

v -0.163211 0.190453 -0.00660389
vt -4.63555 -2.62661
vn 0.35338 2.64208e-16 -0.93548
f 147/298/157 1150/2784/1131 1149/2783/1130

v -0.163211 0.19778 -0.00660389
vt -4.34707 -2.62661
vn 0.35338 3.52318e-08 -0.93548
f 1151/2785/1132 1150/2784/1131 147/298/157

vt -4.56327 -5.2936
vt -4.63555 -5.34327
vt -4.34707 -5.34327
f 459/2786/459 1150/2787/1131 1151/2788/1132

vt -4.77962 -5.2936
f 1150/2787/1131 459/2786/459 460/2789/460

vt -4.92402 -5.34327
f 1150/2787/1131 460/2789/460 1149/2790/1130

f 1149/2790/1130 460/2789/460 461/1089/461

f 463/1088/463 1149/2790/1130 461/1089/461

vt -4.56326 -5.2936
v -0.161976 0.203279 -0.00634998
vt -4.13057 -5.2936
vn 0.12135 -6.85503e-08 -0.99261
f 459/2791/459 1151/2788/1132 1152/2792/1133

vt -4.34707 -5.34326
v -0.163211 0.205107 -0.00660389
vt -4.0586 -5.34326
vn 0.35338 -7.04636e-08 -0.93548
vt -4.13058 -5.29359
f 1151/2793/1132 1153/2794/1134 1152/2795/1133

vt -4.0586 -2.62661
f 1153/2796/1134 1151/2785/1132 147/298/157

v -0.163211 0.212435 -0.00660389
vt -3.77013 -2.62661
vn 0.35338 7.84769e-12 -0.93548
f 1154/2797/1135 1153/2796/1134 147/298/157

vt -3.77013 -5.34327
vt -3.91423 -5.2936
vt -4.0586 -5.34327
f 1154/2798/1135 456/2799/456 1153/2800/1134

vt -3.69788 -5.2936
f 456/2799/456 1154/2798/1135 455/2801/455

v -0.163211 0.219762 -0.00660389
vt -3.48166 -5.34327
vn 0.35338 -3.92343e-12 -0.93548
f 455/2801/455 1154/2798/1135 1155/2802/1136

vt -3.48166 -2.62661
f 1155/2803/1136 1154/2797/1135 147/298/157

v -0.163211 0.227089 -0.00660389
vt -3.19319 -2.62661
vn 0.35338 2.75907e-16 -0.93548
f 147/298/157 1156/2804/1137 1155/2803/1136

vt -2.90472 -2.62661
f 147/298/157 450/2805/450 1156/2804/1137

f 448/1068/448 450/2805/450 147/298/157

vt -3.19319 -5.34327
f 450/1071/450 451/1072/451 1156/2806/1137

vt -3.26519 -5.2936
f 454/2807/454 1156/2806/1137 451/1072/451

f 1155/2802/1136 1156/2806/1137 454/2807/454

f 455/2801/455 1155/2802/1136 454/2807/454

f 452/1075/452 454/1078/454 451/1073/451

vt -4.05861 -5.34325
vt -3.91424 -5.29358
vt -4.13059 -5.29358
f 1153/2808/1134 456/2809/456 1152/2810/1133

vt -4.13058 -6.38051
f 457/1081/457 1152/2811/1133 456/1080/456

f 1152/2811/1133 457/1081/457 459/1083/459

vt -5.78943 -5.34327
f 465/1091/465 466/1092/466 1148/2812/1129

v -0.161976 0.159318 -0.00634998
vt -5.86135 -5.2936
vn 0.12135 1.82002e-16 -0.99261
f 1157/2813/1138 1148/2812/1129 466/1092/466

vt -6.0779 -5.34327
f 1147/2814/1128 1148/2812/1129 1157/2813/1138

vt -6.07769 -5.2936
f 1128/2815/462 1147/2814/1128 1157/2813/1138

f 1129/2739/1112 1147/2814/1128 1128/2815/462

f 1129/2739/1112 1131/2738/1114 1147/2814/1128

vt -5.86135 -6.38051
f 467/1095/467 1128/2734/462 1157/2816/1138

f 467/1095/467 1157/2816/1138 466/1093/466

f 1146/2775/1127 1132/2740/1115 1133/2741/1116

f 1135/2774/1118 1146/2775/1127 1133/2741/1116

f 1137/2746/1120 1145/2768/1126 1136/2745/1119

f 104/204/109 514/1239/542 103/202/108

f 514/1192/520 510/1186/516 103/1188/513

v -0.165537 0.549485 -0.000707115
vt -9.49956 -2.71566
vn -0.34643 -0.00256389 0.938072
f 55/1119/62 479/1121/483 1158/2817/1139

vt -9.49956 -5.44019
f 1158/2818/1139 479/1114/483 477/1116/481

vt -9.94429 -5.29569
f 477/1116/481 476/2819/480 1158/2818/1139

vt -10.3566 -4.81195
vt -10.7812 -4.85588
vt -9.92255 -4.98601
f 476/2820/480 475/2821/479 1158/2822/1139

vt -9.49751 -4.81633
vt -10.363 -4.744
v -0.165578 0.593423 -0.000723638
vt -11.2274 -4.81859
vn -0.363658 0.00661285 0.931509
f 1158/2823/1139 475/2824/479 1159/2825/1140

vt -11.2294 -4.80823
vt -10.365 -4.7339
vt -10.7977 -4.7339
f 1159/2826/1140 475/2827/479 474/2828/478

vt -10.6341 -6.33681
vt -10.21 -6.22707
vt -10.6469 -6.19115
f 1159/2829/1140 474/2830/478 336/2831/476

vt 6.4055 5.36069
v -0.169113 0.593353 -0.00317466
vt 6.68809 5.23564
vn -0.0166204 0.999805 0.0107081
vt 6.54891 5.33219
vn 0.00236733 0.999478 -0.0322149
f 336/2832/342 1160/2833/1141 1159/2834/1142

vt 6.32102 4.14919
vt 6.25737 4.25583
vt 5.97483 4.381
f 43/2835/46 1160/2836/1141 336/2837/342

vt -11.2236 0.756491
vn -0.735213 0.0033357 0.677828
vt -11.227 0.632346
vt -9.49647 0.637404
f 1160/2838/1143 43/2839/49 50/2840/57

v -0.171265 0.571466 -0.0076077
vt -10.3668 2.49106
vn -0.981271 -0.00244492 0.192616
vt -9.50134 2.56685
vt -11.2319 2.56231
f 1161/2841/1144 50/2842/57 43/2843/49

vt -10.4458 3.53302
vt -10.0252 3.45648
vt -9.58018 3.60643
f 1161/2844/1144 49/2845/56 50/2846/57

vt -10.365 3.99601
vt -9.94429 3.92015
f 1161/2847/1144 45/83/50 49/2848/56

f 45/83/50 1161/2847/1144 44/81/48

vt -10.365 2.51422
vt -11.2301 2.58539
vt -10.7977 2.51422
f 1161/2849/1144 43/2850/49 44/2851/48

f 45/84/50 47/92/9 49/94/56

f 46/86/9 47/92/9 45/84/50

vt -9.53028 0.16688
vt -9.52992 0.312196
vt -11.2571 0.290671
f 50/2852/57 55/2853/62 1160/2854/1143

vt -9.49956 0.142208
f 51/107/58 55/106/62 50/2855/57

v -0.167171 0.578876 -0.00154367
vt -10.6521 -1.89246
vn -0.556098 0.00242458 0.831113
vt -11.222 -1.99263
vt -9.49499 -1.96492
f 1162/2856/1145 1160/2857/1143 55/2858/62

vt -11.0411 -2.78097
vt -11.0344 -2.95023
vt -10.4668 -2.8376
f 1159/2859/1140 1160/2860/1143 1162/2861/1145

vt -9.5009 -3.52397
vt -11.2308 -3.52539
vt -10.658 -3.59602
f 1158/2862/1139 1159/2863/1140 1162/2864/1145

vt -9.58052 -2.76188
vt -9.57902 -2.61739
vt -10.7368 -2.67733
f 55/2865/62 1158/2866/1139 1162/2867/1145

f 147/298/157 440/1054/442 443/1066/444

vt 10.581 -6.38051
f 315/808/318 318/2868/321 339/806/346

f 315/719/318 316/720/319 318/724/321

vt 10.7973 -6.38051
f 319/2869/322 339/806/346 318/2868/321

vt 11.0137 -6.38051
f 339/806/346 319/2869/322 334/2870/339

f 320/726/323 334/789/339 319/725/322

f 339/806/346 334/2870/339 335/804/340

vt 10.365 3.33638
f 324/737/327 325/738/328 323/2871/326

f 275/605/283 276/612/284 147/300/157

f 188/364/199 189/363/198 195/380/206

f 195/378/9 189/366/201 191/367/202

f 192/376/203 195/378/9 191/367/202

vt 1.75083 3.324
f 190/370/200 66/2872/73 65/368/72

v -0.17146 0.250538 -0.00952459
vt 2.27 3.17306
vn -0.99261 -7.49511e-12 0.121352
f 190/370/200 1163/2873/1146 66/2872/73

vt 2.27 4.62702
f 1163/2874/1146 190/365/200 84/153/88

f 84/153/88 82/151/86 1163/2874/1146

vt 2.61624 3.324
f 67/2875/74 1163/2873/1146 82/150/86

f 67/2875/74 66/2872/73 1163/2873/1146

f 82/150/86 68/149/75 67/2875/74

f 112/240/122 85/342/182 170/340/180

vt -6.50391 4.6286
f 85/178/98 112/2876/121 96/176/96

vt -6.7254 4.78197
vt -6.75398 4.63846
vt -6.50398 4.64004
f 99/2877/106 96/2878/96 112/2879/121

vt 11.1535 3.18188
vt 11.1541 3.32821
vt 10.7214 3.25883
f 96/2880/99 99/2881/102 97/2882/100

f 170/340/180 115/238/125 112/240/122

vt 10.4858 3.5331
vt 9.62017 3.60651
vt 10.0652 3.45656
f 98/2883/101 92/2884/93 93/2885/94

vt 9.98429 3.92015
f 93/2886/94 94/181/95 98/183/101

f 78/141/9 75/135/9 76/137/12

f 83/152/87 80/143/84 81/144/85

vt -6.90332 3.324
f 9/15/11 11/17/13 56/2887/63

f 8/104/10 9/15/11 56/2887/63

f 56/2887/63 54/102/61 8/104/10

f 52/99/59 53/103/60 51/98/58

