# Alias OBJ Model File
# Exported from SketchUp, (c) 2000-2012 Trimble Navigation Limited
# File units = meters

mtllib tree_base.mtl

g Mesh1 Model

usemtl FrontColor
v -0.0216145 0 0.0993461
vt 0.850964 -3.91126
vn 0 -1 -0
v -0.0259956 0 0.0969837
vt 1.02345 -3.81826
v -0.0306209 0 0.0951452
vt 1.20555 -3.74587
v -0.0354283 0 0.0938552
vt 1.39481 -3.69509
v -0.0403527 0 0.0931313
vt 1.58869 -3.66658
v -0.0453279 0 0.092983
vt 1.78456 -3.66075
v -0.0502867 0 0.0934125
vt 1.97979 -3.67766
v -0.0551623 0 0.0944139
vt 2.17174 -3.71708
v -0.059889 0 0.0959737
vt 2.35783 -3.77849
v -0.0600716 0 0.0960384
vt 2.36502 -3.78104
v -0.0604078 0 0.0961574
vt 2.37826 -3.78573
v -0.065772 0 0.0973466
vt 2.58945 -3.83255
v -0.0712411 0 0.0978733
vt 2.80477 -3.85328
v -0.0767335 0 0.0977294
vt 3.02101 -3.84762
v -0.0821676 0 0.0969173
vt 3.23494 -3.81564
v -0.0874621 0 0.095449
vt 3.44339 -3.75783
v -0.0925382 0 0.0933464
vt 3.64324 -3.67506
v -0.0973203 0 0.0906408
vt 3.83151 -3.56854
v -0.101737 0 0.0873727
vt 4.00539 -3.43987
v -0.105722 0 0.0835906
vt 4.1623 -3.29097
v -0.109217 0 0.079351
vt 4.29989 -3.12406
v -0.112169 0 0.0747171
vt 4.41612 -2.94162
v -0.114535 0 0.069758
vt 4.50924 -2.74638
v -0.116278 0 0.0645475
vt 4.57788 -2.54124
v -0.117374 0 0.0591635
vt 4.62101 -2.32927
v -0.117805 0 0.053686
vt 4.63798 -2.11362
v -0.117565 0 0.0481969
vt 4.62854 -1.89752
v -0.116658 0 0.0427779
vt 4.59284 -1.68417
v -0.115098 0 0.0375098
vt 4.53141 -1.47676
v -0.112907 0 0.0324711
vt 4.44515 -1.27839
v -0.110118 0 0.027737
vt 4.33536 -1.09201
v -0.107125 0 0.0237598
vt 4.21754 -0.935427
v -0.104614 0 0.0194626
vt 4.11866 -0.766243
v -0.102617 0 0.0149031
vt 4.04006 -0.586738
v -0.101163 0 0.010143
vt 3.98279 -0.399332
v -0.10027 0 0.00524638
vt 3.94764 -0.20655
v -0.0999509 0 0.000279242
vt 3.93507 -0.0109938
v -0.10021 0 -0.00469141
vt 3.94526 0.184701
v -0.101043 0 -0.00959856
vt 3.97806 0.377896
v -0.102439 0 -0.0143761
vt 4.03304 0.565986
v -0.10438 0 -0.0189595
vt 4.10945 0.746435
v -0.106839 0 -0.023287
vt 4.20626 0.91681
v -0.109783 0 -0.0273003
vt 4.32217 1.07481
v -0.109901 0 -0.027454
vt 4.32681 1.08087
v -0.110118 0 -0.027737
vt 4.33536 1.09201
v -0.112907 0 -0.0324711
vt 4.44515 1.27839
v -0.115098 0 -0.0375098
vt 4.53141 1.47676
v -0.116658 0 -0.0427779
vt 4.59284 1.68417
v -0.117565 0 -0.0481969
vt 4.62854 1.89752
v -0.117805 0 -0.053686
vt 4.63798 2.11362
v -0.117374 0 -0.0591635
vt 4.62101 2.32927
v -0.116278 0 -0.0645475
vt 4.57788 2.54124
v -0.114535 0 -0.069758
vt 4.50924 2.74638
v -0.112169 0 -0.0747171
vt 4.41612 2.94162
v -0.109217 0 -0.079351
vt 4.29989 3.12406
v -0.105722 0 -0.0835906
vt 4.1623 3.29097
v -0.101737 0 -0.0873727
vt 4.00539 3.43987
v -0.0973203 0 -0.0906408
vt 3.83151 3.56854
v -0.0925382 0 -0.0933464
vt 3.64324 3.67506
v -0.0874621 0 -0.095449
vt 3.44339 3.75783
v -0.0821676 0 -0.0969173
vt 3.23494 3.81564
v -0.0767335 0 -0.0977294
vt 3.02101 3.84762
v -0.0712411 0 -0.0978733
vt 2.80477 3.85328
v -0.065772 0 -0.0973466
vt 2.58945 3.83255
v -0.0604078 0 -0.0961574
vt 2.37826 3.78573
v -0.0557005 0 -0.0945402
vt 2.19293 3.72205
v -0.0508375 0 -0.0934795
vt 2.00148 3.68029
v -0.0458843 0 -0.0929897
vt 1.80647 3.66101
v -0.0409077 0 -0.0930773
vt 1.61054 3.66446
v -0.0359748 0 -0.0937413
vt 1.41633 3.6906
v -0.0311521 0 -0.0949726
vt 1.22646 3.73908
v -0.0265047 0 -0.0967547
vt 1.04349 3.80924
v -0.0220952 0 -0.0990635
vt 0.869888 3.90014
v -0.017983 0 -0.101868
vt 0.707992 4.01055
v -0.0142237 0 -0.10513
vt 0.559987 4.13898
v -0.0108678 0 -0.108806
vt 0.427867 4.2837
v -0.00796074 0 -0.112846
vt 0.313415 4.44276
v -0.007851 0 -0.113006
vt 0.309095 4.44905
v -0.00764895 0 -0.1133
vt 0.30114 4.46062
v -0.00400828 0 -0.117415
vt 0.157806 4.62263
v 0.000106763 0 -0.121056
vt -0.00420327 4.76597
v 0.00463482 0 -0.124168
vt -0.182473 4.88849
v 0.00950838 0 -0.126705
vt -0.374346 4.98837
v 0.0146548 0 -0.128629
vt -0.576961 5.06413
v 0.0199974 0 -0.129911
vt -0.787298 5.11462
v 0.0254564 0 -0.130533
vt -1.00222 5.13911
v 0.0309506 0 -0.130485
vt -1.21853 5.13722
v 0.0363979 0 -0.129768
vt -1.43299 5.10899
v 0.0417173 0 -0.128393
vt -1.64241 5.05483
v 0.0468294 0 -0.126379
vt -1.84368 4.97555
v 0.0516579 0 -0.123757
vt -2.03378 4.87233
v 0.0561309 0 -0.120567
vt -2.20988 4.74672
v 0.0601818 0 -0.116855
vt -2.36936 4.60058
v 0.0637501 0 -0.112677
vt -2.50985 4.43609
v 0.0667827 0 -0.108095
vt -2.62924 4.25571
v 0.0692342 0 -0.103178
vt -2.72576 4.06213
v 0.0710683 0 -0.0979988
vt -2.79796 3.85822
v 0.0722575 0 -0.0926346
vt -2.84478 3.64703
v 0.0727841 0 -0.0871656
vt -2.86552 3.43172
v 0.0727006 0 -0.0821889
vt -2.86223 3.23578
v 0.0731946 0 -0.0772361
vt -2.88168 3.04079
v 0.0742594 0 -0.0723739
vt -2.9236 2.84937
v 0.0758806 0 -0.067668
vt -2.98743 2.66409
v 0.0780365 0 -0.0631817
vt -3.0723 2.48747
v 0.0806978 0 -0.0589755
vt -3.17708 2.32187
v 0.0838288 0 -0.0551063
vt -3.30035 2.16954
v 0.0873872 0 -0.051626
vt -3.44044 2.03252
v 0.0913251 0 -0.0485818
vt -3.59547 1.91267
v 0.0955893 0 -0.0460145
vt -3.76336 1.81159
v 0.100122 0 -0.0439588
vt -3.94182 1.73066
v 0.104863 0 -0.0424425
vt -4.12847 1.67096
v 0.105049 0 -0.0423875
vt -4.13578 1.6688
v 0.105391 0 -0.0422862
vt -4.14925 1.66481
v 0.11043 0 -0.0400953
vt -4.34762 1.57855
v 0.115164 0 -0.0373067
vt -4.534 1.46877
v 0.119523 0 -0.0339619
vt -4.70562 1.33708
v 0.123442 0 -0.0301109
vt -4.8599 1.18547
v 0.126862 0 -0.0258109
vt -4.99456 1.01618
v 0.129733 0 -0.0211262
vt -5.10758 0.831741
v 0.132011 0 -0.0161266
vt -5.19729 0.634904
v 0.133663 0 -0.0108865
vt -5.26233 0.428602
v 0.134665 0 -0.00548412
vt -5.30175 0.21591
v 0.135 0 -0
vt -5.31496 0
v 0.134665 0 0.00548412
vt -5.30175 -0.21591
v 0.133663 0 0.0108865
vt -5.26233 -0.428602
v 0.132011 0 0.0161266
vt -5.19729 -0.634904
v 0.129733 0 0.0211262
vt -5.10758 -0.831741
v 0.126862 0 0.0258109
vt -4.99456 -1.01618
v 0.123442 0 0.0301109
vt -4.8599 -1.18547
v 0.119523 0 0.0339619
vt -4.70562 -1.33708
v 0.115164 0 0.0373067
vt -4.534 -1.46877
v 0.11043 0 0.0400953
vt -4.34762 -1.57855
v 0.105391 0 0.0422862
vt -4.14925 -1.66481
v 0.100632 0 0.0437446
vt -3.96189 -1.72223
v 0.0960742 0 0.045745
vt -3.78245 -1.80098
v 0.0917791 0 0.0482601
vt -3.61335 -1.9
v 0.0878045 0 0.0512562
vt -3.45687 -2.01796
v 0.0842039 0 0.0546929
vt -3.31512 -2.15326
v 0.0810261 0 0.0585237
vt -3.19 -2.30408
v 0.0783137 0 0.0626971
vt -3.08322 -2.46839
v 0.0761034 0 0.0671568
vt -2.9962 -2.64397
v 0.074425 0 0.0718427
vt -2.93012 -2.82845
v 0.0733011 0 0.0766915
vt -2.88587 -3.01935
v 0.0727468 0 0.081638
vt -2.86405 -3.21409
v 0.0727697 0 0.0866153
vt -2.86495 -3.41005
v 0.0727748 0 0.086809
vt -2.86515 -3.41768
v 0.0727841 0 0.0871656
vt -2.86552 -3.43172
v 0.0722575 0 0.0926346
vt -2.84478 -3.64703
v 0.0710683 0 0.0979988
vt -2.79796 -3.85822
v 0.0692342 0 0.103178
vt -2.72576 -4.06213
v 0.0667827 0 0.108095
vt -2.62924 -4.25571
v 0.0637501 0 0.112677
vt -2.50985 -4.43609
v 0.0601818 0 0.116855
vt -2.36936 -4.60058
v 0.0561309 0 0.120567
vt -2.20988 -4.74672
v 0.0516579 0 0.123757
vt -2.03378 -4.87233
v 0.0468294 0 0.126379
vt -1.84368 -4.97555
v 0.0417173 0 0.128393
vt -1.64241 -5.05483
v 0.0363979 0 0.129768
vt -1.43299 -5.10899
v 0.0309506 0 0.130485
vt -1.21853 -5.13722
v 0.0254564 0 0.130533
vt -1.00222 -5.13911
v 0.0199974 0 0.129911
vt -0.787298 -5.11462
v 0.0146548 0 0.128629
vt -0.576961 -5.06413
v 0.00950838 0 0.126705
vt -0.374346 -4.98837
v 0.00463482 0 0.124168
vt -0.182473 -4.88849
v 0.000106763 0 0.121056
vt -0.00420327 -4.76597
v -0.00400828 0 0.117415
vt 0.157806 -4.62263
v -0.00764895 0 0.1133
vt 0.30114 -4.46062
v -0.0105066 0 0.109225
vt 0.413647 -4.30018
v -0.0138175 0 0.105508
vt 0.543994 -4.15386
v -0.0175368 0 0.1022
vt 0.690425 -4.02363
f 1/1/1 2/2/1 3/3/1 4/4/1 5/5/1 6/6/1 7/7/1 8/8/1 9/9/1 10/10/1 11/11/1 12/12/1 13/13/1 14/14/1 15/15/1 16/16/1 17/17/1 18/18/1 19/19/1 20/20/1 21/21/1 22/22/1 23/23/1 24/24/1 25/25/1 26/26/1 27/27/1 28/28/1 29/29/1 30/30/1 31/31/1 32/32/1 33/33/1 34/34/1 35/35/1 36/36/1 37/37/1 38/38/1 39/39/1 40/40/1 41/41/1 42/42/1 43/43/1 44/44/1 45/45/1 46/46/1 47/47/1 48/48/1 49/49/1 50/50/1 51/51/1 52/52/1 53/53/1 54/54/1 55/55/1 56/56/1 57/57/1 58/58/1 59/59/1 60/60/1 61/61/1 62/62/1 63/63/1 64/64/1 65/65/1 66/66/1 67/67/1 68/68/1 69/69/1 70/70/1 71/71/1 72/72/1 73/73/1 74/74/1 75/75/1 76/76/1 77/77/1 78/78/1 79/79/1 80/80/1 81/81/1 82/82/1 83/83/1 84/84/1 85/85/1 86/86/1 87/87/1 88/88/1 89/89/1 90/90/1 91/91/1 92/92/1 93/93/1 94/94/1 95/95/1 96/96/1 97/97/1 98/98/1 99/99/1 100/100/1 101/101/1 102/102/1 103/103/1 104/104/1 105/105/1 106/106/1 107/107/1 108/108/1 109/109/1 110/110/1 111/111/1 112/112/1 113/113/1 114/114/1 115/115/1 116/116/1 117/117/1 118/118/1 119/119/1 120/120/1 121/121/1 122/122/1 123/123/1 124/124/1 125/125/1 126/126/1 127/127/1 128/128/1 129/129/1 130/130/1 131/131/1 132/132/1 133/133/1 134/134/1 135/135/1 136/136/1 137/137/1 138/138/1 139/139/1 140/140/1 141/141/1 142/142/1 143/143/1 144/144/1 145/145/1 146/146/1 147/147/1 148/148/1 149/149/1 150/150/1 151/151/1 152/152/1 153/153/1 154/154/1 155/155/1 156/156/1 157/157/1 158/158/1 159/159/1 160/160/1 161/161/1 162/162/1 163/163/1 164/164/1 165/165/1 166/166/1 167/167/1 168/168/1 169/169/1 170/170/1 

vt 0.911352 0
vn -0.422707 0 0.906266
vt 1.10731 0
vn -0.524913 0 0.851156
v -0.0216145 0.085 0.0993461
vt 1.10731 3.34646
v -0.0259956 0.085 0.0969837
vt 0.911352 3.34646
f 2/171/2 1/172/3 171/173/3 172/174/2 

vt 1.54574 0
vt 1.7417 0
vn -0.620041 0 0.784569
v -0.0175368 0.085 0.1022
vt 1.7417 3.34646
vt 1.54574 3.34646
f 1/175/3 170/176/4 173/177/4 171/178/3 

vt 2.15797 0
vt 2.35393 0
vn -0.70681 0 0.707404
v -0.0138175 0.085 0.105508
vt 2.35393 3.34646
vt 2.15797 3.34646
f 170/179/4 169/180/5 174/181/5 173/182/4 

vt 2.73979 0
vt 2.93575 0
vn -0.784048 0 0.620701
v -0.0105066 0.085 0.109225
vt 2.93575 3.34646
vt 2.73979 3.34646
f 169/183/5 168/184/6 175/185/6 174/186/5 

vt 3.28334 0
vt 3.4793 0
vn -0.785107 0 0.619361
v -0.00764895 0.085 0.1133
vt 3.4793 3.34646
vt 3.28334 3.34646
f 168/187/6 167/188/7 176/189/7 175/190/6 

vt 3.14127 0
vt 3.35758 0
vn -0.707107 0 0.707107
v -0.00400828 0.085 0.117415
vt 3.35758 3.34646
vt 3.14127 3.34646
f 167/191/7 166/192/8 177/193/8 176/194/7 

vt 2.94486 0
vt 3.16117 0
vn -0.615661 0 0.788011
v 0.000106763 0.085 0.121056
vt 3.16117 3.34646
vt 2.94486 3.34646
f 166/195/8 165/196/9 178/197/9 177/198/8 

vt 2.70294 0
vt 2.91925 0
vn -0.515038 0 0.857167
v 0.00463482 0.085 0.124168
vt 2.91925 3.34646
vt 2.70294 3.34646
f 165/199/9 164/200/10 179/201/10 178/202/9 

vt 2.41911 0
vt 2.63542 0
vn -0.406737 0 0.913545
v 0.00950838 0.085 0.126705
vt 2.63542 3.34646
vt 2.41911 3.34646
f 164/203/10 163/204/11 180/205/11 179/206/10 

vt 2.0976 0
vt 2.31392 0
vn -0.292372 0 0.956305
v 0.0146548 0.085 0.128629
vt 2.31392 3.34646
vt 2.0976 3.34646
f 163/207/11 162/208/12 181/209/12 180/210/11 

vt 1.74322 0
vt 1.95953 0
vn -0.173648 0 0.984808
v 0.0199974 0.085 0.129911
vt 1.95953 3.34646
vt 1.74322 3.34646
f 162/211/12 161/212/13 182/213/13 181/214/12 

vt 1.36123 0
vt 1.57754 0
vn -0.052336 0 0.99863
v 0.0254564 0.085 0.130533
vt 1.57754 3.34646
vt 1.36123 3.34646
f 161/215/13 160/216/14 183/217/14 182/218/13 

vt 0.957336 0
vt 1.17365 0
vn 0.0697565 0 0.997564
v 0.0309506 0.085 0.130485
vt 1.17365 3.34646
vt 0.957336 3.34646
f 160/219/14 159/220/15 184/221/15 183/222/14 

vt 0.53756 0
vt 0.753873 0
vn 0.190809 0 0.981627
v 0.0363979 0.085 0.129768
vt 0.753873 3.34646
vt 0.53756 3.34646
f 159/223/15 158/224/16 185/225/16 184/226/15 

vt 0.108157 0
vt 0.324471 0
vn 0.309017 0 0.951057
v 0.0417173 0.085 0.128393
vt 0.324471 3.34646
vt 0.108157 3.34646
f 158/227/16 157/228/17 186/229/17 185/230/16 

vt -0.324471 0
vt -0.108157 0
vn 0.422618 0 0.906308
v 0.0468294 0.085 0.126379
vt -0.108157 3.34646
vt -0.324471 3.34646
f 157/231/17 156/232/18 187/233/18 186/234/17 

vt -0.753873 0
vt -0.53756 0
vn 0.529919 0 0.848048
v 0.0516579 0.085 0.123757
vt -0.53756 3.34646
vt -0.753873 3.34646
f 156/235/18 155/236/19 188/237/19 187/238/18 

vt -1.17365 0
vt -0.957336 0
vn 0.62932 0 0.777146
v 0.0561309 0.085 0.120567
vt -0.957336 3.34646
vt -1.17365 3.34646
f 155/239/19 154/240/20 189/241/20 188/242/19 

vt -1.57754 0
vt -1.36123 0
vn 0.71934 0 0.694658
v 0.0601818 0.085 0.116855
vt -1.36123 3.34646
vt -1.57754 3.34646
f 154/243/20 153/244/21 190/245/21 189/246/20 

vt -1.95953 0
vt -1.74322 0
vn 0.798636 0 0.601815
v 0.0637501 0.085 0.112677
vt -1.74322 3.34646
vt -1.95953 3.34646
f 153/247/21 152/248/22 191/249/22 190/250/21 

vt -2.31392 0
vt -2.0976 0
vn 0.866025 0 0.5
v 0.0667827 0.085 0.108095
vt -2.0976 3.34646
vt -2.31392 3.34646
f 152/251/22 151/252/23 192/253/23 191/254/22 

vt -2.63542 0
vt -2.41911 0
vn 0.920505 0 0.390731
v 0.0692342 0.085 0.103178
vt -2.41911 3.34646
vt -2.63542 3.34646
f 151/255/23 150/256/24 193/257/24 192/258/23 

vt -2.91925 0
vt -2.70294 0
vn 0.961262 0 0.275637
v 0.0710683 0.085 0.0979988
vt -2.70294 3.34646
vt -2.91925 3.34646
f 150/259/24 149/260/25 194/261/25 193/262/24 

vt -3.16117 0
vt -2.94486 0
vn 0.987688 0 0.156434
v 0.0722575 0.085 0.0926346
vt -2.94486 3.34646
vt -3.16117 3.34646
f 149/263/25 148/264/26 195/265/26 194/266/25 

vt -3.35758 0
vt -3.14127 0
vn 0.999391 0 0.0348995
v 0.0727841 0.085 0.0871656
vt -3.14127 3.34646
vt -3.35758 3.34646
f 148/267/26 147/268/27 196/269/27 195/270/26 

vt -3.50555 0
vt -3.49151 0
vn 0.999657 0 -0.0261769
v 0.0727748 0.085 0.086809
vt -3.49151 3.34646
vt -3.50555 3.34646
f 147/271/27 146/272/28 197/273/28 196/274/27 

vt -3.48388 0
vn 0.999882 0 -0.0153877
v 0.0727697 0.085 0.0866153
vt -3.48388 3.34646
f 146/272/28 145/275/29 198/276/29 197/273/28 

vt -3.42318 0
vt -3.22722 0
vn 0.99857 0 0.053469
v 0.0727468 0.085 0.081638
vt -3.22722 3.34646
vt -3.42318 3.34646
f 145/277/29 144/278/30 199/279/30 198/280/29 

vt -2.87518 0
vt -2.67922 0
vn 0.985639 0 0.168864
v 0.0733011 0.085 0.0766915
vt -2.67922 3.34646
vt -2.87518 3.34646
f 144/281/30 143/282/31 200/283/31 199/284/30 

vt -2.28973 0
vt -2.09377 0
vn 0.95942 0 0.281982
v 0.074425 0.085 0.0718427
vt -2.09377 3.34646
vt -2.28973 3.34646
f 143/285/31 142/286/32 201/287/32 200/288/31 

vt -1.67473 0
vt -1.47877 0
vn 0.920264 0 0.391298
v 0.0761034 0.085 0.0671568
vt -1.47877 3.34646
vt -1.67473 3.34646
f 142/289/32 141/290/33 202/291/33 201/292/32 

vt -1.03847 0
vt -0.842506 0
vn 0.8687 0 0.495339
v 0.0783137 0.085 0.0626971
vt -0.842506 3.34646
vt -1.03847 3.34646
f 141/293/33 140/294/34 203/295/34 202/296/33 

vt -0.389523 0
vt -0.193563 0
vn 0.805423 0 0.5927
v 0.0810261 0.085 0.0585237
vt -0.193563 3.34646
vt -0.389523 3.34646
f 140/297/34 139/298/35 204/299/35 203/300/34 

vt 0.26335 0
vt 0.45931 0
vn 0.731287 0 0.68207
v 0.0842039 0.085 0.0546929
vt 0.45931 3.34646
vt 0.26335 3.34646
f 139/301/35 138/302/36 205/303/36 204/304/35 

vn 0.64729 0 0.762244
v 0.0878045 0.085 0.0512562
f 138/171/36 137/172/37 206/173/37 205/174/36 

vn 0.554566 0 0.83214
v 0.0917791 0.085 0.0482601
f 137/175/37 136/176/38 207/177/38 206/178/37 

vn 0.454365 0 0.890816
v 0.0960742 0.085 0.045745
f 136/179/38 135/180/39 208/181/39 207/182/38 

vn 0.348037 0 0.937481
v 0.100632 0.085 0.0437446
f 135/183/39 134/184/40 209/185/40 208/186/39 

vn 0.346436 0 0.938074
v 0.105391 0.085 0.0422862
f 134/187/40 133/188/41 210/189/41 209/190/40 

vn 0.45399 0 0.891007
v 0.11043 0.085 0.0400953
f 133/191/41 132/192/42 211/193/42 210/194/41 

vn 0.559193 0 0.829038
v 0.115164 0.085 0.0373067
f 132/195/42 131/196/43 212/197/43 211/198/42 

vn 0.656059 0 0.75471
v 0.119523 0.085 0.0339619
f 131/199/43 130/200/44 213/201/44 212/202/43 

vn 0.743145 0 0.669131
v 0.123442 0.085 0.0301109
f 130/203/44 129/204/45 214/205/45 213/206/44 

vn 0.819152 0 0.573576
v 0.126862 0.085 0.0258109
f 129/207/45 128/208/46 215/209/46 214/210/45 

vn 0.882948 0 0.469472
v 0.129733 0.085 0.0211262
f 128/211/46 127/212/47 216/213/47 215/214/46 

vn 0.93358 0 0.358368
v 0.132011 0.085 0.0161266
f 127/215/47 126/216/48 217/217/48 216/218/47 

vn 0.970296 0 0.241922
v 0.133663 0.085 0.0108865
f 126/219/48 125/220/49 218/221/49 217/222/48 

vn 0.992546 0 0.121869
v 0.134665 0.085 0.00548412
f 125/223/49 124/224/50 219/225/50 218/226/49 

vn 1 0 1.95695e-15
v 0.135 0.085 -0
f 124/227/50 123/228/51 220/229/51 219/230/50 

vn 0.992546 0 -0.121869
v 0.134665 0.085 -0.00548412
f 123/231/51 122/232/52 221/233/52 220/234/51 

vn 0.970296 0 -0.241922
v 0.133663 0.085 -0.0108865
f 122/235/52 121/236/53 222/237/53 221/238/52 

vn 0.93358 0 -0.358368
v 0.132011 0.085 -0.0161266
f 121/239/53 120/240/54 223/241/54 222/242/53 

vn 0.882948 0 -0.469472
v 0.129733 0.085 -0.0211262
f 120/243/54 119/244/55 224/245/55 223/246/54 

vn 0.819152 0 -0.573576
v 0.126862 0.085 -0.0258109
f 119/247/55 118/248/56 225/249/56 224/250/55 

vn 0.743145 0 -0.669131
v 0.123442 0.085 -0.0301109
f 118/251/56 117/252/57 226/253/57 225/254/56 

vn 0.656059 0 -0.75471
v 0.119523 0.085 -0.0339619
f 117/255/57 116/256/58 227/257/58 226/258/57 

vn 0.559193 0 -0.829038
v 0.115164 0.085 -0.0373067
f 116/259/58 115/260/59 228/261/59 227/262/58 

vn 0.45399 0 -0.891007
v 0.11043 0.085 -0.0400953
f 115/263/59 114/264/60 229/265/60 228/266/59 

vn 0.34202 0 -0.939693
v 0.105391 0.085 -0.0422862
f 114/267/60 113/268/61 230/269/61 229/270/60 

vn 0.284015 0 -0.95882
v 0.105049 0.085 -0.0423875
f 113/271/61 112/272/62 231/273/62 230/274/61 

vn 0.294346 0 -0.955699
v 0.104863 0.085 -0.0424425
f 112/272/62 111/275/63 232/276/63 231/273/62 

vn 0.359427 0 -0.933173
v 0.100122 0.085 -0.0439588
f 111/277/63 110/278/64 233/279/64 232/280/63 

vn 0.465179 0 -0.885217
v 0.0955893 0.085 -0.0460145
f 110/281/64 109/282/65 234/283/65 233/284/64 

vn 0.564658 0 -0.825325
v 0.0913251 0.085 -0.0485818
f 109/285/65 108/286/66 235/287/66 234/288/65 

vn 0.656524 0 -0.754305
v 0.0873872 0.085 -0.051626
f 108/289/66 107/290/67 236/291/67 235/292/66 

vn 0.739538 0 -0.673115
v 0.0838288 0.085 -0.0551063
f 107/293/67 106/294/68 237/295/68 236/296/67 

vn 0.812581 0 -0.582849
v 0.0806978 0.085 -0.0589755
f 106/297/68 105/298/69 238/299/69 237/300/68 

vn 0.874667 0 -0.484724
v 0.0780365 0.085 -0.0631817
f 105/301/69 104/302/70 239/303/70 238/304/69 

vn 0.92496 0 -0.380063
v 0.0758806 0.085 -0.067668
f 104/171/70 103/172/71 240/173/71 239/174/70 

vn 0.962782 0 -0.270279
v 0.0742594 0.085 -0.0723739
f 103/175/71 102/176/72 241/177/72 240/178/71 

vn 0.987623 0 -0.15685
v 0.0731946 0.085 -0.0772361
f 102/179/72 101/180/73 242/181/73 241/182/72 

vn 0.999147 0 -0.0413056
v 0.0727006 0.085 -0.0821889
f 101/183/73 100/184/74 243/185/74 242/186/73 

vn 0.999216 0 -0.0395993
v 0.0727841 0.085 -0.0871656
f 100/187/74 99/188/75 244/189/75 243/190/74 

vn 0.987688 0 -0.156434
v 0.0722575 0.085 -0.0926346
f 99/191/75 98/192/76 245/193/76 244/194/75 

vn 0.961262 0 -0.275637
v 0.0710683 0.085 -0.0979988
f 98/195/76 97/196/77 246/197/77 245/198/76 

vn 0.920505 0 -0.390731
v 0.0692342 0.085 -0.103178
f 97/199/77 96/200/78 247/201/78 246/202/77 

vn 0.866025 0 -0.5
v 0.0667827 0.085 -0.108095
f 96/203/78 95/204/79 248/205/79 247/206/78 

vn 0.798636 0 -0.601815
v 0.0637501 0.085 -0.112677
f 95/207/79 94/208/80 249/209/80 248/210/79 

vn 0.71934 0 -0.694658
v 0.0601818 0.085 -0.116855
f 94/211/80 93/212/81 250/213/81 249/214/80 

vn 0.62932 0 -0.777146
v 0.0561309 0.085 -0.120567
f 93/215/81 92/216/82 251/217/82 250/218/81 

vn 0.529919 0 -0.848048
v 0.0516579 0.085 -0.123757
f 92/219/82 91/220/83 252/221/83 251/222/82 

vn 0.422618 0 -0.906308
v 0.0468294 0.085 -0.126379
f 91/223/83 90/224/84 253/225/84 252/226/83 

vn 0.309017 0 -0.951057
v 0.0417173 0.085 -0.128393
f 90/227/84 89/228/85 254/229/85 253/230/84 

vn 0.190809 0 -0.981627
v 0.0363979 0.085 -0.129768
f 89/231/85 88/232/86 255/233/86 254/234/85 

vn 0.0697565 0 -0.997564
v 0.0309506 0.085 -0.130485
f 88/235/86 87/236/87 256/237/87 255/238/86 

vn -0.052336 0 -0.99863
v 0.0254564 0.085 -0.130533
f 87/239/87 86/240/88 257/241/88 256/242/87 

vn -0.173648 0 -0.984808
v 0.0199974 0.085 -0.129911
f 86/243/88 85/244/89 258/245/89 257/246/88 

vn -0.292372 0 -0.956305
v 0.0146548 0.085 -0.128629
f 85/247/89 84/248/90 259/249/90 258/250/89 

vn -0.406737 0 -0.913545
v 0.00950838 0.085 -0.126705
f 84/251/90 83/252/91 260/253/91 259/254/90 

vn -0.515038 0 -0.857167
v 0.00463482 0.085 -0.124168
f 83/255/91 82/256/92 261/257/92 260/258/91 

vn -0.615661 0 -0.788011
v 0.000106763 0.085 -0.121056
f 82/259/92 81/260/93 262/261/93 261/262/92 

vn -0.707107 0 -0.707107
v -0.00400828 0.085 -0.117415
f 81/263/93 80/264/94 263/265/94 262/266/93 

vn -0.788011 0 -0.615661
v -0.00764895 0.085 -0.1133
f 80/267/94 79/268/95 264/269/95 263/270/94 

vn -0.824126 0 -0.566406
v -0.007851 0.085 -0.113006
f 79/271/95 78/272/96 265/273/96 264/274/95 

vn -0.817966 0 -0.575267
v -0.00796074 0.085 -0.112846
f 78/272/96 77/275/97 266/276/97 265/273/96 

vn -0.776431 0 -0.630202
v -0.0108678 0.085 -0.108806
f 77/277/97 76/278/98 267/279/98 266/280/97 

vn -0.698143 0 -0.715958
v -0.0142237 0.085 -0.10513
f 76/281/98 75/282/99 268/283/99 267/284/98 

vn -0.610442 0 -0.792061
v -0.017983 0.085 -0.101868
f 75/285/99 74/286/100 269/287/100 268/288/99 

vn -0.51451 0 -0.857485
v -0.0220952 0.085 -0.0990635
f 74/289/100 73/290/101 270/291/101 269/292/100 

vn -0.41164 0 -0.911346
v -0.0265047 0.085 -0.0967547
f 73/293/101 72/294/102 271/295/102 270/296/101 

vn -0.303221 0 -0.95292
v -0.0311521 0.085 -0.0949726
f 72/297/102 71/298/103 272/299/103 271/300/102 

vn -0.190713 0 -0.981646
v -0.0359748 0.085 -0.0937413
f 71/301/103 70/302/104 273/303/104 272/304/103 

vn -0.0756334 0 -0.997136
v -0.0409077 0.085 -0.0930773
f 70/171/104 69/172/105 274/173/105 273/174/104 

vn 0.0404658 0 -0.999181
v -0.0458843 0.085 -0.0929897
f 69/175/105 68/176/106 275/177/106 274/178/105 

vn 0.156019 0 -0.987754
v -0.0508375 0.085 -0.0934795
f 68/179/106 67/180/107 276/181/107 275/182/106 

vn 0.269469 0 -0.963009
v -0.0557005 0.085 -0.0945402
f 67/183/107 66/184/108 277/185/108 276/186/107 

vn 0.271113 0 -0.962547
v -0.0604078 0.085 -0.0961574
f 66/187/108 65/188/109 278/189/109 277/190/108 

vn 0.156434 0 -0.987688
v -0.065772 0.085 -0.0973466
f 65/191/109 64/192/110 279/193/110 278/194/109 

vn 0.0348995 0 -0.999391
v -0.0712411 0.085 -0.0978733
f 64/195/110 63/196/111 280/197/111 279/198/110 

vn -0.0871557 0 -0.996195
v -0.0767335 0.085 -0.0977294
f 63/199/111 62/200/112 281/201/112 280/202/111 

vn -0.207912 0 -0.978148
v -0.0821676 0.085 -0.0969173
f 62/203/112 61/204/113 282/205/113 281/206/112 

vn -0.325568 0 -0.945519
v -0.0874621 0.085 -0.095449
f 61/207/113 60/208/114 283/209/114 282/210/113 

vn -0.438371 0 -0.898794
v -0.0925382 0.085 -0.0933464
f 60/211/114 59/212/115 284/213/115 283/214/114 

vn -0.544639 0 -0.838671
v -0.0973203 0.085 -0.0906408
f 59/215/115 58/216/116 285/217/116 284/218/115 

vn -0.642788 0 -0.766044
v -0.101737 0.085 -0.0873727
f 58/219/116 57/220/117 286/221/117 285/222/116 

vn -0.731354 0 -0.681998
v -0.105722 0.085 -0.0835906
f 57/223/117 56/224/118 287/225/118 286/226/117 

vn -0.809017 0 -0.587785
v -0.109217 0.085 -0.079351
f 56/227/118 55/228/119 288/229/119 287/230/118 

vn -0.87462 0 -0.48481
v -0.112169 0.085 -0.0747171
f 55/231/119 54/232/120 289/233/120 288/234/119 

vn -0.927184 0 -0.374607
v -0.114535 0.085 -0.069758
f 54/235/120 53/236/121 290/237/121 289/238/120 

vn -0.965926 0 -0.258819
v -0.116278 0.085 -0.0645475
f 53/239/121 52/240/122 291/241/122 290/242/121 

vn -0.990268 0 -0.139173
v -0.117374 0.085 -0.0591635
f 52/243/122 51/244/123 292/245/123 291/246/122 

vn -0.999848 0 -0.0174524
v -0.117805 0.085 -0.053686
f 51/247/123 50/248/124 293/249/124 292/250/123 

vn -0.994522 0 0.104528
v -0.117565 0.085 -0.0481969
f 50/251/124 49/252/125 294/253/125 293/254/124 

vn -0.97437 0 0.224951
v -0.116658 0.085 -0.0427779
f 49/255/125 48/256/126 295/257/126 294/258/125 

vn -0.939693 0 0.34202
v -0.115098 0.085 -0.0375098
f 48/259/126 47/260/127 296/261/127 295/262/126 

vn -0.891007 0 0.45399
v -0.112907 0.085 -0.0324711
f 47/263/127 46/264/128 297/265/128 296/266/127 

vn -0.829038 0 0.559193
v -0.110118 0.085 -0.027737
f 46/267/128 45/268/129 298/269/129 297/270/128 

vn -0.793353 0 0.608761
v -0.109901 0.085 -0.027454
f 45/271/129 44/272/130 299/273/130 298/274/129 

vn -0.799877 0 0.600165
v -0.109783 0.085 -0.0273003
f 44/272/130 43/275/131 300/276/131 299/273/130 

vn -0.839288 0 0.543687
v -0.106839 0.085 -0.023287
f 43/277/131 42/278/132 301/279/132 300/280/131 

vn -0.896655 0 0.44273
v -0.10438 0.085 -0.0189595
f 42/281/132 41/282/133 302/283/133 301/284/132 

vn -0.941932 0 0.335804
v -0.102439 0.085 -0.0143761
f 41/285/133 40/286/134 303/287/134 302/288/133 

vn -0.974509 0 0.22435
v -0.101043 0.085 -0.00959856
f 40/289/134 39/290/135 304/291/135 303/292/134 

vn -0.993946 0 0.109872
v -0.10021 0.085 -0.00469141
f 39/293/135 38/294/136 305/295/136 304/296/135 

vn -0.999981 0 -0.00608853
v -0.0999509 0.085 0.000279242
f 38/297/136 37/298/137 306/299/137 305/300/136 

vn -0.992534 0 -0.121967
v -0.10027 0.085 0.00524638
f 37/301/137 36/302/138 307/303/138 306/304/137 

vn -0.971704 0 -0.2362
v -0.101163 0.085 0.010143
f 36/171/138 35/172/139 308/173/139 307/174/138 

vn -0.937773 0 -0.347249
v -0.102617 0.085 0.0149031
f 35/175/139 34/176/140 309/177/140 308/178/139 

vn -0.891197 0 -0.453616
v -0.104614 0.085 0.0194626
f 34/179/140 33/180/141 310/181/141 309/182/140 

vn -0.832605 0 -0.553867
v -0.107125 0.085 0.0237598
f 33/183/141 32/184/142 311/185/142 310/186/141 

vn -0.831658 0 -0.555288
v -0.110118 0.085 0.027737
f 32/187/142 31/188/143 312/189/143 311/190/142 

vn -0.891007 0 -0.45399
v -0.112907 0.085 0.0324711
f 31/191/143 30/192/144 313/193/144 312/194/143 

vn -0.939693 0 -0.34202
v -0.115098 0.085 0.0375098
f 30/195/144 29/196/145 314/197/145 313/198/144 

vn -0.97437 0 -0.224951
v -0.116658 0.085 0.0427779
f 29/199/145 28/200/146 315/201/146 314/202/145 

vn -0.994522 0 -0.104528
v -0.117565 0.085 0.0481969
f 28/203/146 27/204/147 316/205/147 315/206/146 

vn -0.999848 0 0.0174524
v -0.117805 0.085 0.053686
f 27/207/147 26/208/148 317/209/148 316/210/147 

vn -0.990268 0 0.139173
v -0.117374 0.085 0.0591635
f 26/211/148 25/212/149 318/213/149 317/214/148 

vn -0.965926 0 0.258819
v -0.116278 0.085 0.0645475
f 25/215/149 24/216/150 319/217/150 318/218/149 

vn -0.927184 0 0.374607
v -0.114535 0.085 0.069758
f 24/219/150 23/220/151 320/221/151 319/222/150 

vn -0.87462 0 0.48481
v -0.112169 0.085 0.0747171
f 23/223/151 22/224/152 321/225/152 320/226/151 

vn -0.809017 0 0.587785
v -0.109217 0.085 0.079351
f 22/227/152 21/228/153 322/229/153 321/230/152 

vn -0.731354 0 0.681998
v -0.105722 0.085 0.0835906
f 21/231/153 20/232/154 323/233/154 322/234/153 

vn -0.642788 0 0.766044
v -0.101737 0.085 0.0873727
f 20/235/154 19/236/155 324/237/155 323/238/154 

vn -0.544639 0 0.838671
v -0.0973203 0.085 0.0906408
f 19/239/155 18/240/156 325/241/156 324/242/155 

vn -0.438371 0 0.898794
v -0.0925382 0.085 0.0933464
f 18/243/156 17/244/157 326/245/157 325/246/156 

vn -0.325568 0 0.945519
v -0.0874621 0.085 0.095449
f 17/247/157 16/248/158 327/249/158 326/250/157 

vn -0.207912 0 0.978148
v -0.0821676 0.085 0.0969173
f 16/251/158 15/252/159 328/253/159 327/254/158 

vn -0.0871557 0 0.996195
v -0.0767335 0.085 0.0977294
f 15/255/159 14/256/160 329/257/160 328/258/159 

vn 0.0348995 0 0.999391
v -0.0712411 0.085 0.0978733
f 14/259/160 13/260/161 330/261/161 329/262/160 

vn 0.156434 0 0.987688
v -0.065772 0.085 0.0973466
f 13/263/161 12/264/162 331/265/162 330/266/161 

vn 0.275637 0 0.961262
v -0.0604078 0.085 0.0961574
f 12/267/162 11/268/163 332/269/163 331/270/162 

vn 0.333807 0 0.942641
v -0.0600716 0.085 0.0960384
f 11/271/163 10/272/164 333/273/164 332/274/163 

vn 0.323615 0 0.946189
v -0.059889 0.085 0.0959737
f 10/272/164 9/275/165 334/276/165 333/273/164 

vn 0.257723 0 0.966219
v -0.0551623 0.085 0.0944139
f 9/277/165 8/278/166 335/279/166 334/280/165 

vn 0.14398 0 0.989581
v -0.0502867 0.085 0.0934125
f 8/281/166 7/282/167 336/283/167 335/284/166 

vn 0.0282959 0 0.9996
v -0.0453279 0.085 0.092983
f 7/285/167 6/286/168 337/287/168 336/288/167 

vn -0.0877697 0 0.996141
v -0.0403527 0.085 0.0931313
f 6/289/168 5/290/169 338/291/169 337/292/168 

vn -0.202652 0 0.979251
v -0.0354283 0.085 0.0938552
f 5/293/169 4/294/170 339/295/170 338/296/169 

vn -0.314802 0 0.949157
v -0.0306209 0.085 0.0951452
f 4/297/170 3/298/171 340/299/171 339/300/170 

f 3/301/171 2/302/2 172/303/2 340/304/171 

v -0.0300351 0.085 0.0496986
vt -1.18248 -1.95664
vn -4.9662e-31 1 1.78659e-32
vt -1.20555 -3.74587
vt -1.02345 -3.81826
f 341/305/172 340/306/172 172/307/172

v -0.0328174 0.085 0.0479936
vt -1.29202 -1.88951
f 342/308/172 340/306/172 341/305/172

v -0.0350636 0.085 0.0456266
vt -1.38046 -1.79632
f 343/309/172 340/306/172 342/308/172

vt -1.39481 -3.69509
f 343/309/172 339/310/172 340/306/172

v -0.0366206 0.085 0.0427588
vt -1.44176 -1.68342
f 344/311/172 339/310/172 343/309/172

v -0.0373824 0.085 0.0395858
vt -1.47175 -1.5585
f 345/312/172 339/310/172 344/311/172

vt -1.58869 -3.66658
f 339/310/172 345/312/172 338/313/172

v -0.0373824 0.085 -0.0364142
vt -1.47175 1.43363
f 346/314/172 338/313/172 345/312/172

vt -1.61054 3.66446
f 274/315/172 338/313/172 346/314/172

vt -1.78456 -3.66075
f 274/315/172 337/316/172 338/313/172

vt -1.80647 3.66101
f 275/317/172 337/316/172 274/315/172

vt -1.97979 -3.67766
f 275/317/172 336/318/172 337/316/172

vt -2.00148 3.68029
f 276/319/172 336/318/172 275/317/172

vt -2.17174 -3.71708
f 276/319/172 335/320/172 336/318/172

vt -2.19293 3.72205
f 277/321/172 335/320/172 276/319/172

v -0.059571 0.085 -0.0510063
vt -2.34531 2.00812
f 347/322/172 335/320/172 277/321/172

v -0.059571 0.085 0.0510063
vt -2.34531 -2.00812
f 348/323/172 335/320/172 347/322/172

v -0.0596564 0.085 0.0542683
vt -2.34868 -2.13655
f 349/324/172 335/320/172 348/323/172

vt -2.35783 -3.77849
f 349/324/172 334/325/172 335/320/172

vt -2.36502 -3.78104
f 349/324/172 333/326/172 334/325/172

v -0.060212 0.085 0.0561439
vt -2.37055 -2.21039
f 350/327/172 333/326/172 349/324/172

vt -2.37826 -3.78573
f 350/327/172 332/328/172 333/326/172

v -0.0605832 0.085 0.0573971
vt -2.38517 -2.25973
f 351/329/172 332/328/172 350/327/172

v -0.0622882 0.085 0.0601794
vt -2.45229 -2.36927
f 352/330/172 332/328/172 351/329/172

v -0.0646552 0.085 0.0624256
vt -2.54548 -2.4577
f 353/331/172 332/328/172 352/330/172

vt -2.58945 -3.83255
f 353/331/172 331/332/172 332/328/172

v -0.0675229 0.085 0.0639826
vt -2.65838 -2.519
f 354/333/172 331/332/172 353/331/172

v -0.0706959 0.085 0.0647444
vt -2.7833 -2.54899
f 355/334/172 331/332/172 354/333/172

vt -2.80477 -3.85328
f 355/334/172 330/335/172 331/332/172

v -0.0739579 0.085 0.064659
vt -2.91173 -2.54563
f 356/336/172 330/335/172 355/334/172

vt -3.02101 -3.84762
f 356/336/172 329/337/172 330/335/172

v -0.0770867 0.085 0.0637322
vt -3.03491 -2.50914
f 357/338/172 329/337/172 356/336/172

v -0.079869 0.085 0.0620272
vt -3.14445 -2.44202
f 358/339/172 329/337/172 357/338/172

v -0.0821152 0.085 0.0596602
vt -3.23288 -2.34883
f 359/340/172 329/337/172 358/339/172

vt -3.23494 -3.81564
f 359/340/172 328/341/172 329/337/172

v -0.0836723 0.085 0.0567925
vt -3.29418 -2.23592
f 360/342/172 328/341/172 359/340/172

v -0.084434 0.085 0.0536195
vt -3.32417 -2.111
f 361/343/172 328/341/172 360/342/172

vt -3.44339 -3.75783
f 361/343/172 327/344/172 328/341/172

vt -3.44339 3.75783
f 283/345/172 327/344/172 361/343/172

vt -3.64324 3.67506
f 284/346/172 327/344/172 283/345/172

vt -3.64324 -3.67506
f 284/346/172 326/347/172 327/344/172

vt -3.83151 3.56854
f 285/348/172 326/347/172 284/346/172

vt -3.83151 -3.56854
f 285/348/172 325/349/172 326/347/172

vt -3.93507 -0.0109938
f 285/348/172 306/350/172 325/349/172

vt -3.94526 0.184701
f 285/348/172 305/351/172 306/350/172

vt -3.97806 0.377896
f 285/348/172 304/352/172 305/351/172

vt -4.00539 3.43987
f 286/353/172 304/352/172 285/348/172

vt -4.03304 0.565986
f 286/353/172 303/354/172 304/352/172

vt -4.10945 0.746435
f 286/353/172 302/355/172 303/354/172

vt -4.1623 3.29097
f 287/356/172 302/355/172 286/353/172

vt -4.20626 0.91681
f 287/356/172 301/357/172 302/355/172

vt -4.29989 3.12406
f 288/358/172 301/357/172 287/356/172

vt -4.32217 1.07481
f 288/358/172 300/359/172 301/357/172

vt -4.32681 1.08087
f 288/358/172 299/360/172 300/359/172

vt -4.33536 1.09201
f 288/358/172 298/361/172 299/360/172

vt -4.41612 2.94162
f 289/362/172 298/361/172 288/358/172

vt -4.44515 1.27839
f 289/362/172 297/363/172 298/361/172

vt -4.50924 2.74638
f 290/364/172 297/363/172 289/362/172

vt -4.53141 1.47676
f 290/364/172 296/365/172 297/363/172

vt -4.57788 2.54124
f 291/366/172 296/365/172 290/364/172

vt -4.59284 1.68417
f 291/366/172 295/367/172 296/365/172

vt -4.62101 2.32927
f 292/368/172 295/367/172 291/366/172

vt -4.62854 1.89752
f 292/368/172 294/369/172 295/367/172

vt -4.63798 2.11362
f 294/369/172 292/368/172 293/370/172

vt -3.94764 -0.20655
f 307/371/172 325/349/172 306/350/172

vt -3.98279 -0.399332
f 308/372/172 325/349/172 307/371/172

vt -4.00539 -3.43987
f 308/372/172 324/373/172 325/349/172

vt -4.04006 -0.586738
f 309/374/172 324/373/172 308/372/172

vt -4.11866 -0.766243
f 310/375/172 324/373/172 309/374/172

vt -4.1623 -3.29097
f 310/375/172 323/376/172 324/373/172

vt -4.21754 -0.935427
f 311/377/172 323/376/172 310/375/172

vt -4.29989 -3.12406
f 311/377/172 322/378/172 323/376/172

vt -4.33536 -1.09201
f 312/379/172 322/378/172 311/377/172

vt -4.41612 -2.94162
f 312/379/172 321/380/172 322/378/172

vt -4.44515 -1.27839
f 313/381/172 321/380/172 312/379/172

vt -4.50924 -2.74638
f 313/381/172 320/382/172 321/380/172

vt -4.53141 -1.47676
f 314/383/172 320/382/172 313/381/172

vt -4.57788 -2.54124
f 314/383/172 319/384/172 320/382/172

vt -4.59284 -1.68417
f 315/385/172 319/384/172 314/383/172

vt -4.62101 -2.32927
f 315/385/172 318/386/172 319/384/172

vt -4.62854 -1.89752
f 316/387/172 318/386/172 315/385/172

vt -4.63798 -2.11362
f 318/386/172 316/387/172 317/388/172

v -0.084434 0.085 -0.0536195
vt -3.32417 2.111
f 283/345/172 361/343/172 362/389/172

v -0.0843486 0.085 -0.0503575
vt -3.32081 1.98258
f 361/343/172 363/390/172 362/389/172

v -0.0843486 0.085 0.0503575
vt -3.32081 -1.98258
f 363/390/172 361/343/172 364/391/172

vt 2.06883 3.34646
vn -0.987688 2.74212e-31 -0.156434
vt 2.1973 3.34646
vn -0.994522 2.28659e-31 0.104528
v -0.084434 0.095 0.0536195
vt 2.1973 3.74016
v -0.0843486 0.095 0.0503575
vt 2.06883 3.74016
f 364/392/173 361/393/174 365/394/174 366/395/173 

vt 1.27666 3.34646
vt 1.40513 3.34646
vn -0.93358 1.67523e-31 0.358368
v -0.0836723 0.095 0.0567925
vt 1.40513 3.74016
vt 1.27666 3.74016
f 361/396/174 360/397/175 367/398/175 365/399/174 

vt 0.39312 3.34646
vt 0.521591 3.34646
vn -0.809017 9.49712e-32 0.587785
v -0.0821152 0.095 0.0596602
vt 0.521591 3.74016
vt 0.39312 3.74016
f 360/400/175 359/401/176 368/402/176 367/403/175 

vt -0.521591 3.34646
vt -0.39312 3.34646
vn -0.62932 1.5947e-32 0.777146
v -0.079869 0.095 0.0620272
vt -0.39312 3.74016
vt -0.521591 3.74016
f 359/404/176 358/405/177 369/406/177 368/407/176 

vt -1.40513 3.34646
vt -1.27666 3.34646
vn -0.406737 -6.41639e-32 0.913545
v -0.0770867 0.095 0.0637322
vt -1.27666 3.74016
vt -1.40513 3.74016
f 358/408/177 357/409/178 370/410/178 369/411/177 

vt -2.1973 3.34646
vt -2.06883 3.34646
vn -0.156434 -1.39902e-31 0.987688
v -0.0739579 0.095 0.064659
vt -2.06883 3.74016
vt -2.1973 3.74016
f 357/412/178 356/413/179 371/414/179 370/415/178 

vt -2.8441 3.34646
vt -2.71562 3.34646
vn 0.104528 -2.06106e-31 0.994522
v -0.0706959 0.095 0.0647444
vt -2.71562 3.74016
vt -2.8441 3.74016
f 356/416/179 355/417/180 372/418/180 371/419/179 

vt -3.30145 3.34646
vt -3.17298 3.34646
vn 0.358368 -2.58265e-31 0.93358
v -0.0675229 0.095 0.0639826
vt -3.17298 3.74016
vt -3.30145 3.74016
f 355/420/180 354/421/181 373/422/181 372/423/180 

vt -3.5382 3.34646
vt -3.40973 3.34646
vn 0.587785 -2.92823e-31 0.809017
v -0.0646552 0.095 0.0624256
vt -3.40973 3.74016
vt -3.5382 3.74016
f 354/424/181 353/425/182 374/426/182 373/427/181 

vn 0.777146 -3.07426e-31 0.62932
v -0.0622882 0.095 0.0601794
f 353/424/182 352/425/183 375/426/183 374/427/182 

vn 0.913545 -3.01078e-31 0.406737
v -0.0605832 0.095 0.0573971
f 352/420/183 351/421/184 376/422/184 375/423/183 

vt -2.79264 3.34646
vn 0.95882 -2.90127e-31 0.284015
v -0.060212 0.095 0.0561439
vt -2.79264 3.74016
f 351/416/184 350/428/185 377/429/185 376/419/184 

vn 0.987688 -2.74212e-31 0.156434
v -0.0596564 0.095 0.0542683
f 350/428/185 349/417/186 378/418/186 377/429/185 

vn 0.994522 -2.28659e-31 -0.104528
v -0.059571 0.095 0.0510063
f 349/412/186 348/413/187 379/414/187 378/415/186 

v -0.0603328 0.085 0.0478333
vn 0.93358 -1.67523e-31 -0.358368
v -0.0603328 0.095 0.0478333
f 348/408/187 380/409/188 381/410/188 379/411/187 

vt -2.37531 -1.8832
f 347/322/172 380/430/172 348/323/172

v -0.0603328 0.085 -0.0478333
vt -2.37531 1.8832
f 382/431/172 380/430/172 347/322/172

v -0.0618898 0.085 0.0449656
vt -2.43661 -1.7703
f 382/431/172 383/432/172 380/430/172

v -0.0618898 0.085 -0.0449656
vt -2.43661 1.7703
f 384/433/172 383/432/172 382/431/172

v -0.064136 0.085 -0.0425986
vt -2.52504 1.67711
f 385/434/172 383/432/172 384/433/172

v -0.064136 0.085 0.0425986
vt -2.52504 -1.67711
f 385/434/172 386/435/172 383/432/172

v -0.0669183 0.085 -0.0408936
vt -2.63458 1.60998
f 387/436/172 386/435/172 385/434/172

v -0.0669183 0.085 0.0408936
vt -2.63458 -1.60998
f 387/436/172 388/437/172 386/435/172

v -0.0700471 0.085 -0.0399668
vt -2.75776 1.5735
f 389/438/172 388/437/172 387/436/172

v -0.0700471 0.085 0.0399668
vt -2.75776 -1.5735
f 389/438/172 390/439/172 388/437/172

v -0.0720025 0.085 0.0399156
vt -2.83474 -1.57148
f 389/438/172 391/440/172 390/439/172

v -0.0720025 0.085 -0.0399156
vt -2.83474 1.57148
f 392/441/172 391/440/172 389/438/172

v -0.0733091 0.085 0.0398814
vt -2.88619 -1.57013
f 392/441/172 393/442/172 391/440/172

v -0.0733091 0.085 -0.0398814
vt -2.88619 1.57013
f 394/443/172 393/442/172 392/441/172

v -0.0764821 0.085 -0.0406431
vt -3.01111 1.60012
f 395/444/172 393/442/172 394/443/172

v -0.0764821 0.085 0.0406431
vt -3.01111 -1.60012
f 395/444/172 396/445/172 393/442/172

v -0.0793498 0.085 0.0422002
vt -3.12401 -1.66142
f 395/444/172 397/446/172 396/445/172

v -0.0793498 0.085 -0.0422002
vt -3.12401 1.66142
f 398/447/172 397/446/172 395/444/172

v -0.0817168 0.085 -0.0444464
vt -3.2172 1.74986
f 399/448/172 397/446/172 398/447/172

v -0.0817168 0.085 0.0444464
vt -3.2172 -1.74986
f 399/448/172 400/449/172 397/446/172

v -0.0834218 0.085 -0.0472287
vt -3.28432 1.8594
f 401/450/172 400/449/172 399/448/172

v -0.0834218 0.085 0.0472287
vt -3.28432 -1.8594
f 401/450/172 402/451/172 400/449/172

f 401/450/172 364/391/172 402/451/172

f 363/390/172 364/391/172 401/450/172

vn -0.987688 -5.41065e-32 0.156434
vn -0.913545 -3.32966e-32 0.406737
v -0.0834218 0.095 -0.0472287
v -0.0843486 0.095 -0.0503575
f 363/416/189 401/417/190 403/418/190 404/419/189 

vn -0.777146 -1.02176e-32 0.62932
v -0.0817168 0.095 -0.0444464
f 401/420/190 399/421/191 405/422/191 403/423/190 

vn -0.587785 1.35578e-32 0.809017
v -0.0793498 0.095 -0.0422002
f 399/424/191 398/425/192 406/426/192 405/427/191 

vn -0.358368 3.64092e-32 0.93358
v -0.0764821 0.095 -0.0406431
f 398/424/192 395/425/193 407/426/193 406/427/192 

vn -0.104528 5.67794e-32 0.994522
v -0.0733091 0.095 -0.0398814
f 395/420/193 394/421/194 408/422/194 407/423/193 

vn 0.0261769 6.55909e-32 0.999657
v -0.0720025 0.095 -0.0399156
f 394/416/194 392/428/195 409/429/195 408/419/194 

vn 0.156434 7.32801e-32 0.987688
v -0.0700471 0.095 -0.0399668
f 392/428/195 389/417/196 410/418/196 409/429/195 

vn 0.406737 8.4787e-32 0.913545
v -0.0669183 0.095 -0.0408936
f 389/412/196 387/413/197 411/414/197 410/415/196 

vn 0.62932 9.05157e-32 0.777146
v -0.064136 0.095 -0.0425986
f 387/408/197 385/409/198 412/410/198 411/411/197 

vn 0.809017 9.0076e-32 0.587785
v -0.0618898 0.095 -0.0449656
f 385/404/198 384/405/199 413/406/199 412/407/198 

vn 0.93358 8.34977e-32 0.358368
v -0.0603328 0.095 -0.0478333
f 384/400/199 382/401/200 414/402/200 413/403/199 

vn 0.994522 7.12292e-32 0.104528
v -0.059571 0.095 -0.0510063
f 382/396/200 347/397/201 415/398/201 414/399/200 

v -0.0596564 0.085 -0.0542683
vn 0.987688 5.41065e-32 -0.156434
v -0.0596564 0.095 -0.0542683
f 347/392/201 416/393/202 417/394/202 415/395/201 

vt -2.34868 2.13655
f 277/321/172 416/452/172 347/322/172

v -0.060212 0.085 -0.0561439
vt -2.37055 2.21039
f 277/321/172 418/453/172 416/452/172

vt -2.37826 3.78573
f 278/454/172 418/453/172 277/321/172

v -0.0605832 0.085 -0.0573971
vt -2.38517 2.25973
f 278/454/172 419/455/172 418/453/172

v -0.0622882 0.085 -0.0601794
vt -2.45229 2.36927
f 278/454/172 420/456/172 419/455/172

v -0.0646552 0.085 -0.0624256
vt -2.54548 2.4577
f 278/454/172 421/457/172 420/456/172

vt -2.58945 3.83255
f 279/458/172 421/457/172 278/454/172

v -0.0675229 0.085 -0.0639826
vt -2.65838 2.519
f 279/458/172 422/459/172 421/457/172

v -0.0706959 0.085 -0.0647444
vt -2.7833 2.54899
f 279/458/172 423/460/172 422/459/172

vt -2.80477 3.85328
f 280/461/172 423/460/172 279/458/172

v -0.0739579 0.085 -0.064659
vt -2.91173 2.54563
f 280/461/172 424/462/172 423/460/172

vt -3.02101 3.84762
f 281/463/172 424/462/172 280/461/172

v -0.0770867 0.085 -0.0637322
vt -3.03491 2.50914
f 281/463/172 425/464/172 424/462/172

v -0.079869 0.085 -0.0620272
vt -3.14445 2.44202
f 281/463/172 426/465/172 425/464/172

v -0.0821152 0.085 -0.0596602
vt -3.23288 2.34883
f 281/463/172 427/466/172 426/465/172

vt -3.23494 3.81564
f 282/467/172 427/466/172 281/463/172

v -0.0836723 0.085 -0.0567925
vt -3.29418 2.23592
f 282/467/172 428/468/172 427/466/172

f 282/467/172 362/389/172 428/468/172

f 362/389/172 282/467/172 283/345/172

vn -0.93358 -8.34977e-32 -0.358368
vn -0.994522 -7.12292e-32 -0.104528
v -0.084434 0.095 -0.0536195
v -0.0836723 0.095 -0.0567925
f 428/408/203 362/409/204 429/410/204 430/411/203 

f 362/412/204 363/413/189 404/414/189 429/415/204 

vn -6.49039e-32 1 -6.39138e-32
f 404/390/205 430/468/205 429/389/205

f 430/468/205 404/390/205 403/450/205

v -0.0821152 0.095 -0.0596602
f 430/468/205 403/450/205 431/466/205

f 431/466/205 403/450/205 405/448/205

v -0.079869 0.095 -0.0620272
f 431/466/205 405/448/205 432/465/205

f 432/465/205 405/448/205 406/447/205

v -0.0784154 0.095 -0.0529869
vt -3.08722 2.0861
f 432/465/205 406/447/205 433/469/205

v -0.0783714 0.095 -0.0513042
vt -3.08549 2.01985
f 406/447/205 434/470/205 433/469/205

f 434/470/205 406/447/205 407/444/205

v -0.0778933 0.095 -0.0496902
vt -3.06666 1.95631
f 434/470/205 407/444/205 435/471/205

v -0.0770137 0.095 -0.0482549
vt -3.03204 1.8998
f 435/471/205 407/444/205 436/472/205

v -0.0757927 0.095 -0.0470962
vt -2.98396 1.85418
f 436/472/205 407/444/205 437/473/205

f 437/473/205 407/444/205 408/443/205

v -0.0743134 0.095 -0.0462929
vt -2.92572 1.82256
f 437/473/205 408/443/205 438/474/205

v -0.0726765 0.095 -0.0459
vt -2.86128 1.80709
f 438/474/205 408/443/205 439/475/205

f 439/475/205 408/443/205 409/441/205

v -0.0721596 0.095 -0.0459135
vt -2.84093 1.80762
f 439/475/205 409/441/205 440/476/205

v -0.0709938 0.095 -0.045944
vt -2.79503 1.80882
f 440/476/205 409/441/205 441/477/205

f 441/477/205 409/441/205 410/438/205

v -0.0693798 0.095 -0.0464221
vt -2.73149 1.82764
f 441/477/205 410/438/205 442/478/205

f 442/478/205 410/438/205 411/436/205

v -0.0679445 0.095 -0.0473017
vt -2.67498 1.86227
f 442/478/205 411/436/205 443/479/205

v -0.0667858 0.095 -0.0485227
vt -2.62936 1.91034
f 443/479/205 411/436/205 444/480/205

f 444/480/205 411/436/205 412/434/205

v -0.0659826 0.095 -0.050002
vt -2.59774 1.96858
f 444/480/205 412/434/205 445/481/205

v -0.0655896 0.095 -0.0516389
vt -2.58227 2.03303
f 445/481/205 412/434/205 446/482/205

v -0.0646552 0.095 -0.0624256
f 446/482/205 412/434/205 447/457/205

v -0.0622882 0.095 -0.0601794
f 447/457/205 412/434/205 448/456/205

f 448/456/205 412/434/205 413/433/205

v -0.0605832 0.095 -0.0573971
f 448/456/205 413/433/205 449/455/205

f 449/455/205 413/433/205 414/431/205

v -0.060212 0.095 -0.0561439
f 449/455/205 414/431/205 450/453/205

f 450/453/205 414/431/205 415/322/205

f 450/453/205 415/322/205 417/452/205

vt 2.71562 3.34646
vt 2.79264 3.34646
vn 0.95882 4.40787e-32 -0.284015
vt 2.79264 3.74016
vt 2.71562 3.74016
f 416/483/202 418/484/206 450/485/206 417/486/202 

vt 2.8441 3.34646
vn 0.913545 3.32966e-32 -0.406737
vt 2.8441 3.74016
f 418/484/206 419/487/207 449/488/207 450/485/206 

vt 3.17298 3.34646
vt 3.30145 3.34646
vn 0.777146 1.02176e-32 -0.62932
vt 3.30145 3.74016
vt 3.17298 3.74016
f 419/489/207 420/490/208 448/491/208 449/492/207 

vt 3.40973 3.34646
vt 3.5382 3.34646
vn 0.587785 -1.35578e-32 -0.809017
vt 3.5382 3.74016
vt 3.40973 3.74016
f 420/493/208 421/494/209 447/495/209 448/496/208 

vn 0.358368 -3.64092e-32 -0.93358
v -0.0675229 0.095 -0.0639826
f 421/493/209 422/494/210 451/495/210 447/496/209 

vn 0.104528 -5.67794e-32 -0.994522
v -0.0706959 0.095 -0.0647444
f 422/489/210 423/490/211 452/491/211 451/492/210 

vn -0.156434 -7.32801e-32 -0.987688
v -0.0739579 0.095 -0.064659
f 423/483/211 424/487/212 453/488/212 452/486/211 

vn -0.406737 -8.4787e-32 -0.913545
v -0.0770867 0.095 -0.0637322
f 424/392/212 425/393/213 454/394/213 453/395/212 

vn -0.62932 -9.05157e-32 -0.777146
f 425/396/213 426/397/214 432/398/214 454/399/213 

vn -0.809017 -9.0076e-32 -0.587785
f 426/400/214 427/401/215 431/402/215 432/403/214 

f 427/404/215 428/405/203 430/406/203 431/407/215 

f 432/465/205 433/469/205 454/464/205

v -0.0780225 0.095 -0.0546237
vt -3.07175 2.15054
f 454/464/205 433/469/205 455/497/205

v -0.0784154 0.085 -0.0529869
vt 1.30776 3.34646
v -0.0780225 0.085 -0.0546237
vt 1.37403 3.34646
vt 1.37403 3.74016
vt 1.30776 3.74016
f 456/498/201 457/499/200 455/500/200 433/501/201 

v -0.0659826 0.085 -0.050002
vn 4.70311e-31 1 -2.21193e-31
v -0.0655896 0.085 -0.0516389
v -0.0656337 0.085 -0.0533216
vt -2.584 2.09928
v -0.0659649 0.085 -0.0544398
vt -2.59704 2.1433
v -0.0661118 0.085 -0.0549356
vt -2.60283 2.16282
v -0.0669913 0.085 -0.0563709
vt -2.63745 2.21933
v -0.0682123 0.085 -0.0575296
vt -2.68553 2.26495
v -0.0696917 0.085 -0.0583328
vt -2.74377 2.29657
v -0.0713285 0.085 -0.0587258
vt -2.80821 2.31204
v -0.0730112 0.085 -0.0586817
vt -2.87446 2.3103
v -0.0746252 0.085 -0.0582036
vt -2.938 2.29148
v -0.0760605 0.085 -0.0573241
vt -2.99451 2.25685
v -0.0772192 0.085 -0.0561031
vt -3.04013 2.20878
v -0.0783714 0.085 -0.0513042
v -0.0778933 0.085 -0.0496902
v -0.0770137 0.085 -0.0482549
v -0.0757927 0.085 -0.0470962
v -0.0743134 0.085 -0.0462929
v -0.0726765 0.085 -0.0459
v -0.0721596 0.085 -0.0459135
v -0.0709938 0.085 -0.045944
v -0.0693798 0.085 -0.0464221
v -0.0679445 0.085 -0.0473017
v -0.0667858 0.085 -0.0485227
f 458/481/216 459/482/216 460/502/216 461/503/216 462/504/216 463/505/216 464/506/216 465/507/216 466/508/216 467/509/216 468/510/216 469/511/216 470/512/216 457/497/216 456/469/216 471/470/216 472/471/216 473/472/216 474/473/216 475/474/216 476/475/216 477/476/216 478/477/216 479/478/216 480/479/216 481/480/216 

vt -1.37403 3.34646
vt -1.30776 3.34646
vt -1.30776 3.74016
vt -1.37403 3.74016
f 459/513/204 458/514/203 445/515/203 446/516/204 

vt -0.490492 3.34646
vt -0.424219 3.34646
vt -0.424219 3.74016
vt -0.490492 3.74016
f 458/517/203 481/518/215 444/519/215 445/520/203 

vt 0.424219 3.34646
vt 0.490492 3.34646
vt 0.490492 3.74016
vt 0.424219 3.74016
f 481/521/215 480/522/214 443/523/214 444/524/215 

f 480/498/214 479/499/213 442/500/213 443/501/214 

vt 2.09993 3.34646
vt 2.1662 3.34646
vt 2.1662 3.74016
vt 2.09993 3.74016
f 479/525/213 478/526/212 441/527/212 442/528/213 

vt 2.74672 3.34646
vn -0.0261769 -6.55909e-32 -0.999657
vt 2.74672 3.74016
f 478/529/212 477/484/217 440/485/217 441/530/212 

vt 2.813 3.34646
vt 2.813 3.74016
f 477/484/217 476/531/211 439/532/211 440/485/217 

vt 3.20408 3.34646
vt 3.27035 3.34646
vt 3.27035 3.74016
vt 3.20408 3.74016
f 476/533/211 475/534/210 438/535/210 439/536/211 

vt 3.44082 3.34646
vt 3.5071 3.34646
vt 3.5071 3.74016
vt 3.44082 3.74016
f 475/537/210 474/538/209 437/539/209 438/540/210 

f 474/537/209 473/538/208 436/539/208 437/540/209 

f 473/533/208 472/534/207 435/535/207 436/536/208 

f 472/529/207 471/531/202 434/532/202 435/530/207 

f 471/525/202 456/526/201 433/527/201 434/528/202 

vt -2.1662 3.34646
vt -2.09993 3.34646
vt -2.09993 3.74016
v -0.0656337 0.095 -0.0533216
vt -2.1662 3.74016
f 460/541/189 459/542/204 446/543/204 482/544/189 

f 447/457/205 482/502/205 446/482/205

v -0.0659649 0.095 -0.0544398
f 447/457/205 483/503/205 482/502/205

v -0.0661118 0.095 -0.0549356
f 447/457/205 484/504/205 483/503/205

v -0.0669913 0.095 -0.0563709
f 447/457/205 485/505/205 484/504/205

f 451/459/205 485/505/205 447/457/205

v -0.0682123 0.095 -0.0575296
f 451/459/205 486/506/205 485/505/205

v -0.0696917 0.095 -0.0583328
f 451/459/205 487/507/205 486/506/205

f 452/460/205 487/507/205 451/459/205

v -0.0713285 0.095 -0.0587258
f 452/460/205 488/508/205 487/507/205

v -0.0730112 0.095 -0.0586817
f 452/460/205 489/509/205 488/508/205

f 453/462/205 489/509/205 452/460/205

v -0.0746252 0.095 -0.0582036
f 453/462/205 490/510/205 489/509/205

v -0.0760605 0.095 -0.0573241
f 453/462/205 491/511/205 490/510/205

f 454/464/205 491/511/205 453/462/205

v -0.0772192 0.095 -0.0561031
f 454/464/205 492/512/205 491/511/205

f 454/464/205 455/497/205 492/512/205

f 457/521/200 470/522/199 492/523/199 455/524/200 

f 470/517/199 469/518/198 491/519/198 492/520/199 

f 469/513/198 468/514/197 490/515/197 491/516/198 

f 468/541/197 467/542/196 489/543/196 490/544/197 

vt -2.813 3.34646
vt -2.74672 3.34646
vt -2.74672 3.74016
vt -2.813 3.74016
f 467/545/196 466/546/194 488/547/194 489/548/196 

vt -3.27035 3.34646
vt -3.20408 3.34646
vt -3.20408 3.74016
vt -3.27035 3.74016
f 466/549/194 465/550/193 487/551/193 488/552/194 

vt -3.5071 3.34646
vt -3.44082 3.34646
vt -3.44082 3.74016
vt -3.5071 3.74016
f 465/553/193 464/554/192 486/555/192 487/556/193 

f 464/553/192 463/554/191 485/555/191 486/556/192 

f 463/549/191 462/550/190 484/551/190 485/552/191 

vn -0.95882 -4.40787e-32 0.284015
f 462/545/190 461/428/218 483/429/218 484/548/190 

f 461/428/218 460/546/189 482/547/189 483/429/218 

vn -0.913545 3.01078e-31 -0.406737
v -0.0834218 0.095 0.0472287
f 402/483/219 364/487/173 366/488/173 493/486/219 

vn 2.4895e-31 1 1.81076e-31
f 366/391/220 367/342/220 493/451/220

f 367/342/220 366/391/220 365/343/220

f 493/451/220 367/342/220 368/340/220

v -0.0817168 0.095 0.0444464
f 493/451/220 368/340/220 494/449/220

f 494/449/220 368/340/220 369/339/220

v -0.0793498 0.095 0.0422002
f 494/449/220 369/339/220 495/446/220

v -0.0784154 0.095 0.0529869
vt -3.08722 -2.0861
f 495/446/220 369/339/220 496/557/220

f 496/557/220 369/339/220 370/338/220

v -0.0780225 0.095 0.0546237
vt -3.07175 -2.15054
f 496/557/220 370/338/220 497/558/220

v -0.0772192 0.095 0.0561031
vt -3.04013 -2.20878
f 497/558/220 370/338/220 498/559/220

v -0.0760605 0.095 0.0573241
vt -2.99451 -2.25685
f 498/559/220 370/338/220 499/560/220

f 499/560/220 370/338/220 371/336/220

v -0.0746252 0.095 0.0582036
vt -2.938 -2.29148
f 499/560/220 371/336/220 500/561/220

v -0.0730112 0.095 0.0586817
vt -2.87446 -2.3103
f 500/561/220 371/336/220 501/562/220

f 501/562/220 371/336/220 372/334/220

v -0.0713285 0.095 0.0587258
vt -2.80821 -2.31204
f 501/562/220 372/334/220 502/563/220

v -0.0696917 0.095 0.0583328
vt -2.74377 -2.29657
f 502/563/220 372/334/220 503/564/220

f 503/564/220 372/334/220 373/333/220

v -0.0682123 0.095 0.0575296
vt -2.68553 -2.26495
f 503/564/220 373/333/220 504/565/220

v -0.0669913 0.095 0.0563709
vt -2.63745 -2.21933
f 504/565/220 373/333/220 505/566/220

f 505/566/220 373/333/220 374/331/220

v -0.0661118 0.095 0.0549356
vt -2.60283 -2.16282
f 505/566/220 374/331/220 506/567/220

v -0.0659649 0.095 0.0544398
vt -2.59704 -2.1433
f 506/567/220 374/331/220 507/568/220

v -0.0656337 0.095 0.0533216
vt -2.584 -2.09928
f 507/568/220 374/331/220 508/569/220

v -0.0655896 0.095 0.0516389
vt -2.58227 -2.03303
f 508/569/220 374/331/220 509/570/220

v -0.064136 0.095 0.0425986
f 510/435/220 509/570/220 374/331/220

v -0.0659826 0.095 0.050002
vt -2.59774 -1.96858
f 510/435/220 511/571/220 509/570/220

v -0.0667858 0.095 0.0485227
vt -2.62936 -1.91034
f 510/435/220 512/572/220 511/571/220

v -0.0669183 0.095 0.0408936
f 513/437/220 512/572/220 510/435/220

v -0.0679445 0.095 0.0473017
vt -2.67498 -1.86227
f 513/437/220 514/573/220 512/572/220

v -0.0693798 0.095 0.0464221
vt -2.73149 -1.82764
f 513/437/220 515/574/220 514/573/220

v -0.0700471 0.095 0.0399668
f 516/439/220 515/574/220 513/437/220

v -0.0709938 0.095 0.045944
vt -2.79503 -1.80882
f 516/439/220 517/575/220 515/574/220

v -0.0720025 0.095 0.0399156
f 518/440/220 517/575/220 516/439/220

v -0.0721596 0.095 0.0459135
vt -2.84093 -1.80762
f 518/440/220 519/576/220 517/575/220

v -0.0726765 0.095 0.0459
vt -2.86128 -1.80709
f 518/440/220 520/577/220 519/576/220

v -0.0733091 0.095 0.0398814
f 521/442/220 520/577/220 518/440/220

v -0.0743134 0.095 0.0462929
vt -2.92572 -1.82256
f 521/442/220 522/578/220 520/577/220

v -0.0757927 0.095 0.0470962
vt -2.98396 -1.85418
f 521/442/220 523/579/220 522/578/220

v -0.0764821 0.095 0.0406431
f 524/445/220 523/579/220 521/442/220

v -0.0770137 0.095 0.0482549
vt -3.03204 -1.8998
f 524/445/220 525/580/220 523/579/220

v -0.0778933 0.095 0.0496902
vt -3.06666 -1.95631
f 524/445/220 526/581/220 525/580/220

v -0.0783714 0.095 0.0513042
vt -3.08549 -2.01985
f 524/445/220 527/582/220 526/581/220

f 495/446/220 527/582/220 524/445/220

f 527/582/220 495/446/220 496/557/220

v -0.0784154 0.085 0.0529869
v -0.0783714 0.085 0.0513042
f 528/541/187 529/542/186 527/543/186 496/544/187 

v -0.0760605 0.085 0.0573241
vn 7.2495e-31 1 -3.70758e-31
v -0.0746252 0.085 0.0582036
v -0.0730112 0.085 0.0586817
v -0.0713285 0.085 0.0587258
v -0.0696917 0.085 0.0583328
v -0.0682123 0.085 0.0575296
v -0.0669913 0.085 0.0563709
v -0.0661118 0.085 0.0549356
v -0.0659649 0.085 0.0544398
v -0.0656337 0.085 0.0533216
v -0.0655896 0.085 0.0516389
v -0.0659826 0.085 0.050002
v -0.0667858 0.085 0.0485227
v -0.0679445 0.085 0.0473017
v -0.0693798 0.085 0.0464221
v -0.0709938 0.085 0.045944
v -0.0721596 0.085 0.0459135
v -0.0726765 0.085 0.0459
v -0.0743134 0.085 0.0462929
v -0.0757927 0.085 0.0470962
v -0.0770137 0.085 0.0482549
v -0.0778933 0.085 0.0496902
v -0.0780225 0.085 0.0546237
v -0.0772192 0.085 0.0561031
f 530/560/221 531/561/221 532/562/221 533/563/221 534/564/221 535/565/221 536/566/221 537/567/221 538/568/221 539/569/221 540/570/221 541/571/221 542/572/221 543/573/221 544/574/221 545/575/221 546/576/221 547/577/221 548/578/221 549/579/221 550/580/221 551/581/221 529/582/221 528/557/221 552/558/221 553/559/221 

vn 0.406737 6.41639e-32 -0.913545
vn 0.62932 -1.5947e-32 -0.777146
f 531/498/222 530/499/223 499/500/223 500/501/222 

vn 0.809017 -9.49712e-32 -0.587785
f 530/521/223 553/522/224 498/523/224 499/524/223 

f 553/517/224 552/518/188 497/519/188 498/520/224 

f 552/513/188 528/514/187 496/515/187 497/516/188 

vn 0.156434 1.39902e-31 -0.987688
f 532/525/225 531/526/222 500/527/222 501/528/225 

vn -0.104528 2.06106e-31 -0.994522
f 533/529/226 532/531/225 501/532/225 502/530/226 

vn -0.358368 2.58265e-31 -0.93358
f 534/533/227 533/534/226 502/535/226 503/536/227 

vn -0.587785 2.92823e-31 -0.809017
f 535/537/228 534/538/227 503/539/227 504/540/228 

vn -0.777146 3.07426e-31 -0.62932
f 536/537/229 535/538/228 504/539/228 505/540/229 

f 537/533/219 536/534/229 505/535/229 506/536/219 

vn -0.95882 2.90127e-31 -0.284015
f 538/484/230 537/531/219 506/532/219 507/485/230 

f 539/529/173 538/484/230 507/485/230 508/530/173 

f 540/525/174 539/526/173 508/527/173 509/528/174 

f 541/498/175 540/499/174 509/500/174 511/501/175 

f 542/521/176 541/522/175 511/523/175 512/524/176 

f 543/517/177 542/518/176 512/519/176 514/520/177 

f 544/513/178 543/514/177 514/515/177 515/516/178 

f 545/541/179 544/542/178 515/543/178 517/544/179 

vn -0.0261769 -1.74497e-31 0.999657
f 546/428/231 545/546/179 517/547/179 519/429/231 

f 547/545/180 546/428/231 519/429/231 520/548/180 

f 548/549/181 547/550/180 520/551/180 522/552/181 

f 549/553/182 548/554/181 522/555/181 523/556/182 

f 550/553/183 549/554/182 523/555/182 525/556/183 

f 551/549/184 550/550/183 525/551/183 526/552/184 

f 529/545/186 551/546/184 526/547/184 527/548/186 

f 396/493/227 397/494/228 495/495/228 524/496/227 

f 397/493/228 400/494/229 494/495/229 495/496/228 

f 400/489/229 402/490/219 493/491/219 494/492/229 

f 393/489/226 396/490/227 524/491/227 521/492/226 

vn 0.0261769 1.74497e-31 -0.999657
f 391/484/232 393/487/226 521/488/226 518/485/232 

f 390/483/225 391/484/232 518/485/232 516/486/225 

f 388/392/222 390/393/225 516/394/225 513/395/222 

f 386/396/223 388/397/222 513/398/222 510/399/223 

v -0.0618898 0.095 0.0449656
f 383/400/224 386/401/223 510/402/223 554/403/224 

f 510/435/220 375/330/220 554/432/220

f 510/435/220 374/331/220 375/330/220

f 554/432/220 375/330/220 376/329/220

f 554/432/220 376/329/220 381/430/220

f 381/430/220 376/329/220 377/327/220

f 381/430/220 377/327/220 379/323/220

f 379/323/220 377/327/220 378/324/220

f 380/404/188 383/405/224 554/406/224 381/407/188 

vt -1.41633 3.6906
f 274/315/172 346/314/172 273/583/172

v -0.037297 0.085 -0.0396762
vt -1.46838 1.56205
f 273/583/172 346/314/172 555/584/172

vt -1.52308 3.34646
vn -0.987688 1.25522e-30 -0.156434
vt -1.39461 3.34646
vn -0.994522 1.21646e-30 0.104528
v -0.0373824 0.095 -0.0364142
vt -1.39461 3.74016
v -0.037297 0.095 -0.0396762
vt -1.52308 3.74016
f 555/585/233 346/586/234 556/587/234 557/588/233 

vt -1.73759 3.34646
v -0.0366206 0.085 -0.0332412
vt -1.60912 3.34646
vn -0.93358 1.09479e-30 0.358368
v -0.0366206 0.095 -0.0332412
vt -1.60912 3.74016
vt -1.73759 3.74016
f 346/589/234 558/590/235 559/591/235 556/592/234 

v -0.037297 0.085 0.0363238
vt -1.46838 -1.43007
vt -1.44176 1.30871
f 346/314/172 560/593/172 558/594/172

f 560/593/172 346/314/172 345/312/172

vt 1.46802 3.34646
vn -0.987688 7.64718e-31 -0.156434
vt 1.59649 3.34646
vn -0.994522 7.22559e-31 0.104528
v -0.0373824 0.095 0.0395858
vt 1.59649 3.74016
v -0.037297 0.095 0.0363238
vt 1.46802 3.74016
f 560/595/236 345/596/237 561/597/237 562/598/236 

vt 1.17186 3.34646
vt 1.30033 3.34646
vn -0.93358 6.31158e-31 0.358368
v -0.0366206 0.095 0.0427588
vt 1.30033 3.74016
vt 1.17186 3.74016
f 345/599/237 344/600/238 563/601/238 561/602/237 

vt 0.791471 3.34646
vt 0.919941 3.34646
vn -0.809017 4.96745e-31 0.587785
v -0.0350636 0.095 0.0456266
vt 0.919941 3.74016
vt 0.791471 3.74016
f 344/603/238 343/604/239 564/605/239 563/606/238 

vt 0.352763 3.34646
vt 0.481233 3.34646
vn -0.62932 3.2848e-31 0.777146
v -0.0328174 0.095 0.0479936
vt 0.481233 3.74016
vt 0.352763 3.74016
f 343/607/239 342/608/240 565/609/240 564/610/239 

vt -0.114363 3.34646
vt 0.0141073 3.34646
vn -0.406737 1.3783e-31 0.913545
v -0.0300351 0.095 0.0496986
vt 0.0141073 3.74016
vt -0.114363 3.74016
f 342/611/240 341/612/241 566/613/241 565/614/240 

vt -0.578073 3.34646
v -0.0269063 0.085 0.0506253
vt -0.449602 3.34646
vn -0.156434 -6.22137e-32 0.987688
v -0.0269063 0.095 0.0506253
vt -0.449602 3.74016
vt -0.578073 3.74016
f 341/615/241 567/616/242 568/617/242 566/618/241 

vt -1.0593 -1.99312
f 341/305/172 172/307/172 567/619/172

v -0.0236442 0.085 0.0507108
vt -0.930876 -1.99649
f 567/619/172 172/307/172 569/620/172

vt -0.850964 -3.91126
f 569/620/172 172/307/172 171/621/172

v -0.0204713 0.085 0.049949
vt -0.805955 -1.9665
f 569/620/172 171/621/172 570/622/172

vt -0.690425 -4.02363
f 570/622/172 171/621/172 173/623/172

v -0.0176035 0.085 0.048392
vt -0.693053 -1.9052
f 570/622/172 173/623/172 571/624/172

v -0.0152365 0.085 0.0461457
vt -0.599863 -1.81676
f 571/624/172 173/623/172 572/625/172

vt -0.543994 -4.15386
f 572/625/172 173/623/172 174/626/172

v -0.0135315 0.085 0.0433635
vt -0.532738 -1.70722
f 572/625/172 174/626/172 573/627/172

vt -0.413647 -4.30018
f 573/627/172 174/626/172 175/628/172

v -0.0131603 0.085 0.0421102
vt -0.518123 -1.65788
f 573/627/172 175/628/172 574/629/172

v -0.0126048 0.085 0.0402347
vt -0.49625 -1.58404
f 574/629/172 175/628/172 575/630/172

v -0.0125193 0.085 0.0369726
vt -0.492887 -1.45562
f 575/630/172 175/628/172 576/631/172

v -0.0125193 0.085 -0.0390274
vt -0.492887 1.53651
f 576/631/172 175/628/172 577/632/172

vt -0.427867 4.2837
f 577/632/172 175/628/172 267/633/172

vt -0.313415 4.44276
f 267/633/172 175/628/172 266/634/172

vt -0.30114 -4.46062
f 266/634/172 175/628/172 176/635/172

vt -0.309095 4.44905
f 266/634/172 176/635/172 265/636/172

vt -0.30114 4.46062
f 265/636/172 176/635/172 264/637/172

vt -0.157806 -4.62263
f 264/637/172 176/635/172 177/638/172

vt -0.157806 4.62263
f 264/637/172 177/638/172 263/639/172

vt 0.00420327 -4.76597
f 263/639/172 177/638/172 178/640/172

vt 0.00420327 4.76597
f 263/639/172 178/640/172 262/641/172

vt 0.182473 -4.88849
f 262/641/172 178/640/172 179/642/172

vt 0.182473 4.88849
f 262/641/172 179/642/172 261/643/172

vt 0.374346 -4.98837
f 261/643/172 179/642/172 180/644/172

vt 0.374346 4.98837
f 261/643/172 180/644/172 260/645/172

vt 0.576961 -5.06413
f 260/645/172 180/644/172 181/646/172

vt 0.576961 5.06413
f 260/645/172 181/646/172 259/647/172

v 0.0150196 0.085 0.0852982
vt 0.591325 -3.3582
f 259/647/172 181/646/172 578/648/172

vt 0.787298 -5.11462
f 578/648/172 181/646/172 182/649/172

v 0.0156143 0.085 0.0885067
vt 0.614736 -3.48452
f 578/648/172 182/649/172 579/650/172

v 0.0170191 0.085 0.091452
vt 0.670045 -3.60047
f 579/650/172 182/649/172 580/651/172

v 0.0191384 0.085 0.0939333
vt 0.75348 -3.69816
f 580/651/172 182/649/172 581/652/172

v 0.0218276 0.085 0.0957816
vt 0.859356 -3.77093
f 581/652/172 182/649/172 582/653/172

vt 1.00222 -5.13911
f 582/653/172 182/649/172 183/654/172

v 0.0249036 0.085 0.0968709
vt 0.980457 -3.81381
f 582/653/172 183/654/172 583/655/172

v 0.0281567 0.085 0.0971269
vt 1.10853 -3.82389
f 583/655/172 183/654/172 584/656/172

vt 1.21853 -5.13722
f 584/656/172 183/654/172 184/657/172

v 0.0313652 0.085 0.0965322
vt 1.23485 -3.80048
f 584/656/172 184/657/172 585/658/172

vt 1.43299 -5.10899
f 585/658/172 184/657/172 185/659/172

v 0.0343105 0.085 0.0951274
vt 1.35081 -3.74517
f 585/658/172 185/659/172 586/660/172

v 0.0367918 0.085 0.0930082
vt 1.4485 -3.66174
f 586/660/172 185/659/172 587/661/172

vt 1.64241 -5.05483
f 587/661/172 185/659/172 186/662/172

v 0.0386401 0.085 0.0903189
vt 1.52126 -3.55586
f 587/661/172 186/662/172 588/663/172

v 0.0397294 0.085 0.0872429
vt 1.56415 -3.43476
f 588/663/172 186/662/172 589/664/172

v 0.0399854 0.085 0.0839898
vt 1.57423 -3.30669
f 589/664/172 186/662/172 590/665/172

vt 1.64241 5.05483
f 254/666/172 590/665/172 186/662/172

v 0.0399854 0.085 -0.0839898
vt 1.57423 3.30669
f 254/666/172 591/667/172 590/665/172

v 0.0397294 0.085 -0.0872429
vt 1.56415 3.43476
f 254/666/172 592/668/172 591/667/172

v 0.0386401 0.085 -0.0903189
vt 1.52126 3.55586
f 254/666/172 593/669/172 592/668/172

v 0.0367918 0.085 -0.0930082
vt 1.4485 3.66174
f 254/666/172 594/670/172 593/669/172

vt 1.43299 5.10899
f 255/671/172 594/670/172 254/666/172

v 0.0343105 0.085 -0.0951274
vt 1.35081 3.74517
f 255/671/172 595/672/172 594/670/172

v 0.0313652 0.085 -0.0965322
vt 1.23485 3.80048
f 255/671/172 596/673/172 595/672/172

vt 1.21853 5.13722
f 256/674/172 596/673/172 255/671/172

v 0.0281567 0.085 -0.0971269
vt 1.10853 3.82389
f 256/674/172 597/675/172 596/673/172

vt 1.00222 5.13911
f 257/676/172 597/675/172 256/674/172

v 0.0249036 0.085 -0.0968709
vt 0.980457 3.81381
f 257/676/172 598/677/172 597/675/172

v 0.0218276 0.085 -0.0957816
vt 0.859356 3.77093
f 257/676/172 599/678/172 598/677/172

vt 0.787298 5.11462
f 258/679/172 599/678/172 257/676/172

v 0.0191384 0.085 -0.0939333
vt 0.75348 3.69816
f 258/679/172 600/680/172 599/678/172

v 0.0170191 0.085 -0.091452
vt 0.670045 3.60047
f 258/679/172 601/681/172 600/680/172

v 0.0156143 0.085 -0.0885067
vt 0.614736 3.48452
f 258/679/172 602/682/172 601/681/172

v 0.0150196 0.085 -0.0852982
vt 0.591325 3.3582
f 258/679/172 603/683/172 602/682/172

f 603/683/172 258/679/172 259/647/172

f 259/647/172 578/648/172 603/683/172

v 0.0152757 0.085 -0.0820451
vt 0.601404 3.23012
f 578/648/172 604/684/172 603/683/172

v 0.0152757 0.085 0.0820451
vt 0.601404 -3.23012
f 604/684/172 578/648/172 605/685/172

vn -0.978148 1.83006e-31 -0.207912
vn -0.99863 2.19931e-31 0.052336
v 0.0150196 0.095 0.0852982
v 0.0152757 0.095 0.0820451
f 605/489/243 578/490/244 606/491/244 607/492/243 

vn -0.951057 2.41868e-31 0.309017
v 0.0156143 0.095 0.0885067
f 578/493/244 579/494/245 608/495/245 606/496/244 

vn -0.838671 2.47322e-31 0.544639
v 0.0170191 0.095 0.091452
f 579/493/245 580/494/246 609/495/246 608/496/245 

vn -0.669131 2.35922e-31 0.743145
v 0.0191384 0.095 0.0939333
f 580/489/246 581/490/247 610/491/247 609/492/246 

vn -0.45399 2.08443e-31 0.891007
v 0.0218276 0.095 0.0957816
f 581/483/247 582/487/248 611/488/248 610/486/247 

vn -0.207912 1.6676e-31 0.978148
v 0.0249036 0.095 0.0968709
f 582/392/248 583/393/249 612/394/249 611/395/248 

vn 0.052336 1.13712e-31 0.99863
v 0.0281567 0.095 0.0971269
f 583/396/249 584/397/250 613/398/250 612/399/249 

vn 0.309017 5.29153e-32 0.951057
v 0.0313652 0.095 0.0965322
f 584/400/250 585/401/251 614/402/251 613/403/250 

vn 0.544639 -1.14879e-32 0.838671
v 0.0343105 0.095 0.0951274
f 585/404/251 586/405/252 615/406/252 614/407/251 

vn 0.743145 -7.51082e-32 0.669131
v 0.0367918 0.095 0.0930082
f 586/408/252 587/409/253 616/410/253 615/411/252 

vn 0.891007 -1.3361e-31 0.45399
v 0.0386401 0.095 0.0903189
f 587/412/253 588/413/254 617/414/254 616/415/253 

vn 0.978148 -1.83006e-31 0.207912
v 0.0397294 0.095 0.0872429
f 588/416/254 589/417/255 618/418/255 617/419/254 

vn 0.99863 -2.19931e-31 -0.052336
v 0.0399854 0.095 0.0839898
f 589/420/255 590/421/256 619/422/256 618/423/255 

v 0.0393907 0.085 0.0807813
vn 0.951057 -2.41868e-31 -0.309017
v 0.0393907 0.095 0.0807813
f 590/424/256 620/425/257 621/426/257 619/427/256 

vt 1.55082 -3.18037
f 591/667/172 620/686/172 590/665/172

v 0.0393907 0.085 -0.0807813
vt 1.55082 3.18037
f 622/687/172 620/686/172 591/667/172

v 0.0379859 0.085 0.077836
vt 1.49551 -3.06441
f 622/687/172 623/688/172 620/686/172

v 0.0379859 0.085 -0.077836
vt 1.49551 3.06441
f 624/689/172 623/688/172 622/687/172

v 0.0358666 0.085 0.0753547
vt 1.41207 -2.96672
f 624/689/172 625/690/172 623/688/172

v 0.0358666 0.085 -0.0753547
vt 1.41207 2.96672
f 626/691/172 625/690/172 624/689/172

v 0.0347895 0.085 0.0746144
vt 1.36966 -2.93757
f 626/691/172 627/692/172 625/690/172

v 0.0347895 0.085 -0.0746144
vt 1.36966 2.93757
f 628/693/172 627/692/172 626/691/172

v 0.0331774 0.085 0.0735064
vt 1.3062 -2.89395
f 628/693/172 629/694/172 627/692/172

v 0.0331774 0.085 -0.0735064
vt 1.3062 2.89395
f 630/695/172 629/694/172 628/693/172

v 0.0301014 0.085 0.0724172
vt 1.18509 -2.85107
f 630/695/172 631/696/172 629/694/172

v 0.0301014 0.085 -0.0724172
vt 1.18509 2.85107
f 632/697/172 631/696/172 630/695/172

v 0.0268483 0.085 0.0721612
vt 1.05702 -2.84099
f 632/697/172 633/698/172 631/696/172

v 0.0268483 0.085 -0.0721612
vt 1.05702 2.84099
f 634/699/172 633/698/172 632/697/172

v 0.0236398 0.085 0.0727558
vt 0.930701 -2.8644
f 634/699/172 635/700/172 633/698/172

v 0.0236398 0.085 -0.0727558
vt 0.930701 2.8644
f 636/701/172 635/700/172 634/699/172

v 0.0206945 0.085 0.0741606
vt 0.814745 -2.91971
f 636/701/172 637/702/172 635/700/172

v 0.0206945 0.085 -0.0741606
vt 0.814745 2.91971
f 638/703/172 637/702/172 636/701/172

v 0.0182132 0.085 0.0762799
vt 0.717055 -3.00315
f 638/703/172 639/704/172 637/702/172

v 0.0182132 0.085 -0.0762799
vt 0.717055 3.00315
f 640/705/172 639/704/172 638/703/172

v 0.0163649 0.085 0.0789691
vt 0.644289 -3.10902
f 640/705/172 641/706/172 639/704/172

v 0.0163649 0.085 -0.0789691
vt 0.644289 3.10902
f 642/707/172 641/706/172 640/705/172

v 0.015712 0.085 0.0808131
vt 0.618582 -3.18162
f 642/707/172 643/708/172 641/706/172

v 0.015712 0.085 -0.0808131
vt 0.618582 3.18162
f 644/709/172 643/708/172 642/707/172

f 644/709/172 605/685/172 643/708/172

f 604/684/172 605/685/172 644/709/172

vn -0.978148 -4.79289e-31 0.207912
vn -0.942641 -5.05562e-31 0.333807
v 0.015712 0.095 -0.0808131
v 0.0152757 0.095 -0.0820451
f 604/416/258 644/428/259 645/429/259 646/419/258 

vn -0.891007 -5.23185e-31 0.45399
v 0.0163649 0.095 -0.0789691
f 644/428/259 642/417/260 647/418/260 645/429/259 

vn -0.743145 -5.31426e-31 0.669131
v 0.0182132 0.095 -0.0762799
f 642/412/260 640/413/261 648/414/261 647/415/260 

vn -0.544639 -5.03451e-31 0.838671
v 0.0206945 0.095 -0.0741606
f 640/408/261 638/409/262 649/410/262 648/411/261 

vn -0.309017 -4.41167e-31 0.951057
v 0.0236398 0.095 -0.0727558
f 638/404/262 636/405/263 650/406/263 649/407/262 

vn -0.052336 -3.48818e-31 0.99863
v 0.0268483 0.095 -0.0721612
f 636/400/263 634/401/264 651/402/264 650/403/263 

vn 0.207912 -2.32698e-31 0.978148
v 0.0301014 0.095 -0.0724172
f 634/396/264 632/397/265 652/398/265 651/399/264 

vn 0.45399 -1.0072e-31 0.891007
v 0.0331774 0.095 -0.0735064
f 632/392/265 630/393/266 653/394/266 652/395/265 

vn 0.566406 -3.15688e-32 0.824126
v 0.0347895 0.095 -0.0746144
f 630/483/266 628/484/267 654/485/267 653/486/266 

vn 0.669131 3.81223e-32 0.743145
v 0.0358666 0.095 -0.0753547
f 628/484/267 626/487/268 655/488/268 654/485/267 

vn 0.838671 1.74366e-31 0.544639
v 0.0379859 0.095 -0.077836
f 626/489/268 624/490/269 656/491/269 655/492/268 

vn 0.951057 2.98728e-31 0.309017
v 0.0393907 0.095 -0.0807813
f 624/493/269 622/494/270 657/495/270 656/496/269 

vn 0.99863 4.02731e-31 0.052336
v 0.0399854 0.095 -0.0839898
f 622/493/270 591/494/271 658/495/271 657/496/270 

vn 0.978148 4.79289e-31 -0.207912
v 0.0397294 0.095 -0.0872429
f 591/489/271 592/490/272 659/491/272 658/492/271 

vn 0.891007 5.23185e-31 -0.45399
v 0.0386401 0.095 -0.0903189
f 592/483/272 593/487/273 660/488/273 659/486/272 

vn 0.743145 5.31426e-31 -0.669131
v 0.0367918 0.095 -0.0930082
f 593/392/273 594/393/274 661/394/274 660/395/273 

vn 0.544639 5.03451e-31 -0.838671
v 0.0343105 0.095 -0.0951274
f 594/396/274 595/397/275 662/398/275 661/399/274 

vn 0.309017 4.41167e-31 -0.951057
v 0.0313652 0.095 -0.0965322
f 595/400/275 596/401/276 663/402/276 662/403/275 

vn 0.052336 3.48818e-31 -0.99863
v 0.0281567 0.095 -0.0971269
f 596/404/276 597/405/277 664/406/277 663/407/276 

vn -0.207912 2.32698e-31 -0.978148
v 0.0249036 0.095 -0.0968709
f 597/408/277 598/409/278 665/410/278 664/411/277 

vn -0.45399 1.0072e-31 -0.891007
v 0.0218276 0.095 -0.0957816
f 598/412/278 599/413/279 666/414/279 665/415/278 

vn -0.669131 -3.81223e-32 -0.743145
v 0.0191384 0.095 -0.0939333
f 599/416/279 600/417/280 667/418/280 666/419/279 

vn -0.838671 -1.74366e-31 -0.544639
v 0.0170191 0.095 -0.091452
f 600/420/280 601/421/281 668/422/281 667/423/280 

vn -0.951057 -2.98728e-31 -0.309017
v 0.0156143 0.095 -0.0885067
f 601/424/281 602/425/282 669/426/282 668/427/281 

vn -0.99863 -4.02731e-31 -0.052336
v 0.0150196 0.095 -0.0852982
f 602/424/282 603/425/283 670/426/283 669/427/282 

f 603/420/283 604/421/258 646/422/258 670/423/283 

vn -4.20435e-31 1 3.27263e-31
f 646/684/284 669/682/284 670/683/284

f 669/682/284 646/684/284 645/709/284

f 669/682/284 645/709/284 668/681/284

f 668/681/284 645/709/284 647/707/284

f 668/681/284 647/707/284 648/705/284

f 668/681/284 648/705/284 667/680/284

f 667/680/284 648/705/284 649/703/284

v 0.0210631 0.095 -0.0849815
vt 0.829257 3.34573
f 667/680/284 649/703/284 671/710/284

v 0.0211952 0.095 -0.0833034
vt 0.834457 3.27966
f 649/703/284 672/711/284 671/710/284

f 672/711/284 649/703/284 650/701/284

v 0.0213678 0.095 -0.0828159
vt 0.841253 3.26047
f 672/711/284 650/701/284 673/712/284

v 0.0217571 0.095 -0.0817166
vt 0.856579 3.21719
f 673/712/284 650/701/284 674/713/284

v 0.0227105 0.095 -0.0803293
vt 0.894116 3.16257
f 674/713/284 650/701/284 675/714/284

v 0.0239906 0.095 -0.0792361
vt 0.94451 3.11953
f 675/714/284 650/701/284 676/715/284

f 676/715/284 650/701/284 651/699/284

v 0.0255099 0.095 -0.0785114
vt 1.00433 3.091
f 676/715/284 651/699/284 677/716/284

v 0.027165 0.095 -0.0782046
vt 1.06949 3.07892
f 677/716/284 651/699/284 678/717/284

f 678/717/284 651/699/284 652/697/284

v 0.0288432 0.095 -0.0783367
vt 1.13556 3.08412
f 678/717/284 652/697/284 679/718/284

v 0.0304299 0.095 -0.0788986
vt 1.19803 3.10624
f 679/718/284 652/697/284 680/719/284

f 680/719/284 652/697/284 653/695/284

v 0.031391 0.095 -0.0795592
vt 1.23587 3.13225
f 680/719/284 653/695/284 681/720/284

v 0.0318172 0.095 -0.0798521
vt 1.25265 3.14378
f 681/720/284 653/695/284 682/721/284

v 0.0329105 0.095 -0.0811321
vt 1.29569 3.19418
f 682/721/284 653/695/284 683/722/284

v 0.0336351 0.095 -0.0826514
vt 1.32422 3.25399
f 683/722/284 653/695/284 684/723/284

f 684/723/284 653/695/284 654/693/284

v 0.0339419 0.095 -0.0843066
vt 1.3363 3.31916
f 684/723/284 654/693/284 685/724/284

f 685/724/284 654/693/284 662/672/284

f 662/672/284 654/693/284 661/670/284

f 661/670/284 654/693/284 655/691/284

f 661/670/284 655/691/284 656/689/284

f 661/670/284 656/689/284 660/669/284

f 660/669/284 656/689/284 657/687/284

f 660/669/284 657/687/284 659/668/284

f 659/668/284 657/687/284 658/667/284

v 0.0338098 0.095 -0.0859847
vt 1.3311 3.38522
f 662/672/284 686/725/284 685/724/284

v 0.0332479 0.095 -0.0875715
vt 1.30897 3.4477
f 662/672/284 687/726/284 686/725/284

v 0.0322945 0.095 -0.0889587
vt 1.27144 3.50231
f 662/672/284 688/727/284 687/726/284

f 663/673/284 688/727/284 662/672/284

v 0.0310145 0.095 -0.090052
vt 1.22104 3.54535
f 663/673/284 689/728/284 688/727/284

v 0.0294951 0.095 -0.0907767
vt 1.16123 3.57388
f 663/673/284 690/729/284 689/728/284

f 664/675/284 690/729/284 663/673/284

v 0.02784 0.095 -0.0910834
vt 1.09606 3.58596
f 664/675/284 691/730/284 690/729/284

v 0.0261619 0.095 -0.0909513
vt 1.02999 3.58076
f 664/675/284 692/731/284 691/730/284

f 665/677/284 692/731/284 664/675/284

v 0.0245751 0.095 -0.0903894
vt 0.967523 3.55864
f 665/677/284 693/732/284 692/731/284

v 0.0231878 0.095 -0.089436
vt 0.912906 3.5211
f 665/677/284 694/733/284 693/732/284

v 0.0220946 0.095 -0.088156
vt 0.869865 3.47071
f 665/677/284 695/734/284 694/733/284

f 666/678/284 695/734/284 665/677/284

v 0.0213699 0.095 -0.0866366
vt 0.841334 3.41089
f 666/678/284 696/735/284 695/734/284

f 666/678/284 671/710/284 696/735/284

f 667/680/284 671/710/284 666/678/284

v 0.0210631 0.085 -0.0849815
v 0.0213699 0.085 -0.0866366
f 697/537/271 698/538/270 696/539/270 671/540/271 

v 0.0322945 0.085 -0.0889587
vn 1.03342e-31 1 7.23445e-31
v 0.0310145 0.085 -0.090052
v 0.0294951 0.085 -0.0907767
v 0.02784 0.085 -0.0910834
v 0.0261619 0.085 -0.0909513
v 0.0245751 0.085 -0.0903894
v 0.0231878 0.085 -0.089436
v 0.0220946 0.085 -0.088156
v 0.0211952 0.085 -0.0833034
v 0.0213678 0.085 -0.0828159
v 0.0217571 0.085 -0.0817166
v 0.0227105 0.085 -0.0803293
v 0.0239906 0.085 -0.0792361
v 0.0255099 0.085 -0.0785114
v 0.027165 0.085 -0.0782046
v 0.0288432 0.085 -0.0783367
v 0.0304299 0.085 -0.0788986
v 0.031391 0.085 -0.0795592
v 0.0318172 0.085 -0.0798521
v 0.0329105 0.085 -0.0811321
v 0.0336351 0.085 -0.0826514
v 0.0339419 0.085 -0.0843066
v 0.0338098 0.085 -0.0859847
v 0.0332479 0.085 -0.0875715
f 699/727/285 700/728/285 701/729/285 702/730/285 703/731/285 704/732/285 705/733/285 706/734/285 698/735/285 697/710/285 707/711/285 708/712/285 709/713/285 710/714/285 711/715/285 712/716/285 713/717/285 714/718/285 715/719/285 716/720/285 717/721/285 718/722/285 719/723/285 720/724/285 721/725/285 722/726/285 

f 700/513/262 699/514/261 688/515/261 689/516/262 

f 699/541/261 722/542/260 687/543/260 688/544/261 

f 722/545/260 721/546/258 686/547/258 687/548/260 

f 721/549/258 720/550/283 685/551/283 686/552/258 

f 720/553/283 719/554/282 684/555/282 685/556/283 

f 719/553/282 718/554/281 683/555/281 684/556/282 

f 718/549/281 717/550/280 682/551/280 683/552/281 

vn -0.566406 3.15688e-32 -0.824126
f 717/545/280 716/428/286 681/429/286 682/548/280 

f 716/428/286 715/546/279 680/547/279 681/429/286 

f 715/541/279 714/542/278 679/543/278 680/544/279 

f 714/513/278 713/514/277 678/515/277 679/516/278 

f 713/517/277 712/518/276 677/519/276 678/520/277 

f 712/521/276 711/522/275 676/523/275 677/524/276 

f 711/498/275 710/499/274 675/500/274 676/501/275 

f 710/525/274 709/526/273 674/527/273 675/528/274 

vn 0.942641 5.05562e-31 -0.333807
f 709/529/273 708/484/287 673/485/287 674/530/273 

f 708/484/287 707/531/272 672/532/272 673/485/287 

f 707/533/272 697/534/271 671/535/271 672/536/272 

f 701/517/263 700/518/262 689/519/262 690/520/263 

f 702/521/264 701/522/263 690/523/263 691/524/264 

f 703/498/265 702/499/264 691/500/264 692/501/265 

f 704/525/266 703/526/265 692/527/265 693/528/266 

f 705/529/268 704/531/266 693/532/266 694/530/268 

f 706/533/269 705/534/268 694/535/268 695/536/269 

f 698/537/270 706/538/269 695/539/269 696/540/270 

vn -0.942641 1.59674e-31 -0.333807
v 0.015712 0.095 0.0808131
f 643/484/288 605/487/243 607/488/243 723/485/288 

vn 2.13679e-31 1 -1.25067e-31
f 607/685/289 608/650/289 723/708/289

f 608/650/289 607/685/289 606/648/289

f 723/708/289 608/650/289 609/651/289

v 0.0163649 0.095 0.0789691
f 723/708/289 609/651/289 724/706/289

v 0.0182132 0.095 0.0762799
f 724/706/289 609/651/289 725/704/289

f 725/704/289 609/651/289 610/652/289

v 0.0206945 0.095 0.0741606
f 725/704/289 610/652/289 726/702/289

v 0.0210631 0.095 0.0849815
vt 0.829257 -3.34573
f 726/702/289 610/652/289 727/736/289

f 727/736/289 610/652/289 611/653/289

v 0.0213699 0.095 0.0866366
vt 0.841334 -3.41089
f 727/736/289 611/653/289 728/737/289

v 0.0220946 0.095 0.088156
vt 0.869865 -3.47071
f 728/737/289 611/653/289 729/738/289

f 729/738/289 611/653/289 612/655/289

v 0.0231878 0.095 0.089436
vt 0.912906 -3.5211
f 729/738/289 612/655/289 730/739/289

v 0.0245751 0.095 0.0903894
vt 0.967523 -3.55864
f 730/739/289 612/655/289 731/740/289

v 0.0261619 0.095 0.0909513
vt 1.02999 -3.58076
f 731/740/289 612/655/289 732/741/289

f 732/741/289 612/655/289 613/656/289

v 0.02784 0.095 0.0910834
vt 1.09606 -3.58596
f 732/741/289 613/656/289 733/742/289

v 0.0294951 0.095 0.0907767
vt 1.16123 -3.57388
f 733/742/289 613/656/289 734/743/289

f 734/743/289 613/656/289 614/658/289

v 0.0310145 0.095 0.090052
vt 1.22104 -3.54535
f 734/743/289 614/658/289 735/744/289

v 0.0322945 0.095 0.0889587
vt 1.27144 -3.50231
f 735/744/289 614/658/289 736/745/289

f 736/745/289 614/658/289 615/660/289

v 0.0332479 0.095 0.0875715
vt 1.30897 -3.4477
f 736/745/289 615/660/289 737/746/289

v 0.0338098 0.095 0.0859847
vt 1.3311 -3.38522
f 737/746/289 615/660/289 738/747/289

v 0.0339419 0.095 0.0843066
vt 1.3363 -3.31916
f 738/747/289 615/660/289 739/748/289

v 0.0347895 0.095 0.0746144
f 740/692/289 739/748/289 615/660/289

v 0.0336351 0.095 0.0826514
vt 1.32422 -3.25399
f 740/692/289 741/749/289 739/748/289

v 0.0331774 0.095 0.0735064
f 742/694/289 741/749/289 740/692/289

v 0.0329105 0.095 0.0811321
vt 1.29569 -3.19418
f 742/694/289 743/750/289 741/749/289

v 0.0318172 0.095 0.0798521
vt 1.25265 -3.14378
f 742/694/289 744/751/289 743/750/289

v 0.031391 0.095 0.0795592
vt 1.23587 -3.13225
f 742/694/289 745/752/289 744/751/289

v 0.0304299 0.095 0.0788986
vt 1.19803 -3.10624
f 742/694/289 746/753/289 745/752/289

v 0.0301014 0.095 0.0724172
f 747/696/289 746/753/289 742/694/289

v 0.0288432 0.095 0.0783367
vt 1.13556 -3.08412
f 747/696/289 748/754/289 746/753/289

v 0.027165 0.095 0.0782046
vt 1.06949 -3.07892
f 747/696/289 749/755/289 748/754/289

v 0.0268483 0.095 0.0721612
f 750/698/289 749/755/289 747/696/289

v 0.0255099 0.095 0.0785114
vt 1.00433 -3.091
f 750/698/289 751/756/289 749/755/289

v 0.0239906 0.095 0.0792361
vt 0.94451 -3.11953
f 750/698/289 752/757/289 751/756/289

v 0.0236398 0.095 0.0727558
f 753/700/289 752/757/289 750/698/289

v 0.0227105 0.095 0.0803293
vt 0.894116 -3.16257
f 753/700/289 754/758/289 752/757/289

v 0.0217571 0.095 0.0817166
vt 0.856579 -3.21719
f 753/700/289 755/759/289 754/758/289

v 0.0213678 0.095 0.0828159
vt 0.841253 -3.26047
f 753/700/289 756/760/289 755/759/289

v 0.0211952 0.095 0.0833034
vt 0.834457 -3.27966
f 753/700/289 757/761/289 756/760/289

f 726/702/289 757/761/289 753/700/289

f 757/761/289 726/702/289 727/736/289

v 0.0210631 0.085 0.0849815
v 0.0211952 0.085 0.0833034
f 758/549/256 759/550/255 757/551/255 727/552/256 

v 0.027165 0.085 0.0782046
vn 8.07687e-31 1 1.4049e-32
v 0.0255099 0.085 0.0785114
v 0.0239906 0.085 0.0792361
v 0.0227105 0.085 0.0803293
v 0.0217571 0.085 0.0817166
v 0.0213678 0.085 0.0828159
v 0.0213699 0.085 0.0866366
v 0.0220946 0.085 0.088156
v 0.0231878 0.085 0.089436
v 0.0245751 0.085 0.0903894
v 0.0261619 0.085 0.0909513
v 0.02784 0.085 0.0910834
v 0.0294951 0.085 0.0907767
v 0.0310145 0.085 0.090052
v 0.0322945 0.085 0.0889587
v 0.0332479 0.085 0.0875715
v 0.0338098 0.085 0.0859847
v 0.0339419 0.085 0.0843066
v 0.0336351 0.085 0.0826514
v 0.0329105 0.085 0.0811321
v 0.0318172 0.085 0.0798521
v 0.031391 0.085 0.0795592
v 0.0304299 0.085 0.0788986
v 0.0288432 0.085 0.0783367
f 760/755/290 761/756/290 762/757/290 763/758/290 764/759/290 765/760/290 759/761/290 758/736/290 766/737/290 767/738/290 768/739/290 769/740/290 770/741/290 771/742/290 772/743/290 773/744/290 774/745/290 775/746/290 776/747/290 777/748/290 778/749/290 779/750/290 780/751/290 781/752/290 782/753/290 783/754/290 

f 761/521/251 760/522/250 749/523/250 751/524/251 

f 760/498/250 783/499/249 748/500/249 749/501/250 

f 783/525/249 782/526/248 746/527/248 748/528/249 

vn -0.566406 2.241e-31 0.824126
f 782/529/248 781/484/291 745/485/291 746/530/248 

f 781/484/291 780/531/247 744/532/247 745/485/291 

f 780/533/247 779/534/246 743/535/246 744/536/247 

f 779/537/246 778/538/245 741/539/245 743/540/246 

f 778/537/245 777/538/244 739/539/244 741/540/245 

f 777/533/244 776/534/243 738/535/243 739/536/244 

vn -0.891007 1.3361e-31 -0.45399
f 776/529/243 775/531/292 737/532/292 738/530/243 

vn -0.743145 7.51082e-32 -0.669131
f 775/525/292 774/526/293 736/527/293 737/528/292 

vn -0.544639 1.14879e-32 -0.838671
f 774/498/293 773/499/294 735/500/294 736/501/293 

vn -0.309017 -5.29153e-32 -0.951057
f 773/521/294 772/522/295 734/523/295 735/524/294 

vn -0.052336 -1.13712e-31 -0.99863
f 772/517/295 771/518/296 733/519/296 734/520/295 

vn 0.207912 -1.6676e-31 -0.978148
f 771/513/296 770/514/297 732/515/297 733/516/296 

vn 0.45399 -2.08443e-31 -0.891007
f 770/541/297 769/542/298 731/543/298 732/544/297 

vn 0.669131 -2.35922e-31 -0.743145
f 769/545/298 768/546/299 730/547/299 731/548/298 

vn 0.838671 -2.47322e-31 -0.544639
f 768/549/299 767/550/300 729/551/300 730/552/299 

f 767/553/300 766/554/257 728/555/257 729/556/300 

f 766/553/257 758/554/256 727/555/256 728/556/257 

f 762/517/252 761/518/251 751/519/251 752/520/252 

f 763/513/253 762/514/252 752/515/252 754/516/253 

f 764/541/254 763/542/253 754/543/253 755/544/254 

vn 0.942641 -1.59674e-31 0.333807
f 765/428/301 764/546/254 755/547/254 756/429/301 

f 759/545/255 765/428/301 756/429/301 757/548/255 

f 635/400/295 637/401/294 726/402/294 753/403/295 

f 637/396/294 639/397/293 725/398/293 726/399/294 

f 639/392/293 641/393/292 724/394/292 725/395/293 

f 641/483/292 643/484/288 723/485/288 724/486/292 

f 633/404/296 635/405/295 753/406/295 750/407/296 

f 631/408/297 633/409/296 750/410/296 747/411/297 

f 629/412/298 631/413/297 747/414/297 742/415/298 

vn 0.566406 -2.241e-31 -0.824126
f 627/428/302 629/417/298 742/418/298 740/429/302 

v 0.0358666 0.095 0.0753547
f 625/416/299 627/428/302 740/429/302 784/419/299 

f 740/692/289 616/661/289 784/690/289

f 740/692/289 615/660/289 616/661/289

v 0.0379859 0.095 0.077836
f 784/690/289 616/661/289 785/688/289

f 785/688/289 616/661/289 617/663/289

f 785/688/289 617/663/289 621/686/289

f 621/686/289 617/663/289 618/664/289

f 621/686/289 618/664/289 619/665/289

f 620/424/257 623/425/300 785/426/300 621/427/257 

f 623/420/300 625/421/299 784/422/299 785/423/300 

vt 1.84368 -4.97555
f 254/666/172 186/662/172 187/762/172

vt 1.84368 4.97555
f 254/666/172 187/762/172 253/763/172

vt 2.03378 -4.87233
f 253/763/172 187/762/172 188/764/172

vt 2.03378 4.87233
f 253/763/172 188/764/172 252/765/172

vt 2.20988 -4.74672
f 252/765/172 188/764/172 189/766/172

vt 2.20988 4.74672
f 252/765/172 189/766/172 251/767/172

vt 2.36936 -4.60058
f 251/767/172 189/766/172 190/768/172

vt 2.36936 4.60058
f 251/767/172 190/768/172 250/769/172

vt 2.50985 -4.43609
f 250/769/172 190/768/172 191/770/172

vt 2.50985 4.43609
f 250/769/172 191/770/172 249/771/172

vt 2.62924 -4.25571
f 249/771/172 191/770/172 192/772/172

vt 2.62924 4.25571
f 249/771/172 192/772/172 248/773/172

vt 2.72576 -4.06213
f 248/773/172 192/772/172 193/774/172

vt 2.72576 4.06213
f 248/773/172 193/774/172 247/775/172

vt 2.79796 -3.85822
f 247/775/172 193/774/172 194/776/172

vt 2.79796 3.85822
f 247/775/172 194/776/172 246/777/172

vt 2.84478 -3.64703
f 246/777/172 194/776/172 195/778/172

vt 2.84478 3.64703
f 246/777/172 195/778/172 245/779/172

vt 2.86405 -3.21409
f 245/779/172 195/778/172 199/780/172

vt 2.86495 -3.41005
f 199/780/172 195/778/172 198/781/172

vt 2.86515 -3.41768
f 198/781/172 195/778/172 197/782/172

vt 2.86552 -3.43172
f 197/782/172 195/778/172 196/783/172

vt 2.86223 3.23578
f 245/779/172 199/780/172 243/784/172

vt 2.88168 3.04079
f 199/780/172 242/785/172 243/784/172

vt 2.88587 -3.01935
f 242/785/172 199/780/172 200/786/172

vt 2.9236 2.84937
f 242/785/172 200/786/172 241/787/172

vt 2.93012 -2.82845
f 241/787/172 200/786/172 201/788/172

vt 2.98743 2.66409
f 241/787/172 201/788/172 240/789/172

vt 2.9962 -2.64397
f 240/789/172 201/788/172 202/790/172

v 0.0765 0.085 1.53081e-18
vt 3.01181 -6.02681e-17
f 240/789/172 202/790/172 786/791/172

vt 3.08322 -2.46839
f 203/792/172 786/791/172 202/790/172

v 0.0769259 0.085 0.00323524
vt 3.02858 -0.127372
f 786/791/172 203/792/172 787/793/172

v 0.0781747 0.085 0.00625
vt 3.07774 -0.246063
f 787/793/172 203/792/172 788/794/172

v 0.0801612 0.085 0.00883883
vt 3.15595 -0.347986
f 788/794/172 203/792/172 789/795/172

vt 3.19 -2.30408
f 789/795/172 203/792/172 204/796/172

v 0.081713 0.085 0.0100296
vt 3.21705 -0.394867
f 789/795/172 204/796/172 790/797/172

vt 3.31512 -2.15326
f 790/797/172 204/796/172 205/798/172

v 0.08275 0.085 0.0108253
vt 3.25787 -0.426194
f 790/797/172 205/798/172 791/799/172

v 0.0857648 0.085 0.0120741
vt 3.37657 -0.475357
f 791/799/172 205/798/172 792/800/172

vt 3.45687 -2.01796
f 792/800/172 205/798/172 206/801/172

v 0.089 0.085 0.0125
vt 3.50394 -0.492126
f 792/800/172 206/801/172 793/802/172

vt 3.61335 -1.9
f 793/802/172 206/801/172 207/803/172

v 0.0922352 0.085 0.0120741
vt 3.63131 -0.475357
f 793/802/172 207/803/172 794/804/172

vt 3.78245 -1.80098
f 794/804/172 207/803/172 208/805/172

v 0.09525 0.085 0.0108253
vt 3.75 -0.426194
f 794/804/172 208/805/172 795/806/172

v 0.0978388 0.085 0.00883883
vt 3.85192 -0.347986
f 795/806/172 208/805/172 796/807/172

vt 3.96189 -1.72223
f 796/807/172 208/805/172 209/808/172

v 0.0998253 0.085 0.00625
vt 3.93013 -0.246063
f 796/807/172 209/808/172 797/809/172

v 0.101074 0.085 0.00323524
vt 3.97929 -0.127372
f 797/809/172 209/808/172 798/810/172

vt 4.14925 -1.66481
f 798/810/172 209/808/172 210/811/172

v 0.1015 0.085 -0
vt 3.99606 5.97875e-32
f 798/810/172 210/811/172 799/812/172

vt 4.12847 1.67096
f 799/812/172 210/811/172 232/813/172

vt 4.13578 1.6688
f 232/813/172 210/811/172 231/814/172

vt 4.14925 1.66481
f 231/814/172 210/811/172 230/815/172

vt 4.34762 -1.57855
f 230/815/172 210/811/172 211/816/172

vt 4.34762 1.57855
f 230/815/172 211/816/172 229/817/172

vt 4.534 -1.46877
f 229/817/172 211/816/172 212/818/172

vt 4.534 1.46877
f 229/817/172 212/818/172 228/819/172

vt 4.70562 -1.33708
f 228/819/172 212/818/172 213/820/172

vt 4.70562 1.33708
f 228/819/172 213/820/172 227/821/172

vt 4.8599 -1.18547
f 227/821/172 213/820/172 214/822/172

vt 4.8599 1.18547
f 227/821/172 214/822/172 226/823/172

vt 4.99456 -1.01618
f 226/823/172 214/822/172 215/824/172

vt 4.99456 1.01618
f 226/823/172 215/824/172 225/825/172

vt 5.10758 -0.831741
f 225/825/172 215/824/172 216/826/172

vt 5.10758 0.831741
f 225/825/172 216/826/172 224/827/172

vt 5.19729 -0.634904
f 224/827/172 216/826/172 217/828/172

vt 5.19729 0.634904
f 224/827/172 217/828/172 223/829/172

vt 5.26233 -0.428602
f 223/829/172 217/828/172 218/830/172

vt 5.26233 0.428602
f 223/829/172 218/830/172 222/831/172

vt 5.30175 -0.21591
f 222/831/172 218/830/172 219/832/172

vt 5.30175 0.21591
f 222/831/172 219/832/172 221/833/172

vt 5.31496 5.97875e-32
f 221/833/172 219/832/172 220/834/172

v 0.101074 0.085 -0.00323524
vt 3.97929 0.127372
f 232/813/172 800/835/172 799/812/172

vt 3.94182 1.73066
f 233/836/172 800/835/172 232/813/172

v 0.0998253 0.085 -0.00625
vt 3.93013 0.246063
f 233/836/172 801/837/172 800/835/172

v 0.0978388 0.085 -0.00883883
vt 3.85192 0.347986
f 233/836/172 802/838/172 801/837/172

vt 3.76336 1.81159
f 234/839/172 802/838/172 233/836/172

v 0.09525 0.085 -0.0108253
vt 3.75 0.426194
f 234/839/172 803/840/172 802/838/172

v 0.0922352 0.085 -0.0120741
vt 3.63131 0.475357
f 234/839/172 804/841/172 803/840/172

vt 3.59547 1.91267
f 235/842/172 804/841/172 234/839/172

v 0.089 0.085 -0.0125
vt 3.50394 0.492126
f 235/842/172 805/843/172 804/841/172

vt 3.44044 2.03252
f 236/844/172 805/843/172 235/842/172

v 0.0857648 0.085 -0.0120741
vt 3.37657 0.475357
f 236/844/172 806/845/172 805/843/172

vt 3.30035 2.16954
f 237/846/172 806/845/172 236/844/172

v 0.08275 0.085 -0.0108253
vt 3.25787 0.426194
f 237/846/172 807/847/172 806/845/172

v 0.081713 0.085 -0.0100296
vt 3.21705 0.394867
f 237/846/172 808/848/172 807/847/172

vt 3.17708 2.32187
f 238/849/172 808/848/172 237/846/172

v 0.0801612 0.085 -0.00883883
vt 3.15595 0.347986
f 238/849/172 809/850/172 808/848/172

v 0.0781747 0.085 -0.00625
vt 3.07774 0.246063
f 238/849/172 810/851/172 809/850/172

vt 3.0723 2.48747
f 239/852/172 810/851/172 238/849/172

v 0.0769259 0.085 -0.00323524
vt 3.02858 0.127372
f 239/852/172 811/853/172 810/851/172

f 239/852/172 786/791/172 811/853/172

f 240/789/172 786/791/172 239/852/172

vn -0.965926 -1.61259e-31 -0.258819
vn -1 -1.28975e-31 1.60972e-15
v 0.0765 0.095 1.53081e-18
v 0.0769259 0.095 -0.00323524
f 811/404/303 786/405/304 812/406/304 813/407/303 

vn -0.965926 -8.79007e-32 0.258819
v 0.0769259 0.095 0.00323524
f 786/400/304 787/401/305 814/402/305 812/403/304 

vn -0.866025 -4.08366e-32 0.5
v 0.0781747 0.095 0.00625
f 787/396/305 788/397/306 815/398/306 814/399/305 

vn -0.707107 9.01052e-33 0.707107
v 0.0801612 0.095 0.00883883
f 788/392/306 789/393/307 816/394/307 815/395/306 

vn -0.608761 3.39172e-32 0.793353
v 0.081713 0.095 0.0100296
f 789/483/307 790/484/308 817/485/308 816/486/307 

vn -0.5 5.82436e-32 0.866025
v 0.08275 0.095 0.0108253
f 790/484/308 791/487/309 818/488/309 817/485/308 

vn -0.258819 1.03507e-31 0.965926
v 0.0857648 0.095 0.0120741
f 791/489/309 792/490/310 819/491/310 818/492/309 

vn -1.39975e-17 1.41717e-31 1
v 0.089 0.095 0.0125
f 792/493/310 793/494/311 820/495/311 819/496/310 

vn 0.258819 1.7027e-31 0.965926
v 0.0922352 0.095 0.0120741
f 793/493/311 794/494/312 821/495/312 820/496/311 

vn 0.5 1.87218e-31 0.866025
v 0.09525 0.095 0.0108253
f 794/489/312 795/490/313 822/491/313 821/492/312 

vn 0.707107 1.91408e-31 0.707107
v 0.0978388 0.095 0.00883883
f 795/483/313 796/487/314 823/488/314 822/486/313 

vn 0.866025 1.82554e-31 0.5
v 0.0998253 0.095 0.00625
f 796/392/314 797/393/315 824/394/315 823/395/314 

vn 0.965926 1.61259e-31 0.258819
v 0.101074 0.095 0.00323524
f 797/396/315 798/397/316 825/398/316 824/399/315 

vn 1 1.28975e-31 2.09963e-16
v 0.1015 0.095 -1.41717e-33
f 798/400/316 799/401/317 826/402/317 825/403/316 

vn 0.965926 8.79007e-32 -0.258819
v 0.101074 0.095 -0.00323524
f 799/404/317 800/405/318 827/406/318 826/407/317 

vn 0.866025 4.08366e-32 -0.5
v 0.0998253 0.095 -0.00625
f 800/408/318 801/409/319 828/410/319 827/411/318 

vn 0.707107 -9.01052e-33 -0.707107
v 0.0978388 0.095 -0.00883883
f 801/412/319 802/413/320 829/414/320 828/415/319 

vn 0.5 -5.82436e-32 -0.866025
v 0.09525 0.095 -0.0108253
f 802/416/320 803/417/321 830/418/321 829/419/320 

vn 0.258819 -1.03507e-31 -0.965926
v 0.0922352 0.095 -0.0120741
f 803/420/321 804/421/322 831/422/322 830/423/321 

vn -4.19926e-16 -1.41717e-31 -1
v 0.089 0.095 -0.0125
f 804/424/322 805/425/323 832/426/323 831/427/322 

vn -0.258819 -1.7027e-31 -0.965926
v 0.0857648 0.095 -0.0120741
f 805/424/323 806/425/324 833/426/324 832/427/323 

vn -0.5 -1.87218e-31 -0.866025
v 0.08275 0.095 -0.0108253
f 806/420/324 807/421/325 834/422/325 833/423/324 

vn -0.608761 -1.90947e-31 -0.793353
v 0.081713 0.095 -0.0100296
f 807/416/325 808/428/326 835/429/326 834/419/325 

vn -0.707107 -1.91408e-31 -0.707107
v 0.0801612 0.095 -0.00883883
f 808/428/326 809/417/327 836/418/327 835/429/326 

vn -0.866025 -1.82554e-31 -0.5
v 0.0781747 0.095 -0.00625
f 809/412/327 810/413/328 837/414/328 836/415/327 

f 810/408/328 811/409/303 813/410/303 837/411/328 

vn -1.28975e-31 1 -1.41717e-31
f 813/853/329 814/793/329 837/851/329

f 814/793/329 813/853/329 812/791/329

f 837/851/329 814/793/329 815/794/329

f 837/851/329 815/794/329 816/795/329

f 837/851/329 816/795/329 836/850/329

f 836/850/329 816/795/329 817/797/329

f 836/850/329 817/797/329 835/848/329

f 835/848/329 817/797/329 818/799/329

v 0.0825518 0.095 -5.63993e-18
vt 3.25007 2.22045e-16
f 835/848/329 818/799/329 838/854/329

v 0.0827715 0.095 0.00166892
vt 3.25872 -0.0657057
f 838/854/329 818/799/329 839/855/329

f 839/855/329 818/799/329 819/800/329

v 0.0834157 0.095 0.00322411
vt 3.28408 -0.126934
f 839/855/329 819/800/329 840/856/329

v 0.0844404 0.095 0.00455958
vt 3.32443 -0.179511
f 840/856/329 819/800/329 841/857/329

v 0.0853656 0.095 0.00526951
vt 3.36085 -0.207461
f 841/857/329 819/800/329 842/858/329

v 0.0857759 0.095 0.00558433
vt 3.377 -0.219855
f 842/858/329 819/800/329 843/859/329

f 843/859/329 819/800/329 820/802/329

v 0.0873311 0.095 0.00622851
vt 3.43823 -0.245217
f 843/859/329 820/802/329 844/860/329

v 0.089 0.095 0.00644823
vt 3.50394 -0.253867
f 844/860/329 820/802/329 845/861/329

v 0.0906689 0.095 0.00622851
vt 3.56964 -0.245217
f 845/861/329 820/802/329 846/862/329

f 846/862/329 820/802/329 821/804/329

v 0.0922241 0.095 0.00558433
vt 3.63087 -0.219855
f 846/862/329 821/804/329 847/863/329

v 0.0935596 0.095 0.00455958
vt 3.68345 -0.179511
f 847/863/329 821/804/329 848/864/329

f 848/864/329 821/804/329 822/806/329

v 0.0945843 0.095 0.00322411
vt 3.72379 -0.126934
f 848/864/329 822/806/329 849/865/329

v 0.0952285 0.095 0.00166892
vt 3.74915 -0.0657057
f 849/865/329 822/806/329 850/866/329

v 0.0954482 0.095 -2.81997e-18
vt 3.7578 1.11022e-16
f 850/866/329 822/806/329 851/867/329

f 851/867/329 822/806/329 823/807/329

f 829/838/329 851/867/329 823/807/329

f 830/840/329 851/867/329 829/838/329

v 0.0952285 0.095 -0.00166892
vt 3.74915 0.0657057
f 830/840/329 852/868/329 851/867/329

v 0.0945843 0.095 -0.00322411
vt 3.72379 0.126934
f 830/840/329 853/869/329 852/868/329

v 0.0935596 0.095 -0.00455958
vt 3.68345 0.179511
f 830/840/329 854/870/329 853/869/329

f 831/841/329 854/870/329 830/840/329

v 0.0922241 0.095 -0.00558433
vt 3.63087 0.219855
f 831/841/329 855/871/329 854/870/329

v 0.0906689 0.095 -0.00622851
vt 3.56964 0.245217
f 831/841/329 856/872/329 855/871/329

f 832/843/329 856/872/329 831/841/329

v 0.089 0.095 -0.00644823
vt 3.50394 0.253867
f 832/843/329 857/873/329 856/872/329

v 0.0873311 0.095 -0.00622851
vt 3.43823 0.245217
f 832/843/329 858/874/329 857/873/329

v 0.0857759 0.095 -0.00558433
vt 3.377 0.219855
f 832/843/329 859/875/329 858/874/329

f 833/845/329 859/875/329 832/843/329

v 0.0853656 0.095 -0.00526951
vt 3.36085 0.207461
f 833/845/329 860/876/329 859/875/329

v 0.0844404 0.095 -0.00455958
vt 3.32443 0.179511
f 833/845/329 861/877/329 860/876/329

v 0.0834157 0.095 -0.00322411
vt 3.28408 0.126934
f 833/845/329 862/878/329 861/877/329

v 0.0827715 0.095 -0.00166892
vt 3.25872 0.0657057
f 833/845/329 863/879/329 862/878/329

f 834/847/329 863/879/329 833/845/329

f 834/847/329 838/854/329 863/879/329

f 838/854/329 834/847/329 835/848/329

v 0.0825518 0.085 -5.63993e-18
vn 1 1.28975e-31 -2.54755e-15
v 0.0827715 0.085 -0.00166892
f 864/521/330 865/522/316 863/523/316 838/524/330 

v 0.0952285 0.085 -0.00166892
vn 1.35584e-46 1 2.29463e-31
v 0.0945843 0.085 -0.00322411
v 0.0935596 0.085 -0.00455958
v 0.0922241 0.085 -0.00558433
v 0.0906689 0.085 -0.00622851
v 0.089 0.085 -0.00644823
v 0.0873311 0.085 -0.00622851
v 0.0857759 0.085 -0.00558433
v 0.0853656 0.085 -0.00526951
v 0.0844404 0.085 -0.00455958
v 0.0834157 0.085 -0.00322411
v 0.0827715 0.085 0.00166892
v 0.0834157 0.085 0.00322411
v 0.0844404 0.085 0.00455958
v 0.0853656 0.085 0.00526951
v 0.0857759 0.085 0.00558433
v 0.0873311 0.085 0.00622851
v 0.089 0.085 0.00644823
v 0.0906689 0.085 0.00622851
v 0.0922241 0.085 0.00558433
v 0.0935596 0.085 0.00455958
v 0.0945843 0.085 0.00322411
v 0.0952285 0.085 0.00166892
v 0.0954482 0.085 -2.81997e-18
f 866/868/331 867/869/331 868/870/331 869/871/331 870/872/331 871/873/331 872/874/331 873/875/331 874/876/331 875/877/331 876/878/331 865/879/331 864/854/331 877/855/331 878/856/331 879/857/331 880/858/331 881/859/331 882/860/331 883/861/331 884/862/331 885/863/331 886/864/331 887/865/331 888/866/331 889/867/331 

f 867/498/306 866/499/305 852/500/305 853/501/306 

vn -1 -1.28975e-31 3.63936e-15
f 866/521/305 889/522/332 851/523/332 852/524/305 

f 889/517/332 888/518/303 850/519/303 851/520/332 

f 888/513/303 887/514/328 849/515/328 850/516/303 

f 887/541/328 886/542/327 848/543/327 849/544/328 

f 886/545/327 885/546/325 847/547/325 848/548/327 

f 885/549/325 884/550/324 846/551/324 847/552/325 

vn -7.9786e-16 -1.41717e-31 -1
f 884/553/324 883/554/333 845/555/333 846/556/324 

f 883/553/333 882/554/322 844/555/322 845/556/333 

f 882/549/322 881/550/321 843/551/321 844/552/322 

vn 0.608761 -3.39172e-32 -0.793353
f 881/545/321 880/428/334 842/429/334 843/548/321 

f 880/428/334 879/546/320 841/547/320 842/429/334 

f 879/541/320 878/542/319 840/543/319 841/544/320 

f 878/513/319 877/514/318 839/515/318 840/516/319 

f 877/517/318 864/518/330 838/519/330 839/520/318 

f 868/525/307 867/526/306 853/527/306 854/528/307 

f 869/529/309 868/531/307 854/532/307 855/530/309 

f 870/533/310 869/534/309 855/535/309 856/536/310 

vn 2.07164e-15 1.41717e-31 1
f 871/537/335 870/538/310 856/539/310 857/540/335 

f 872/537/312 871/538/335 857/539/335 858/540/312 

f 873/533/313 872/534/312 858/535/312 859/536/313 

vn 0.608761 1.90947e-31 0.793353
f 874/484/336 873/531/313 859/532/313 860/485/336 

f 875/529/314 874/484/336 860/485/336 861/530/314 

f 876/525/315 875/526/314 861/527/314 862/528/315 

f 865/498/316 876/499/315 862/500/315 863/501/316 

f 829/838/329 823/807/329 824/809/329

f 829/838/329 824/809/329 828/837/329

f 828/837/329 824/809/329 827/835/329

f 827/835/329 824/809/329 825/810/329

vt 3.99606 -4.74251e-31
f 827/835/329 825/810/329 826/880/329

vt 2.86552 3.43172
f 244/881/172 245/779/172 243/784/172

v -0.0132811 0.085 -0.0422004
vt -0.522878 1.66143
f 267/633/172 890/882/172 577/632/172

vt -0.559987 4.13898
f 268/883/172 890/882/172 267/633/172

v -0.0148381 0.085 -0.0450681
vt -0.584179 1.77433
f 268/883/172 891/884/172 890/882/172

v -0.0170843 0.085 -0.0474351
vt -0.672612 1.86752
f 268/883/172 892/885/172 891/884/172

vt -0.707992 4.01055
f 269/886/172 892/885/172 268/883/172

v -0.0198666 0.085 -0.0491401
vt -0.782151 1.93465
f 269/886/172 893/887/172 892/885/172

vt -0.869888 3.90014
f 270/888/172 893/887/172 269/886/172

v -0.0229954 0.085 -0.0500669
vt -0.905332 1.97114
f 270/888/172 894/889/172 893/887/172

v -0.0249509 0.085 -0.0501181
vt -0.982317 1.97315
f 270/888/172 895/890/172 894/889/172

v -0.0262575 0.085 -0.0501523
vt -1.03376 1.9745
f 270/888/172 896/891/172 895/890/172

vt -1.04349 3.80924
f 271/892/172 896/891/172 270/888/172

v -0.0294305 0.085 -0.0493905
vt -1.15868 1.94451
f 271/892/172 897/893/172 896/891/172

vt -1.22646 3.73908
f 272/894/172 897/893/172 271/892/172

v -0.0322982 0.085 -0.0478335
vt -1.27158 1.88321
f 272/894/172 898/895/172 897/893/172

v -0.0346652 0.085 -0.0455873
vt -1.36477 1.79477
f 272/894/172 899/896/172 898/895/172

f 273/583/172 899/896/172 272/894/172

v -0.0363702 0.085 -0.042805
vt -1.4319 1.68523
f 273/583/172 900/897/172 899/896/172

f 273/583/172 555/584/172 900/897/172

vt -1.20916 3.34646
vn -0.913545 1.20845e-30 -0.406737
vt -1.08069 3.34646
vt -1.08069 3.74016
v -0.0363702 0.095 -0.042805
vt -1.20916 3.74016
f 900/898/337 555/899/233 557/900/233 901/901/337 

vn 1.24219e-30 1 1.81076e-31
f 557/584/338 559/594/338 901/897/338

f 559/594/338 557/584/338 556/314/338

v -0.0350636 0.095 -0.0303734
vt -1.38046 1.1958
f 901/897/338 559/594/338 902/902/338

vt -1.83806 3.34646
v -0.0350636 0.085 -0.0303734
vt -1.70959 3.34646
vn -0.809017 8.9852e-31 0.587785
vt -1.70959 3.74016
vt -1.83806 3.74016
f 558/903/235 903/904/339 902/905/339 559/906/235 

v -0.0363702 0.085 0.033195
vt -1.4319 -1.30689
f 558/594/172 904/907/172 903/902/172

f 558/594/172 560/593/172 904/907/172

vt 1.65975 3.34646
vn -0.913545 7.54763e-31 -0.406737
vt 1.78822 3.34646
vt 1.78822 3.74016
v -0.0363702 0.095 0.033195
vt 1.65975 3.74016
f 904/908/340 560/909/236 562/910/236 905/911/340 

vn 7.4557e-31 1 1.81076e-31
f 562/593/341 563/311/341 905/907/341

f 563/311/341 562/593/341 561/312/341

f 905/907/341 563/311/341 564/309/341

v -0.0346652 0.095 0.0304127
vt -1.36477 -1.19735
f 905/907/341 564/309/341 906/912/341

f 906/912/341 564/309/341 565/308/341

v -0.0322982 0.095 0.0281665
vt -1.27158 -1.10892
f 906/912/341 565/308/341 907/913/341

v -0.0313638 0.095 0.0389533
vt -1.23479 -1.53359
f 907/913/341 565/308/341 908/914/341

f 908/914/341 565/308/341 566/305/341

v -0.0309708 0.095 0.0405901
vt -1.21932 -1.59803
f 908/914/341 566/305/341 909/915/341

v -0.0301676 0.095 0.0420694
vt -1.1877 -1.65628
f 909/915/341 566/305/341 910/916/341

v -0.0290089 0.095 0.0432905
vt -1.14208 -1.70435
f 910/916/341 566/305/341 911/917/341

f 911/917/341 566/305/341 568/619/341

v -0.0275736 0.095 0.04417
vt -1.08557 -1.73898
f 911/917/341 568/619/341 912/918/341

v -0.0259596 0.095 0.0446481
vt -1.02203 -1.7578
f 912/918/341 568/619/341 913/919/341

v -0.0236442 0.095 0.0507108
f 913/919/341 568/619/341 914/620/341

vt -1.00677 3.34646
vt -0.878295 3.34646
vn 0.104528 -2.58017e-31 0.994522
vt -0.878295 3.74016
vt -1.00677 3.74016
f 567/920/242 569/921/342 914/922/342 568/923/242 

vt -1.37123 3.34646
vt -1.24276 3.34646
vn 0.358368 -4.36238e-31 0.93358
v -0.0204713 0.095 0.049949
vt -1.24276 3.74016
vt -1.37123 3.74016
f 569/924/342 570/925/343 915/926/343 914/927/342 

vt -1.64662 3.34646
vt -1.51815 3.34646
vn 0.587785 -5.84729e-31 0.809017
v -0.0176035 0.095 0.048392
vt -1.51815 3.74016
vt -1.64662 3.74016
f 570/928/343 571/929/344 916/930/344 915/931/343 

vt -1.81417 3.34646
vt -1.6857 3.34646
vn 0.777146 -6.93372e-31 0.62932
v -0.0152365 0.095 0.0461457
vt -1.6857 3.74016
vt -1.81417 3.74016
f 571/932/344 572/933/345 917/934/345 916/935/344 

vt -1.86247 3.34646
vt -1.734 3.34646
vn 0.913545 -7.54763e-31 0.406737
v -0.0135315 0.095 0.0433635
vt -1.734 3.74016
vt -1.86247 3.74016
f 572/936/345 573/937/346 918/938/346 917/939/345 

vt -1.78822 3.34646
vt -1.73677 3.34646
vn 0.95882 -7.66296e-31 0.284015
v -0.0131603 0.095 0.0421102
vt -1.73677 3.74016
vt -1.78822 3.74016
f 573/940/346 574/941/347 919/942/347 918/943/346 

vt -1.65975 3.34646
vn 0.987688 -7.64718e-31 0.156434
v -0.0126048 0.095 0.0402347
vt -1.65975 3.74016
f 574/941/347 575/944/348 920/945/348 919/942/347 

vt -1.59649 3.34646
vt -1.46802 3.34646
vn 0.994522 -7.22559e-31 -0.104528
v -0.0125193 0.095 0.0369726
vt -1.46802 3.74016
vt -1.59649 3.74016
f 575/946/348 576/947/349 921/948/349 920/949/348 

vt -1.30033 3.34646
v -0.0132811 0.085 0.0337996
vt -1.17186 3.34646
vn 0.93358 -6.31158e-31 -0.358368
v -0.0132811 0.095 0.0337996
vt -1.17186 3.74016
vt -1.30033 3.74016
f 576/950/349 922/951/350 923/952/350 921/953/349 

v -0.0131603 0.085 -0.0338898
vt -0.518123 1.33424
vt -0.522878 -1.33069
f 924/954/172 922/955/172 576/631/172

v -0.0135315 0.085 -0.0326365
vt -0.532738 1.2849
f 925/956/172 922/955/172 924/954/172

v -0.0148381 0.085 0.0309319
vt -0.584179 -1.21779
f 925/956/172 926/957/172 922/955/172

v -0.0152365 0.085 -0.0298543
vt -0.599863 1.17536
f 927/958/172 926/957/172 925/956/172

v -0.0170843 0.085 0.0285649
vt -0.672612 -1.1246
f 927/958/172 928/959/172 926/957/172

v -0.0176035 0.085 -0.027608
vt -0.693053 1.08693
f 929/960/172 928/959/172 927/958/172

v -0.0198666 0.085 0.0268599
vt -0.782151 -1.05748
f 929/960/172 930/961/172 928/959/172

v -0.0204713 0.085 -0.026051
vt -0.805955 1.02563
f 931/962/172 930/961/172 929/960/172

v -0.0229954 0.085 0.0259331
vt -0.905332 -1.02099
f 931/962/172 932/963/172 930/961/172

v -0.0236442 0.085 -0.0252892
vt -0.930876 0.995639
f 933/964/172 932/963/172 931/962/172

v -0.0249509 0.085 0.0258819
vt -0.982317 -1.01897
f 933/964/172 934/965/172 932/963/172

v -0.0262575 0.085 0.0258477
vt -1.03376 -1.01763
f 933/964/172 935/966/172 934/965/172

v -0.0269063 0.085 -0.0253747
vt -1.0593 0.999002
f 936/967/172 935/966/172 933/964/172

v -0.0294305 0.085 0.0266095
vt -1.15868 -1.04762
f 936/967/172 937/968/172 935/966/172

v -0.0300351 0.085 -0.0263014
vt -1.18248 1.03549
f 938/969/172 937/968/172 936/967/172

v -0.0322982 0.085 0.0281665
f 938/969/172 939/913/172 937/968/172

v -0.0328174 0.085 -0.0280064
vt -1.29202 1.10262
f 940/970/172 939/913/172 938/969/172

v -0.0346652 0.085 0.0304127
f 940/970/172 941/912/172 939/913/172

f 903/902/172 941/912/172 940/970/172

f 903/902/172 904/907/172 941/912/172

vt 1.734 3.34646
vn -0.777146 6.93372e-31 -0.62932
vt 1.86247 3.34646
vt 1.86247 3.74016
vt 1.734 3.74016
f 941/971/351 904/972/340 905/973/340 906/974/351 

vt 1.6857 3.34646
vn -0.587785 5.84729e-31 -0.809017
vt 1.81417 3.34646
vt 1.81417 3.74016
vt 1.6857 3.74016
f 939/975/352 941/976/351 906/977/351 907/978/352 

vt 1.51815 3.34646
vn -0.358368 4.36238e-31 -0.93358
vt 1.64662 3.34646
vt 1.64662 3.74016
v -0.0294305 0.095 0.0266095
vt 1.51815 3.74016
f 937/979/353 939/980/352 907/981/352 942/982/353 

v -0.0313197 0.095 0.0372705
vt -1.23306 -1.46734
f 907/913/341 943/983/341 942/968/341

f 943/983/341 907/913/341 908/914/341

v -0.0313638 0.085 0.0389533
vt -1.56539 3.34646
v -0.0313197 0.085 0.0372705
vt -1.49912 3.34646
vt -1.49912 3.74016
vt -1.56539 3.74016
f 944/984/349 945/985/348 943/986/348 908/987/349 

v -0.0199396 0.085 0.0423372
vt -0.785025 -1.66682
vn -4.76805e-31 1 1.29896e-32
v -0.0190601 0.085 0.040902
vt -0.750398 -1.61031
v -0.0189132 0.085 0.0404061
vt -0.744615 -1.59079
v -0.018582 0.085 0.039288
vt -0.731575 -1.54677
v -0.018538 0.085 0.0376052
vt -0.729841 -1.48052
v -0.0189309 0.085 0.0359684
vt -0.745312 -1.41608
v -0.0197341 0.085 0.0344891
vt -0.776934 -1.35784
v -0.0208929 0.085 0.033268
vt -0.822553 -1.30976
v -0.0223281 0.085 0.0323885
vt -0.87906 -1.27514
v -0.0239421 0.085 0.0319104
vt -0.942604 -1.25632
v -0.0251079 0.085 0.0318799
vt -0.988501 -1.25511
v -0.0256249 0.085 0.0318663
vt -1.00885 -1.25458
v -0.0272617 0.085 0.0322593
vt -1.07329 -1.27005
v -0.028741 0.085 0.0330625
vt -1.13154 -1.30167
v -0.0299621 0.085 0.0342212
vt -1.17961 -1.34729
v -0.0308416 0.085 0.0356565
vt -1.21424 -1.4038
v -0.0309708 0.085 0.0405901
v -0.0301676 0.085 0.0420694
v -0.0290089 0.085 0.0432905
v -0.0275736 0.085 0.04417
v -0.0259596 0.085 0.0446481
v -0.0242768 0.085 0.0446921
vt -0.955781 -1.75953
v -0.02264 0.085 0.0442992
vt -0.891339 -1.74406
v -0.0211607 0.085 0.043496
vt -0.833098 -1.71244
f 946/988/354 947/989/354 948/990/354 949/991/354 950/992/354 951/993/354 952/994/354 953/995/354 954/996/354 955/997/354 956/998/354 957/999/354 958/1000/354 959/1001/354 960/1002/354 961/1003/354 945/983/354 944/914/354 962/915/354 963/916/354 964/917/354 965/918/354 966/919/354 967/1004/354 968/1005/354 969/1006/354 

vt 1.7651 3.34646
vt 1.83137 3.34646
v -0.0199396 0.095 0.0423372
vt 1.83137 3.74016
v -0.0190601 0.095 0.040902
vt 1.7651 3.74016
f 947/1007/340 946/1008/351 970/1009/351 971/1010/340 

vt 1.7168 3.34646
vt 1.78307 3.34646
v -0.0211607 0.095 0.043496
vt 1.78307 3.74016
vt 1.7168 3.74016
f 946/1011/351 969/1012/352 972/1013/352 970/1014/351 

vt 1.54925 3.34646
vt 1.61552 3.34646
v -0.02264 0.095 0.0442992
vt 1.61552 3.74016
vt 1.54925 3.74016
f 969/1015/352 968/1016/353 973/1017/353 972/1018/352 

vt 1.27385 3.34646
vt 1.34013 3.34646
vn -0.104528 2.58017e-31 -0.994522
v -0.0242768 0.095 0.0446921
vt 1.34013 3.74016
vt 1.27385 3.74016
f 968/1019/353 967/1020/355 974/1021/355 973/1022/353 

vt 0.909394 3.34646
vt 0.975667 3.34646
vn 0.156434 6.22137e-32 -0.987688
vt 0.975667 3.74016
vt 0.909394 3.74016
f 967/1023/355 966/1024/356 913/1025/356 974/1026/355 

vt 0.480701 3.34646
vt 0.546974 3.34646
vn 0.406737 -1.3783e-31 -0.913545
vt 0.546974 3.74016
vt 0.480701 3.74016
f 966/1027/356 965/1028/357 912/1029/357 913/1030/356 

vt 0.0169917 3.34646
vt 0.0832643 3.34646
vn 0.62932 -3.2848e-31 -0.777146
vt 0.0832643 3.74016
vt 0.0169917 3.74016
f 965/1031/357 964/1032/358 911/1033/358 912/1034/357 

vt -0.450134 3.34646
vt -0.383862 3.34646
vn 0.809017 -4.96745e-31 -0.587785
vt -0.383862 3.74016
vt -0.450134 3.74016
f 964/1035/358 963/1036/359 910/1037/359 911/1038/358 

vt -0.888842 3.34646
vt -0.82257 3.34646
vt -0.82257 3.74016
vt -0.888842 3.74016
f 963/1039/359 962/1040/350 909/1041/350 910/1042/359 

vt -1.26924 3.34646
vt -1.20296 3.34646
vt -1.20296 3.74016
vt -1.26924 3.74016
f 962/1043/350 944/1044/349 908/1045/349 909/1046/350 

f 913/919/341 914/620/341 974/1004/341

f 974/1004/341 914/620/341 973/1005/341

f 973/1005/341 914/620/341 915/622/341

f 973/1005/341 915/622/341 972/1006/341

f 972/1006/341 915/622/341 970/988/341

f 970/988/341 915/622/341 916/624/341

f 970/988/341 916/624/341 971/989/341

v -0.0189132 0.095 0.0404061
f 971/989/341 916/624/341 975/990/341

v -0.018582 0.095 0.039288
f 975/990/341 916/624/341 976/991/341

v -0.018538 0.095 0.0376052
f 976/991/341 916/624/341 977/992/341

v -0.0170843 0.095 0.0285649
f 978/959/341 977/992/341 916/624/341

v -0.0189309 0.095 0.0359684
f 978/959/341 979/993/341 977/992/341

v -0.0197341 0.095 0.0344891
f 978/959/341 980/994/341 979/993/341

v -0.0198666 0.095 0.0268599
f 981/961/341 980/994/341 978/959/341

v -0.0208929 0.095 0.033268
f 981/961/341 982/995/341 980/994/341

v -0.0223281 0.095 0.0323885
f 981/961/341 983/996/341 982/995/341

v -0.0229954 0.095 0.0259331
f 984/963/341 983/996/341 981/961/341

v -0.0239421 0.095 0.0319104
f 984/963/341 985/997/341 983/996/341

v -0.0249509 0.095 0.0258819
f 986/965/341 985/997/341 984/963/341

v -0.0251079 0.095 0.0318799
f 986/965/341 987/998/341 985/997/341

v -0.0256249 0.095 0.0318663
f 986/965/341 988/999/341 987/998/341

v -0.0262575 0.095 0.0258477
f 989/966/341 988/999/341 986/965/341

v -0.0272617 0.095 0.0322593
f 989/966/341 990/1000/341 988/999/341

v -0.028741 0.095 0.0330625
f 989/966/341 991/1001/341 990/1000/341

f 942/968/341 991/1001/341 989/966/341

v -0.0299621 0.095 0.0342212
f 942/968/341 992/1002/341 991/1001/341

v -0.0308416 0.095 0.0356565
f 942/968/341 993/1003/341 992/1002/341

f 942/968/341 943/983/341 993/1003/341

vt -1.75713 3.34646
vt -1.69085 3.34646
vt -1.69085 3.74016
vt -1.75713 3.74016
f 945/1047/348 961/1048/346 993/1049/346 943/1050/348 

vt -1.83137 3.34646
vt -1.7651 3.34646
vt -1.7651 3.74016
vt -1.83137 3.74016
f 961/1051/346 960/1052/345 992/1053/345 993/1054/346 

vt -1.78307 3.34646
vt -1.7168 3.34646
vt -1.7168 3.74016
vt -1.78307 3.74016
f 960/1055/345 959/1056/344 991/1057/344 992/1058/345 

vt -1.61552 3.34646
vt -1.54925 3.34646
vt -1.54925 3.74016
vt -1.61552 3.74016
f 959/1059/344 958/1060/343 990/1061/343 991/1062/344 

vt -1.34013 3.34646
vt -1.27385 3.34646
vt -1.27385 3.74016
vt -1.34013 3.74016
f 958/1063/343 957/1064/342 988/1065/342 990/1066/343 

vt -0.975667 3.34646
vt -0.955307 3.34646
vn -0.0261769 -1.61497e-31 0.999657
vt -0.955307 3.74016
vt -0.975667 3.74016
f 957/1067/342 956/1068/360 987/1069/360 988/1070/342 

vt -0.909394 3.34646
vt -0.909394 3.74016
f 956/1068/360 955/1071/242 985/1072/242 987/1069/360 

vt -0.546974 3.34646
vt -0.480701 3.34646
vt -0.480701 3.74016
vt -0.546974 3.74016
f 955/1073/242 954/1074/241 983/1075/241 985/1076/242 

vt -0.0832643 3.34646
vt -0.0169917 3.34646
vt -0.0169917 3.74016
vt -0.0832643 3.74016
f 954/1077/241 953/1078/240 982/1079/240 983/1080/241 

vt 0.383862 3.34646
vt 0.450134 3.34646
vt 0.450134 3.74016
vt 0.383862 3.74016
f 953/1081/240 952/1082/239 980/1083/239 982/1084/240 

vt 0.82257 3.34646
vt 0.888842 3.34646
vt 0.888842 3.74016
vt 0.82257 3.74016
f 952/1085/239 951/1086/238 979/1087/238 980/1088/239 

vt 1.20296 3.34646
vt 1.26924 3.34646
vt 1.26924 3.74016
vt 1.20296 3.74016
f 951/1089/238 950/1090/237 977/1091/237 979/1092/238 

vt 1.49912 3.34646
vt 1.56539 3.34646
vt 1.56539 3.74016
vt 1.49912 3.74016
f 950/1093/237 949/1094/236 976/1095/236 977/1096/237 

vt 1.69085 3.34646
vt 1.73677 3.34646
vn -0.95882 7.66296e-31 -0.284015
vt 1.73677 3.74016
vt 1.69085 3.74016
f 949/1097/236 948/1098/361 975/1099/361 976/1100/236 

vt 1.75713 3.34646
vt 1.75713 3.74016
f 948/1098/361 947/1101/340 971/1102/340 975/1099/361 

vt 1.24276 3.34646
vt 1.37123 3.34646
vt 1.37123 3.74016
vt 1.24276 3.74016
f 935/1103/355 937/1104/353 942/1105/353 989/1106/355 

vt 0.955307 3.34646
vn 0.0261769 1.61497e-31 -0.999657
vt 1.00677 3.34646
vt 1.00677 3.74016
vt 0.955307 3.74016
f 934/1107/362 935/1108/355 989/1109/355 986/1110/362 

vt 0.878295 3.34646
vt 0.878295 3.74016
f 932/1111/356 934/1107/362 986/1110/362 984/1112/356 

vt 0.449602 3.34646
vt 0.578073 3.34646
vt 0.578073 3.74016
vt 0.449602 3.74016
f 930/1113/357 932/1114/356 984/1115/356 981/1116/357 

vt -0.0141073 3.34646
vt 0.114363 3.34646
vt 0.114363 3.74016
vt -0.0141073 3.74016
f 928/1117/358 930/1118/357 981/1119/357 978/1120/358 

vt -0.481233 3.34646
vt -0.352763 3.34646
vt -0.352763 3.74016
v -0.0148381 0.095 0.0309319
vt -0.481233 3.74016
f 926/1121/359 928/1122/358 978/1123/358 994/1124/359 

f 978/959/341 917/625/341 994/957/341

f 978/959/341 916/624/341 917/625/341

f 994/957/341 917/625/341 918/627/341

f 994/957/341 918/627/341 923/955/341

f 923/955/341 918/627/341 919/629/341

f 923/955/341 919/629/341 921/631/341

f 921/631/341 919/629/341 920/630/341

vt -0.919941 3.34646
vt -0.791471 3.34646
vt -0.791471 3.74016
vt -0.919941 3.74016
f 922/1125/350 926/1126/359 994/1127/359 923/1128/350 

vt -1.81765 3.34646
vt -1.68918 3.34646
vn -0.62932 6.41013e-31 0.777146
v -0.0328174 0.095 -0.0280064
vt -1.68918 3.74016
vt -1.81765 3.74016
f 903/1129/339 940/1130/363 995/1131/363 902/1132/339 

vt -1.67774 3.34646
vt -1.54927 3.34646
vn -0.406737 3.39823e-31 0.913545
v -0.0300351 0.095 -0.0263014
vt -1.54927 3.74016
vt -1.67774 3.74016
f 940/1133/363 938/1134/364 996/1135/364 995/1136/363 

vt -1.42788 3.34646
vt -1.29941 3.34646
vn -0.156434 1.54748e-32 0.987688
v -0.0269063 0.095 -0.0253747
vt -1.29941 3.74016
vt -1.42788 3.74016
f 938/1137/364 936/1138/365 997/1139/365 996/1140/364 

vt -1.08509 3.34646
vt -0.95662 3.34646
vn 0.104528 -3.09928e-31 0.994522
v -0.0236442 0.095 -0.0252892
vt -0.95662 3.74016
vt -1.08509 3.74016
f 936/1141/365 933/1142/366 998/1143/366 997/1144/365 

vt -0.672728 3.34646
vt -0.544258 3.34646
vn 0.358368 -6.1421e-31 0.93358
v -0.0204713 0.095 -0.026051
vt -0.544258 3.74016
vt -0.672728 3.74016
f 933/1145/366 931/1146/367 999/1147/367 998/1148/366 

vt -0.218899 3.34646
vt -0.090428 3.34646
vn 0.587785 -8.76635e-31 0.809017
v -0.0176035 0.095 -0.027608
vt -0.090428 3.74016
vt -0.218899 3.74016
f 931/1149/367 929/1150/368 1000/1151/368 999/1152/367 

vt 0.245471 3.34646
vt 0.373942 3.34646
vn 0.777146 -1.07932e-30 0.62932
v -0.0152365 0.095 -0.0298543
vt 0.373942 3.74016
vt 0.245471 3.74016
f 929/1153/368 927/1154/369 1001/1155/369 1000/1156/368 

vt 0.688735 3.34646
vt 0.817206 3.34646
vn 0.913545 -1.20845e-30 0.406737
v -0.0135315 0.095 -0.0326365
vt 0.817206 3.74016
vt 0.688735 3.74016
f 927/1157/369 925/1158/370 1002/1159/370 1001/1160/369 

vt 1.08069 3.34646
vt 1.13214 3.34646
vn 0.95882 -1.24247e-30 0.284015
v -0.0131603 0.095 -0.0338898
vt 1.13214 3.74016
vt 1.08069 3.74016
f 925/1161/370 924/1162/371 1003/1163/371 1002/1164/370 

v -0.0126048 0.085 -0.0357653
vt 1.20916 3.34646
vn 0.987688 -1.25522e-30 0.156434
v -0.0126048 0.095 -0.0357653
vt 1.20916 3.74016
f 924/1162/371 1004/1165/372 1005/1166/372 1003/1163/371 

vt -0.49625 1.40808
f 924/954/172 576/631/172 1004/1167/172

f 1004/1167/172 576/631/172 577/632/172

vt 1.39461 3.34646
vt 1.52308 3.34646
vn 0.994522 -1.21646e-30 -0.104528
v -0.0125193 0.095 -0.0390274
vt 1.52308 3.74016
vt 1.39461 3.74016
f 1004/1168/372 577/1169/373 1006/1170/373 1005/1171/372 

vt 1.60912 3.34646
vt 1.73759 3.34646
vn 0.93358 -1.09479e-30 -0.358368
v -0.0132811 0.095 -0.0422004
vt 1.73759 3.74016
vt 1.60912 3.74016
f 577/1172/373 890/1173/374 1007/1174/374 1006/1175/373 

vt 1.70959 3.34646
vt 1.83806 3.34646
vn 0.809017 -8.9852e-31 -0.587785
v -0.0148381 0.095 -0.0450681
vt 1.83806 3.74016
vt 1.70959 3.74016
f 890/1176/374 891/1177/375 1008/1178/375 1007/1179/374 

vt 1.68918 3.34646
vt 1.81765 3.34646
vn 0.62932 -6.41013e-31 -0.777146
v -0.0170843 0.095 -0.0474351
vt 1.81765 3.74016
vt 1.68918 3.74016
f 891/1180/375 892/1181/376 1009/1182/376 1008/1183/375 

vt 1.54927 3.34646
vt 1.67774 3.34646
vn 0.406737 -3.39823e-31 -0.913545
v -0.0198666 0.095 -0.0491401
vt 1.67774 3.74016
vt 1.54927 3.74016
f 892/1184/376 893/1185/377 1010/1186/377 1009/1187/376 

vt 1.29941 3.34646
vt 1.42788 3.34646
vn 0.156434 -1.54748e-32 -0.987688
v -0.0229954 0.095 -0.0500669
vt 1.42788 3.74016
vt 1.29941 3.74016
f 893/1188/377 894/1189/378 1011/1190/378 1010/1191/377 

vt 0.95662 3.34646
vt 1.03363 3.34646
vn 0.0261769 1.48497e-31 -0.999657
v -0.0249509 0.095 -0.0501181
vt 1.03363 3.74016
vt 0.95662 3.74016
f 894/1192/378 895/1193/379 1012/1194/379 1011/1195/378 

vt 1.08509 3.34646
vn -0.104528 3.09928e-31 -0.994522
v -0.0262575 0.095 -0.0501523
vt 1.08509 3.74016
f 895/1193/379 896/1196/380 1013/1197/380 1012/1194/379 

vt 0.544258 3.34646
vt 0.672728 3.34646
vn -0.358368 6.1421e-31 -0.93358
v -0.0294305 0.095 -0.0493905
vt 0.672728 3.74016
vt 0.544258 3.74016
f 896/1198/380 897/1199/381 1014/1200/381 1013/1201/380 

vt 0.090428 3.34646
vt 0.218899 3.34646
vn -0.587785 8.76635e-31 -0.809017
v -0.0322982 0.095 -0.0478335
vt 0.218899 3.74016
vt 0.090428 3.74016
f 897/1202/381 898/1203/382 1015/1204/382 1014/1205/381 

vt -0.373942 3.34646
vt -0.245471 3.34646
vn -0.777146 1.07932e-30 -0.62932
v -0.0346652 0.095 -0.0455873
vt -0.245471 3.74016
vt -0.373942 3.74016
f 898/1206/382 899/1207/383 1016/1208/383 1015/1209/382 

vt -0.817206 3.34646
vt -0.688735 3.34646
vt -0.688735 3.74016
vt -0.817206 3.74016
f 899/1210/383 900/1211/337 901/1212/337 1016/1213/383 

f 901/897/338 902/902/338 1016/896/338

f 1016/896/338 902/902/338 995/970/338

f 1016/896/338 995/970/338 1015/895/338

v -0.0313638 0.095 -0.0370467
vt -1.23479 1.45853
f 1015/895/338 995/970/338 1017/1214/338

f 1017/1214/338 995/970/338 996/969/338

v -0.0309708 0.095 -0.0354099
vt -1.21932 1.39409
f 1017/1214/338 996/969/338 1018/1215/338

v -0.0301676 0.095 -0.0339306
vt -1.1877 1.33585
f 1018/1215/338 996/969/338 1019/1216/338

v -0.0290089 0.095 -0.0327095
vt -1.14208 1.28778
f 1019/1216/338 996/969/338 1020/1217/338

f 1020/1217/338 996/969/338 997/967/338

v -0.0275736 0.095 -0.03183
vt -1.08557 1.25315
f 1020/1217/338 997/967/338 1021/1218/338

v -0.0259596 0.095 -0.0313519
vt -1.02203 1.23433
f 1021/1218/338 997/967/338 1022/1219/338

f 1022/1219/338 997/967/338 998/964/338

v -0.0242768 0.095 -0.0313079
vt -0.955781 1.23259
f 1022/1219/338 998/964/338 1023/1220/338

v -0.02264 0.095 -0.0317008
vt -0.891339 1.24806
f 1023/1220/338 998/964/338 1024/1221/338

f 1024/1221/338 998/964/338 999/962/338

v -0.0211607 0.095 -0.032504
vt -0.833098 1.27969
f 1024/1221/338 999/962/338 1025/1222/338

v -0.0199396 0.095 -0.0336628
vt -0.785025 1.32531
f 1025/1222/338 999/962/338 1026/1223/338

f 1026/1223/338 999/962/338 1000/960/338

v -0.0190601 0.095 -0.035098
vt -0.750398 1.38181
f 1026/1223/338 1000/960/338 1027/1224/338

v -0.0189132 0.095 -0.0355939
vt -0.744615 1.40133
f 1027/1224/338 1000/960/338 1028/1225/338

v -0.018582 0.095 -0.036712
vt -0.731575 1.44536
f 1028/1225/338 1000/960/338 1029/1226/338

v -0.018538 0.095 -0.0383948
vt -0.729841 1.51161
f 1029/1226/338 1000/960/338 1030/1227/338

f 1009/885/338 1030/1227/338 1000/960/338

v -0.0189309 0.095 -0.0400316
vt -0.745312 1.57605
f 1009/885/338 1031/1228/338 1030/1227/338

v -0.0197341 0.095 -0.0415109
vt -0.776934 1.63429
f 1009/885/338 1032/1229/338 1031/1228/338

f 1010/887/338 1032/1229/338 1009/885/338

v -0.0208929 0.095 -0.042732
vt -0.822553 1.68236
f 1010/887/338 1033/1230/338 1032/1229/338

v -0.0223281 0.095 -0.0436115
vt -0.87906 1.71699
f 1010/887/338 1034/1231/338 1033/1230/338

f 1011/889/338 1034/1231/338 1010/887/338

v -0.0239421 0.095 -0.0440896
vt -0.942604 1.73581
f 1011/889/338 1035/1232/338 1034/1231/338

f 1012/890/338 1035/1232/338 1011/889/338

v -0.0251079 0.095 -0.0441201
vt -0.988501 1.73701
f 1012/890/338 1036/1233/338 1035/1232/338

v -0.0256249 0.095 -0.0441337
vt -1.00885 1.73755
f 1012/890/338 1037/1234/338 1036/1233/338

f 1013/891/338 1037/1234/338 1012/890/338

v -0.0272617 0.095 -0.0437407
vt -1.07329 1.72207
f 1013/891/338 1038/1235/338 1037/1234/338

v -0.028741 0.095 -0.0429375
vt -1.13154 1.69045
f 1013/891/338 1039/1236/338 1038/1235/338

f 1014/893/338 1039/1236/338 1013/891/338

v -0.0299621 0.095 -0.0417788
vt -1.17961 1.64483
f 1014/893/338 1040/1237/338 1039/1236/338

v -0.0308416 0.095 -0.0403435
vt -1.21424 1.58833
f 1014/893/338 1041/1238/338 1040/1237/338

v -0.0313197 0.095 -0.0387295
vt -1.23306 1.52478
f 1014/893/338 1042/1239/338 1041/1238/338

f 1015/895/338 1042/1239/338 1014/893/338

f 1042/1239/338 1015/895/338 1017/1214/338

v -0.0313638 0.085 -0.0370467
vt 1.42571 3.34646
v -0.0313197 0.085 -0.0387295
vt 1.49198 3.34646
vt 1.49198 3.74016
vt 1.42571 3.74016
f 1043/1240/373 1044/1241/372 1042/1242/372 1017/1243/373 

v -0.0272617 0.085 -0.0437407
vn 3.24739e-33 1 -1.17091e-31
v -0.028741 0.085 -0.0429375
v -0.0299621 0.085 -0.0417788
v -0.0308416 0.085 -0.0403435
v -0.0309708 0.085 -0.0354099
v -0.0301676 0.085 -0.0339306
v -0.0290089 0.085 -0.0327095
v -0.0275736 0.085 -0.03183
v -0.0259596 0.085 -0.0313519
v -0.0242768 0.085 -0.0313079
v -0.02264 0.085 -0.0317008
v -0.0211607 0.085 -0.032504
v -0.0199396 0.085 -0.0336628
v -0.0190601 0.085 -0.035098
v -0.0189132 0.085 -0.0355939
v -0.018582 0.085 -0.036712
v -0.018538 0.085 -0.0383948
v -0.0189309 0.085 -0.0400316
v -0.0197341 0.085 -0.0415109
v -0.0208929 0.085 -0.042732
v -0.0223281 0.085 -0.0436115
v -0.0239421 0.085 -0.0440896
v -0.0251079 0.085 -0.0441201
v -0.0256249 0.085 -0.0441337
f 1045/1235/384 1046/1236/384 1047/1237/384 1048/1238/384 1044/1239/384 1043/1214/384 1049/1215/384 1050/1216/384 1051/1217/384 1052/1218/384 1053/1219/384 1054/1220/384 1055/1221/384 1056/1222/384 1057/1223/384 1058/1224/384 1059/1225/384 1060/1226/384 1061/1227/384 1062/1228/384 1063/1229/384 1064/1230/384 1065/1231/384 1066/1232/384 1067/1233/384 1068/1234/384 

vt -0.1878 3.34646
vt -0.121527 3.34646
vt -0.121527 3.74016
vt -0.1878 3.74016
f 1046/1244/368 1045/1245/367 1038/1246/367 1039/1247/368 

vt -0.641629 3.34646
vt -0.575357 3.34646
vt -0.575357 3.74016
vt -0.641629 3.74016
f 1045/1248/367 1068/1249/366 1037/1250/366 1038/1251/367 

vt -1.05399 3.34646
vt -1.03363 3.34646
vn -0.0261769 -1.48497e-31 0.999657
vt -1.03363 3.74016
vt -1.05399 3.74016
f 1068/1252/366 1067/1253/385 1036/1254/385 1037/1255/366 

vt -0.987719 3.34646
vt -0.987719 3.74016
f 1067/1253/385 1066/1256/365 1035/1257/365 1036/1254/385 

vt -1.39678 3.34646
vt -1.33051 3.34646
vt -1.33051 3.74016
vt -1.39678 3.74016
f 1066/1258/365 1065/1259/364 1034/1260/364 1035/1261/365 

vt -1.64665 3.34646
vt -1.58037 3.34646
vt -1.58037 3.74016
vt -1.64665 3.74016
f 1065/1262/364 1064/1263/363 1033/1264/363 1034/1265/364 

vt -1.78655 3.34646
vt -1.72028 3.34646
vt -1.72028 3.74016
vt -1.78655 3.74016
f 1064/1266/363 1063/1267/339 1032/1268/339 1033/1269/363 

vt -1.80696 3.34646
vt -1.74069 3.34646
vt -1.74069 3.74016
vt -1.80696 3.74016
f 1063/1270/339 1062/1271/235 1031/1272/235 1032/1273/339 

vt -1.70649 3.34646
vt -1.64022 3.34646
vt -1.64022 3.74016
vt -1.70649 3.74016
f 1062/1274/235 1061/1275/234 1030/1276/234 1031/1277/235 

vt -1.49198 3.34646
vt -1.42571 3.34646
vt -1.42571 3.74016
vt -1.49198 3.74016
f 1061/1278/234 1060/1279/233 1029/1280/233 1030/1281/234 

vt -1.17806 3.34646
vt -1.13214 3.34646
vn -0.95882 1.24247e-30 -0.284015
vt -1.13214 3.74016
vt -1.17806 3.74016
f 1060/1282/233 1059/1283/386 1028/1284/386 1029/1285/233 

vt -1.11178 3.34646
vt -1.11178 3.74016
f 1059/1283/386 1058/1286/337 1027/1287/337 1028/1284/386 

vt -0.786107 3.34646
vt -0.719834 3.34646
vt -0.719834 3.74016
vt -0.786107 3.74016
f 1058/1288/337 1057/1289/383 1026/1290/383 1027/1291/337 

vt -0.342843 3.34646
vt -0.27657 3.34646
vt -0.27657 3.74016
vt -0.342843 3.74016
f 1057/1292/383 1056/1293/382 1025/1294/382 1026/1295/383 

vt 0.121527 3.34646
vt 0.1878 3.34646
vt 0.1878 3.74016
vt 0.121527 3.74016
f 1056/1296/382 1055/1297/381 1024/1298/381 1025/1299/382 

vt 0.575357 3.34646
vt 0.641629 3.34646
vt 0.641629 3.74016
vt 0.575357 3.74016
f 1055/1300/381 1054/1301/380 1023/1302/380 1024/1303/381 

vt 0.987719 3.34646
vt 1.05399 3.34646
vt 1.05399 3.74016
vt 0.987719 3.74016
f 1054/1304/380 1053/1305/378 1022/1306/378 1023/1307/380 

vt 1.33051 3.34646
vt 1.39678 3.34646
vt 1.39678 3.74016
vt 1.33051 3.74016
f 1053/1308/378 1052/1309/377 1021/1310/377 1022/1311/378 

vt 1.58037 3.34646
vt 1.64665 3.34646
vt 1.64665 3.74016
vt 1.58037 3.74016
f 1052/1312/377 1051/1313/376 1020/1314/376 1021/1315/377 

vt 1.72028 3.34646
vt 1.78655 3.34646
vt 1.78655 3.74016
vt 1.72028 3.74016
f 1051/1316/376 1050/1317/375 1019/1318/375 1020/1319/376 

vt 1.74069 3.34646
vt 1.80696 3.34646
vt 1.80696 3.74016
vt 1.74069 3.74016
f 1050/1320/375 1049/1321/374 1018/1322/374 1019/1323/375 

vt 1.64022 3.34646
vt 1.70649 3.34646
vt 1.70649 3.74016
vt 1.64022 3.74016
f 1049/1324/374 1043/1325/373 1017/1326/373 1018/1327/374 

vt 0.27657 3.34646
vt 0.342843 3.34646
vt 0.342843 3.74016
vt 0.27657 3.74016
f 1047/1328/369 1046/1329/368 1039/1330/368 1040/1331/369 

vt 0.719834 3.34646
vt 0.786107 3.34646
vt 0.786107 3.74016
vt 0.719834 3.74016
f 1048/1332/370 1047/1333/369 1040/1334/369 1041/1335/370 

vt 1.11178 3.34646
vt 1.17806 3.34646
vt 1.17806 3.74016
vt 1.11178 3.74016
f 1044/1336/372 1048/1337/370 1041/1338/370 1042/1339/372 

f 1009/885/338 1000/960/338 1001/958/338

f 1009/885/338 1001/958/338 1008/884/338

f 1008/884/338 1001/958/338 1002/956/338

f 1008/884/338 1002/956/338 1007/882/338

f 1007/882/338 1002/956/338 1003/954/338

f 1007/882/338 1003/954/338 1006/632/338

f 1006/632/338 1003/954/338 1005/1167/338

